Mod:Item:MetaData, Localized Name
minecraft:air, Air
minecraft:stone:0, Stone
minecraft:stone:1, Granite
minecraft:stone:2, Polished Granite
minecraft:stone:3, Diorite
minecraft:stone:4, Polished Diorite
minecraft:stone:5, Andesite
minecraft:stone:6, Polished Andesite
minecraft:grass, Grass Block
minecraft:dirt:0, Dirt
minecraft:dirt:1, Coarse Dirt
minecraft:dirt:2, Podzol
minecraft:cobblestone, Cobblestone
minecraft:planks:0, Oak Wood Planks
minecraft:planks:1, Spruce Wood Planks
minecraft:planks:2, Birch Wood Planks
minecraft:planks:3, Jungle Wood Planks
minecraft:planks:4, Acacia Wood Planks
minecraft:planks:5, Dark Oak Wood Planks
minecraft:sapling:0, Oak Sapling
minecraft:sapling:1, Spruce Sapling
minecraft:sapling:2, Birch Sapling
minecraft:sapling:3, Jungle Sapling
minecraft:sapling:4, Acacia Sapling
minecraft:sapling:5, Dark Oak Sapling
minecraft:bedrock, Bedrock
minecraft:sand:0, Sand
minecraft:sand:1, Red Sand
minecraft:gravel, Gravel
minecraft:gold_ore, Gold Ore
minecraft:iron_ore, Iron Ore
minecraft:coal_ore, Coal Ore
minecraft:log:0, Oak Wood
minecraft:log:1, Spruce Wood
minecraft:log:2, Birch Wood
minecraft:log:3, Jungle Wood
minecraft:leaves:0, Oak Leaves
minecraft:leaves:1, Spruce Leaves
minecraft:leaves:2, Birch Leaves
minecraft:leaves:3, Jungle Leaves
minecraft:sponge:0, Sponge
minecraft:sponge:1, Wet Sponge
minecraft:glass, Glass
minecraft:lapis_ore, Lapis Lazuli Ore
minecraft:lapis_block, Lapis Lazuli Block
minecraft:dispenser, Dispenser
minecraft:sandstone:0, Sandstone
minecraft:sandstone:1, Chiseled Sandstone
minecraft:sandstone:2, Cut Sandstone
minecraft:noteblock, Note Block
minecraft:golden_rail, Powered Rail
minecraft:detector_rail, Detector Rail
minecraft:sticky_piston, Sticky Piston
minecraft:web, Cobweb
minecraft:tallgrass:1, Grass
minecraft:tallgrass:2, Fern
minecraft:deadbush, Dead Bush
minecraft:piston, Piston
minecraft:wool:0, White Wool
minecraft:wool:1, Orange Wool
minecraft:wool:2, Magenta Wool
minecraft:wool:3, Light Blue Wool
minecraft:wool:4, Yellow Wool
minecraft:wool:5, Lime Wool
minecraft:wool:6, Pink Wool
minecraft:wool:7, Gray Wool
minecraft:wool:8, Light Gray Wool
minecraft:wool:9, Cyan Wool
minecraft:wool:10, Purple Wool
minecraft:wool:11, Blue Wool
minecraft:wool:12, Brown Wool
minecraft:wool:13, Green Wool
minecraft:wool:14, Red Wool
minecraft:wool:15, Black Wool
minecraft:yellow_flower:0, Dandelion
minecraft:red_flower:0, Poppy
minecraft:red_flower:1, Blue Orchid
minecraft:red_flower:2, Allium
minecraft:red_flower:3, Azure Bluet
minecraft:red_flower:4, Red Tulip
minecraft:red_flower:5, Orange Tulip
minecraft:red_flower:6, White Tulip
minecraft:red_flower:7, Pink Tulip
minecraft:red_flower:8, Oxeye Daisy
minecraft:brown_mushroom, Mushroom
minecraft:red_mushroom, Mushroom
minecraft:gold_block, Block of Gold
minecraft:iron_block, Block of Iron
minecraft:stone_slab:0, Stone Slab
minecraft:stone_slab:1, Sandstone Slab
minecraft:stone_slab:3, Cobblestone Slab
minecraft:stone_slab:4, Bricks Slab
minecraft:stone_slab:5, Stone Bricks Slab
minecraft:stone_slab:6, Nether Brick Slab
minecraft:stone_slab:7, Quartz Slab
minecraft:brick_block, Bricks
minecraft:tnt, TNT
minecraft:bookshelf, Oak Bookshelf
minecraft:mossy_cobblestone, Moss Stone
minecraft:obsidian, Obsidian
minecraft:torch, Carpenter's Torch
minecraft:mob_spawner, Monster Spawner
minecraft:oak_stairs, Oak Wood Stairs
minecraft:chest, Oak Chest
minecraft:diamond_ore, Diamond Ore
minecraft:diamond_block, Block of Diamond
minecraft:crafting_table, Crafting Table
minecraft:farmland, Farmland
minecraft:furnace, Furnace
minecraft:ladder, Ladder
minecraft:rail, Rail
minecraft:stone_stairs, Cobblestone Stairs
minecraft:lever, Carpenter's Lever
minecraft:stone_pressure_plate, Stone Pressure Plate
minecraft:wooden_pressure_plate, Oak Pressure Plate
minecraft:redstone_ore, Redstone Ore
minecraft:redstone_torch, Redstone Torch
minecraft:stone_button, Carpenter's Button
minecraft:snow_layer, Snow
minecraft:ice, Ice
minecraft:snow, Snow
minecraft:cactus, Cactus
minecraft:clay, Clay
minecraft:jukebox, Jukebox
minecraft:fence, Oak Fence
minecraft:pumpkin, Pumpkin
minecraft:netherrack, Netherrack
minecraft:soul_sand, Soul Sand
minecraft:glowstone, Glowstone
minecraft:lit_pumpkin, Jack o'Lantern
minecraft:stained_glass:0, White Stained Glass
minecraft:stained_glass:1, Orange Stained Glass
minecraft:stained_glass:2, Magenta Stained Glass
minecraft:stained_glass:3, Light Blue Stained Glass
minecraft:stained_glass:4, Yellow Stained Glass
minecraft:stained_glass:5, Lime Stained Glass
minecraft:stained_glass:6, Pink Stained Glass
minecraft:stained_glass:7, Gray Stained Glass
minecraft:stained_glass:8, Light Gray Stained Glass
minecraft:stained_glass:9, Cyan Stained Glass
minecraft:stained_glass:10, Purple Stained Glass
minecraft:stained_glass:11, Blue Stained Glass
minecraft:stained_glass:12, Brown Stained Glass
minecraft:stained_glass:13, Green Stained Glass
minecraft:stained_glass:14, Red Stained Glass
minecraft:stained_glass:15, Black Stained Glass
minecraft:trapdoor, Oak Trapdoor
minecraft:monster_egg:0, Stone Monster Egg
minecraft:monster_egg:1, Cobblestone Monster Egg
minecraft:monster_egg:2, Stone Brick Monster Egg
minecraft:monster_egg:3, Mossy Stone Brick Monster Egg
minecraft:monster_egg:4, Cracked Stone Brick Monster Egg
minecraft:monster_egg:5, Chiseled Stone Brick Monster Egg
minecraft:stonebrick:0, Stone Bricks
minecraft:stonebrick:1, Mossy Stone Bricks
minecraft:stonebrick:2, Cracked Stone Bricks
minecraft:stonebrick:3, Chiseled Stone Bricks
minecraft:brown_mushroom_block, Mushroom
minecraft:red_mushroom_block, Mushroom
minecraft:iron_bars, Iron Bars
minecraft:glass_pane, Glass Pane
minecraft:melon_block, Melon
minecraft:vine, Vines
minecraft:fence_gate, Oak Fence Gate
minecraft:brick_stairs, Brick Stairs
minecraft:stone_brick_stairs, Stone Brick Stairs
minecraft:mycelium, Mycelium
minecraft:waterlily, Lily Pad
minecraft:nether_brick, Nether Brick
minecraft:nether_brick_fence, Nether Brick Fence
minecraft:nether_brick_stairs, Nether Brick Stairs
minecraft:enchanting_table, Enchantment Table
minecraft:end_portal_frame, End Portal
minecraft:end_stone, End Stone
minecraft:dragon_egg, Dragon Egg
minecraft:redstone_lamp, Redstone Lamp
minecraft:wooden_slab:0, Oak Wood Slab
minecraft:wooden_slab:1, Spruce Wood Slab
minecraft:wooden_slab:2, Birch Wood Slab
minecraft:wooden_slab:3, Jungle Wood Slab
minecraft:wooden_slab:4, Acacia Wood Slab
minecraft:wooden_slab:5, Dark Oak Wood Slab
minecraft:sandstone_stairs, Sandstone Stairs
minecraft:emerald_ore, Emerald Ore
minecraft:ender_chest, Ender Chest
minecraft:tripwire_hook, Tripwire Hook
minecraft:emerald_block, Block of Emerald
minecraft:spruce_stairs, Spruce Wood Stairs
minecraft:birch_stairs, Birch Wood Stairs
minecraft:jungle_stairs, Jungle Wood Stairs
minecraft:command_block, Command Block
minecraft:beacon, Beacon
minecraft:cobblestone_wall:0, Cobblestone Wall
minecraft:cobblestone_wall:1, Mossy Cobblestone Wall
minecraft:wooden_button, Oak Button
minecraft:anvil:0, Anvil
minecraft:anvil:1, Slightly Damaged Anvil
minecraft:anvil:2, Very Damaged Anvil
minecraft:trapped_chest, Oak Trapped Chest
minecraft:light_weighted_pressure_plate, Weighted Pressure Plate (Light)
minecraft:heavy_weighted_pressure_plate, Weighted Pressure Plate (Heavy)
minecraft:daylight_detector, Daylight Sensor
minecraft:redstone_block, Block of Redstone
minecraft:quartz_ore, Nether Quartz Ore
minecraft:hopper, Hopper
minecraft:quartz_block:0, Block of Quartz
minecraft:quartz_block:1, Chiseled Quartz Block
minecraft:quartz_block:2, Pillar Quartz Block
minecraft:quartz_stairs, Quartz Stairs
minecraft:activator_rail, Activator Rail
minecraft:dropper, Dropper
minecraft:stained_hardened_clay:0, White Terracotta
minecraft:stained_hardened_clay:1, Orange Terracotta
minecraft:stained_hardened_clay:2, Magenta Terracotta
minecraft:stained_hardened_clay:3, Light Blue Terracotta
minecraft:stained_hardened_clay:4, Yellow Terracotta
minecraft:stained_hardened_clay:5, Lime Terracotta
minecraft:stained_hardened_clay:6, Pink Terracotta
minecraft:stained_hardened_clay:7, Gray Terracotta
minecraft:stained_hardened_clay:8, Light Gray Terracotta
minecraft:stained_hardened_clay:9, Cyan Terracotta
minecraft:stained_hardened_clay:10, Purple Terracotta
minecraft:stained_hardened_clay:11, Blue Terracotta
minecraft:stained_hardened_clay:12, Brown Terracotta
minecraft:stained_hardened_clay:13, Green Terracotta
minecraft:stained_hardened_clay:14, Red Terracotta
minecraft:stained_hardened_clay:15, Black Terracotta
minecraft:stained_glass_pane:0, White Stained Glass Pane
minecraft:stained_glass_pane:1, Orange Stained Glass Pane
minecraft:stained_glass_pane:2, Magenta Stained Glass Pane
minecraft:stained_glass_pane:3, Light Blue Stained Glass Pane
minecraft:stained_glass_pane:4, Yellow Stained Glass Pane
minecraft:stained_glass_pane:5, Lime Stained Glass Pane
minecraft:stained_glass_pane:6, Pink Stained Glass Pane
minecraft:stained_glass_pane:7, Gray Stained Glass Pane
minecraft:stained_glass_pane:8, Light Gray Stained Glass Pane
minecraft:stained_glass_pane:9, Cyan Stained Glass Pane
minecraft:stained_glass_pane:10, Purple Stained Glass Pane
minecraft:stained_glass_pane:11, Blue Stained Glass Pane
minecraft:stained_glass_pane:12, Brown Stained Glass Pane
minecraft:stained_glass_pane:13, Green Stained Glass Pane
minecraft:stained_glass_pane:14, Red Stained Glass Pane
minecraft:stained_glass_pane:15, Black Stained Glass Pane
minecraft:leaves2:0, Acacia Leaves
minecraft:leaves2:1, Dark Oak Leaves
minecraft:log2:0, Acacia Wood
minecraft:log2:1, Dark Oak Wood
minecraft:acacia_stairs, Acacia Wood Stairs
minecraft:dark_oak_stairs, Dark Oak Wood Stairs
minecraft:slime, Green Slime Block
minecraft:barrier, Warding Aura
minecraft:iron_trapdoor, Iron Trapdoor
minecraft:prismarine:0, Prismarine
minecraft:prismarine:1, Prismarine Bricks
minecraft:prismarine:2, Dark Prismarine
minecraft:sea_lantern, Sea Lantern
minecraft:hay_block, Hay Bale
minecraft:carpet:0, White Carpet
minecraft:carpet:1, Orange Carpet
minecraft:carpet:2, Magenta Carpet
minecraft:carpet:3, Light Blue Carpet
minecraft:carpet:4, Yellow Carpet
minecraft:carpet:5, Lime Carpet
minecraft:carpet:6, Pink Carpet
minecraft:carpet:7, Gray Carpet
minecraft:carpet:8, Light Gray Carpet
minecraft:carpet:9, Cyan Carpet
minecraft:carpet:10, Purple Carpet
minecraft:carpet:11, Blue Carpet
minecraft:carpet:12, Brown Carpet
minecraft:carpet:13, Green Carpet
minecraft:carpet:14, Red Carpet
minecraft:carpet:15, Black Carpet
minecraft:hardened_clay, Terracotta
minecraft:coal_block, Block of Coal
minecraft:packed_ice, Packed Ice
minecraft:double_plant:0, Sunflower
minecraft:double_plant:1, Lilac
minecraft:double_plant:2, Double Tallgrass
minecraft:double_plant:3, Large Fern
minecraft:double_plant:4, Rose Bush
minecraft:double_plant:5, Peony
minecraft:red_sandstone:0, Red Sandstone
minecraft:red_sandstone:1, Chiseled Red Sandstone
minecraft:red_sandstone:2, Cut Red Sandstone
minecraft:red_sandstone_stairs, Red Sandstone Stairs
minecraft:stone_slab2:0, Red Sandstone Slab
minecraft:spruce_fence_gate, Spruce Fence Gate
minecraft:birch_fence_gate, Birch Fence Gate
minecraft:jungle_fence_gate, Jungle Fence Gate
minecraft:dark_oak_fence_gate, Dark Oak Fence Gate
minecraft:acacia_fence_gate, Acacia Fence Gate
minecraft:spruce_fence, Spruce Fence
minecraft:birch_fence, Birch Fence
minecraft:jungle_fence, Jungle Fence
minecraft:dark_oak_fence, Dark Oak Fence
minecraft:acacia_fence, Acacia Fence
minecraft:end_rod, End Rod
minecraft:chorus_plant, Chorus Plant
minecraft:chorus_flower, Chorus Flower
minecraft:purpur_block, Purpur Block
minecraft:purpur_pillar, Purpur Pillar
minecraft:purpur_stairs, Purpur Stairs
minecraft:purpur_slab:0, Purpur Slab
minecraft:end_bricks, End Stone Bricks
minecraft:grass_path, Grass Path
minecraft:repeating_command_block, Repeating Command Block
minecraft:chain_command_block, Chain Command Block
minecraft:magma, Magma Block
minecraft:nether_wart_block, Nether Wart Block
minecraft:red_nether_brick, Red Nether Brick
minecraft:bone_block, Bone Block
minecraft:structure_void, Structure Void
minecraft:observer, Observer
minecraft:white_shulker_box, White Shulker Box
minecraft:orange_shulker_box, Orange Shulker Box
minecraft:magenta_shulker_box, Magenta Shulker Box
minecraft:light_blue_shulker_box, Light Blue Shulker Box
minecraft:yellow_shulker_box, Yellow Shulker Box
minecraft:lime_shulker_box, Lime Shulker Box
minecraft:pink_shulker_box, Pink Shulker Box
minecraft:gray_shulker_box, Gray Shulker Box
minecraft:silver_shulker_box, Light Gray Shulker Box
minecraft:cyan_shulker_box, Cyan Shulker Box
minecraft:purple_shulker_box, Purple Shulker Box
minecraft:blue_shulker_box, Blue Shulker Box
minecraft:brown_shulker_box, Brown Shulker Box
minecraft:green_shulker_box, Green Shulker Box
minecraft:red_shulker_box, Red Shulker Box
minecraft:black_shulker_box, Black Shulker Box
minecraft:white_glazed_terracotta, White Glazed Terracotta
minecraft:orange_glazed_terracotta, Orange Glazed Terracotta
minecraft:magenta_glazed_terracotta, Magenta Glazed Terracotta
minecraft:light_blue_glazed_terracotta, Light Blue Glazed Terracotta
minecraft:yellow_glazed_terracotta, Yellow Glazed Terracotta
minecraft:lime_glazed_terracotta, Lime Glazed Terracotta
minecraft:pink_glazed_terracotta, Pink Glazed Terracotta
minecraft:gray_glazed_terracotta, Gray Glazed Terracotta
minecraft:silver_glazed_terracotta, Light Gray Glazed Terracotta
minecraft:cyan_glazed_terracotta, Cyan Glazed Terracotta
minecraft:purple_glazed_terracotta, Purple Glazed Terracotta
minecraft:blue_glazed_terracotta, Blue Glazed Terracotta
minecraft:brown_glazed_terracotta, Brown Glazed Terracotta
minecraft:green_glazed_terracotta, Green Glazed Terracotta
minecraft:red_glazed_terracotta, Red Glazed Terracotta
minecraft:black_glazed_terracotta, Black Glazed Terracotta
minecraft:concrete:0, White Concrete
minecraft:concrete:1, Orange Concrete
minecraft:concrete:2, Magenta Concrete
minecraft:concrete:3, Light Blue Concrete
minecraft:concrete:4, Yellow Concrete
minecraft:concrete:5, Lime Concrete
minecraft:concrete:6, Pink Concrete
minecraft:concrete:7, Gray Concrete
minecraft:concrete:8, Light Gray Concrete
minecraft:concrete:9, Cyan Concrete
minecraft:concrete:10, Purple Concrete
minecraft:concrete:11, Blue Concrete
minecraft:concrete:12, Brown Concrete
minecraft:concrete:13, Green Concrete
minecraft:concrete:14, Red Concrete
minecraft:concrete:15, Black Concrete
minecraft:concrete_powder:0, White Concrete Powder
minecraft:concrete_powder:1, Orange Concrete Powder
minecraft:concrete_powder:2, Magenta Concrete Powder
minecraft:concrete_powder:3, Light Blue Concrete Powder
minecraft:concrete_powder:4, Yellow Concrete Powder
minecraft:concrete_powder:5, Lime Concrete Powder
minecraft:concrete_powder:6, Pink Concrete Powder
minecraft:concrete_powder:7, Gray Concrete Powder
minecraft:concrete_powder:8, Light Gray Concrete Powder
minecraft:concrete_powder:9, Cyan Concrete Powder
minecraft:concrete_powder:10, Purple Concrete Powder
minecraft:concrete_powder:11, Blue Concrete Powder
minecraft:concrete_powder:12, Brown Concrete Powder
minecraft:concrete_powder:13, Green Concrete Powder
minecraft:concrete_powder:14, Red Concrete Powder
minecraft:concrete_powder:15, Black Concrete Powder
minecraft:structure_block, Structure Block
minecraft:iron_shovel, Iron Shovel
minecraft:iron_pickaxe, Iron Pickaxe
minecraft:iron_axe, Iron Axe
minecraft:flint_and_steel, Flint and Steel
minecraft:apple, Apple
minecraft:bow, Bow
minecraft:arrow, Arrow
minecraft:coal:0, Coal
minecraft:coal:1, Charcoal
minecraft:diamond, Diamond
minecraft:iron_ingot, Iron Ingot
minecraft:gold_ingot, Gold Ingot
minecraft:iron_sword, Iron Sword
minecraft:wooden_sword, Wooden Sword
minecraft:wooden_shovel, Wooden Shovel
minecraft:wooden_pickaxe, Wooden Pickaxe
minecraft:wooden_axe, Wooden Axe
minecraft:stone_sword, Stone Sword
minecraft:stone_shovel, Stone Shovel
minecraft:stone_pickaxe, Stone Pickaxe
minecraft:stone_axe, Stone Axe
minecraft:diamond_sword, Diamond Sword
minecraft:diamond_shovel, Diamond Shovel
minecraft:diamond_pickaxe, Diamond Pickaxe
minecraft:diamond_axe, Diamond Axe
minecraft:stick, Stick
minecraft:bowl, Bowl
minecraft:mushroom_stew, Mushroom Stew
minecraft:golden_sword, Golden Sword
minecraft:golden_shovel, Golden Shovel
minecraft:golden_pickaxe, Golden Pickaxe
minecraft:golden_axe, Golden Axe
minecraft:string, String
minecraft:feather, Feather
minecraft:gunpowder, Gunpowder
minecraft:wooden_hoe, Wooden Hoe
minecraft:stone_hoe, Stone Hoe
minecraft:iron_hoe, Iron Hoe
minecraft:diamond_hoe, Diamond Hoe
minecraft:golden_hoe, Golden Hoe
minecraft:wheat_seeds, Seeds
minecraft:wheat, Wheat
minecraft:bread, Bread
minecraft:leather_helmet, Leather Cap
minecraft:leather_chestplate, Leather Tunic
minecraft:leather_leggings, Leather Pants
minecraft:leather_boots, Leather Boots
minecraft:chainmail_helmet, Chain Helmet
minecraft:chainmail_chestplate, Chain Chestplate
minecraft:chainmail_leggings, Chain Leggings
minecraft:chainmail_boots, Chain Boots
minecraft:iron_helmet, Iron Helmet
minecraft:iron_chestplate, Iron Chestplate
minecraft:iron_leggings, Iron Leggings
minecraft:iron_boots, Iron Boots
minecraft:diamond_helmet, Diamond Helmet
minecraft:diamond_chestplate, Diamond Chestplate
minecraft:diamond_leggings, Diamond Leggings
minecraft:diamond_boots, Diamond Boots
minecraft:golden_helmet, Golden Helmet
minecraft:golden_chestplate, Golden Chestplate
minecraft:golden_leggings, Golden Leggings
minecraft:golden_boots, Golden Boots
minecraft:flint, Flint
minecraft:porkchop, Raw Porkchop
minecraft:cooked_porkchop, Cooked Porkchop
minecraft:painting, Painting
minecraft:golden_apple:0, Golden Apple
minecraft:golden_apple:1, Golden Apple
minecraft:sign, Sign
minecraft:wooden_door, Oak Door
minecraft:bucket, Bucket
minecraft:water_bucket, Water Bucket
minecraft:lava_bucket, Lava Bucket
minecraft:minecart, Minecart
minecraft:saddle, Saddle
minecraft:iron_door, Iron Door
minecraft:redstone, Redstone
minecraft:snowball, Snowball
minecraft:boat, Oak Boat
minecraft:leather, Leather
minecraft:milk_bucket, Milk
minecraft:brick, Brick
minecraft:clay_ball, Clay
minecraft:reeds, Sugar Canes
minecraft:paper, Paper
minecraft:book, Book
minecraft:slime_ball, Slimeball
minecraft:chest_minecart, Minecart with Chest
minecraft:furnace_minecart, Minecart with Furnace
minecraft:egg, Egg
minecraft:compass, Compass
minecraft:fishing_rod, Wooden Fishing Rod
minecraft:clock, Clock
minecraft:glowstone_dust, Glowstone Dust
minecraft:fish:0, Raw Fish
minecraft:fish:1, Raw Salmon
minecraft:fish:2, Clownfish
minecraft:fish:3, Pufferfish
minecraft:cooked_fish:0, Cooked Fish
minecraft:cooked_fish:1, Cooked Salmon
minecraft:dye:0, Ink Sac
minecraft:dye:1, Rose Red
minecraft:dye:2, Cactus Green
minecraft:dye:3, Cocoa Beans
minecraft:dye:4, Lapis Lazuli
minecraft:dye:5, Purple Dye
minecraft:dye:6, Cyan Dye
minecraft:dye:7, Light Gray Dye
minecraft:dye:8, Gray Dye
minecraft:dye:9, Pink Dye
minecraft:dye:10, Lime Dye
minecraft:dye:11, Dandelion Yellow
minecraft:dye:12, Light Blue Dye
minecraft:dye:13, Magenta Dye
minecraft:dye:14, Orange Dye
minecraft:dye:15, Bone Meal
minecraft:bone, Bone
minecraft:sugar, Sugar
minecraft:cake, Cake
minecraft:bed:0, White Bed
minecraft:bed:1, Orange Bed
minecraft:bed:2, Magenta Bed
minecraft:bed:3, Light Blue Bed
minecraft:bed:4, Yellow Bed
minecraft:bed:5, Lime Bed
minecraft:bed:6, Pink Bed
minecraft:bed:7, Gray Bed
minecraft:bed:8, Light Gray Bed
minecraft:bed:9, Cyan Bed
minecraft:bed:10, Purple Bed
minecraft:bed:11, Blue Bed
minecraft:bed:12, Brown Bed
minecraft:bed:13, Green Bed
minecraft:bed:14, Red Bed
minecraft:bed:15, Black Bed
minecraft:repeater, Redstone Repeater
minecraft:cookie, Cookie
minecraft:filled_map:0, Map
minecraft:shears, Shears
minecraft:melon, Melon
minecraft:pumpkin_seeds, Pumpkin Seeds
minecraft:melon_seeds, Melon Seeds
minecraft:beef, Raw Beef
minecraft:cooked_beef, Steak
minecraft:chicken, Raw Chicken
minecraft:cooked_chicken, Cooked Chicken
minecraft:rotten_flesh, Rotten Flesh
minecraft:ender_pearl, Ender Pearl
minecraft:blaze_rod, Blaze Rod
minecraft:ghast_tear, Ghast Tear
minecraft:gold_nugget, Gold Nugget
minecraft:nether_wart, Nether Wart
minecraft:potion, Potion
minecraft:glass_bottle, Glass Bottle
minecraft:spider_eye, Spider Eye
minecraft:fermented_spider_eye, Fermented Spider Eye
minecraft:blaze_powder, Blaze Powder
minecraft:magma_cream, Magma Cream
minecraft:brewing_stand, Brewing Stand
minecraft:cauldron, Cauldron
minecraft:ender_eye, Eye of Ender
minecraft:speckled_melon, Glistering Melon
minecraft:spawn_egg, Spawn
minecraft:experience_bottle, Bottle o' Enchanting
minecraft:fire_charge, Fire Charge
minecraft:writable_book, Book and Quill
minecraft:written_book, Written Book
minecraft:emerald, Emerald
minecraft:item_frame, Item Frame
minecraft:flower_pot, Flower Pot
minecraft:carrot, Carrot
minecraft:potato, Potato
minecraft:baked_potato, Baked Potato
minecraft:poisonous_potato, Poisonous Potato
minecraft:map, Empty Map
minecraft:golden_carrot, Golden Carrot
minecraft:skull:0, Skeleton Skull
minecraft:skull:1, Wither Skeleton Skull
minecraft:skull:2, Zombie Head
minecraft:skull:3, Head
minecraft:skull:4, Creeper Head
minecraft:skull:5, Dragon Head
minecraft:carrot_on_a_stick, Carrot on a Stick
minecraft:nether_star, Nether Star
minecraft:pumpkin_pie, Pumpkin Pie
minecraft:fireworks, Firework Rocket
minecraft:firework_charge, Firework Star
minecraft:enchanted_book, Enchanted Book
minecraft:comparator, Redstone Comparator
minecraft:netherbrick, Nether Brick
minecraft:quartz, Nether Quartz
minecraft:tnt_minecart, Minecart with TNT
minecraft:hopper_minecart, Minecart with Hopper
minecraft:prismarine_shard, Prismarine Shard
minecraft:prismarine_crystals, Prismarine Crystals
minecraft:rabbit, Raw Rabbit
minecraft:cooked_rabbit, Cooked Rabbit
minecraft:rabbit_stew, Rabbit Stew
minecraft:rabbit_foot, Rabbit's Foot
minecraft:rabbit_hide, Rabbit Hide
minecraft:armor_stand, Armor Stand
minecraft:iron_horse_armor, Iron Horse Armor
minecraft:golden_horse_armor, Gold Horse Armor
minecraft:diamond_horse_armor, Diamond Horse Armor
minecraft:lead, Lead
minecraft:name_tag, Name Tag
minecraft:command_block_minecart, Minecart with Command Block
minecraft:mutton, Raw Mutton
minecraft:cooked_mutton, Cooked Mutton
minecraft:banner:15, White Banner
minecraft:banner:14, Orange Banner
minecraft:banner:13, Magenta Banner
minecraft:banner:12, Light Blue Banner
minecraft:banner:11, Yellow Banner
minecraft:banner:10, Lime Banner
minecraft:banner:9, Pink Banner
minecraft:banner:8, Gray Banner
minecraft:banner:7, Light Gray Banner
minecraft:banner:6, Cyan Banner
minecraft:banner:5, Purple Banner
minecraft:banner:4, Blue Banner
minecraft:banner:3, Brown Banner
minecraft:banner:2, Green Banner
minecraft:banner:1, Red Banner
minecraft:banner:0, Black Banner
minecraft:banner:15, Ominous Banner
minecraft:end_crystal, End Crystal
minecraft:spruce_door, Spruce Door
minecraft:birch_door, Birch Door
minecraft:jungle_door, Jungle Door
minecraft:acacia_door, Acacia Door
minecraft:dark_oak_door, Dark Oak Door
minecraft:chorus_fruit, Chorus Fruit
minecraft:chorus_fruit_popped, Popped Chorus Fruit
minecraft:beetroot, Beetroot
minecraft:beetroot_seeds, Beetroot Seeds
minecraft:beetroot_soup, Beetroot Soup
minecraft:dragon_breath, Dragon's Breath
minecraft:splash_potion, Splash Potion
minecraft:spectral_arrow, Spectral Arrow
minecraft:tipped_arrow, Tipped Arrow
minecraft:lingering_potion, Lingering Potion
minecraft:shield, Shield
minecraft:elytra, Elytra
minecraft:spruce_boat, Spruce Boat
minecraft:birch_boat, Birch Boat
minecraft:jungle_boat, Jungle Boat
minecraft:acacia_boat, Acacia Boat
minecraft:dark_oak_boat, Dark Oak Boat
minecraft:totem_of_undying, Totem of Undying
minecraft:shulker_shell, Shulker Shell
minecraft:iron_nugget, Iron Nugget
minecraft:knowledge_book, Knowledge Book
minecraft:record_13, Music Disc
minecraft:record_cat, Music Disc
minecraft:record_blocks, Music Disc
minecraft:record_chirp, Music Disc
minecraft:record_far, Music Disc
minecraft:record_mall, Music Disc
minecraft:record_mellohi, Music Disc
minecraft:record_stal, Music Disc
minecraft:record_strad, Music Disc
minecraft:record_ward, Music Disc
minecraft:record_11, Music Disc
minecraft:record_wait, Music Disc
aquaculture:fishing_rod, Wooden Fishing Rod
aquaculture:iron_fishing_rod, Iron Fishing Rod
aquaculture:gold_fishing_rod, Golden Fishing Rod
aquaculture:diamond_fishing_rod, Diamond Fishing Rod
aquaculture:admin_fishing_rod, Admin Fishing Rod
aquaculture:loot:0, Driftwood
aquaculture:loot:1, Neptunium Ingot
aquaculture:loot:2, Tin Can
aquaculture:loot:3, Message In A Bottle
aquaculture:loot:4, Box
aquaculture:loot:5, Lockbox
aquaculture:loot:6, Treasure Chest
aquaculture:loot:7, Neptune's Bounty
aquaculture:food:0, Seaweed
aquaculture:food:1, Algae
aquaculture:food:2, Raw Whale Steak
aquaculture:food:3, Raw Fish Fillet
aquaculture:food:4, Cooked Fish Fillet
aquaculture:food:5, Cooked Whale Steak
aquaculture:food:6, Cooked Whale Burger
aquaculture:food:7, Frog Legs
aquaculture:food:8, Cooked Frog Legs
aquaculture:food:9, Turtle Soup
aquaculture:food:10, Sushi
aquaculture:neptunium_pickaxe, Neptunium Pickaxe
aquaculture:neptunium_shovel, Neptunium Shovel
aquaculture:neptunium_axe, Neptunium Axe
aquaculture:neptunium_hoe, Neptunium Hoe
aquaculture:neptunium_sword, Neptunium Sword
aquaculture:neptunium_helmet, Neptunium Helmet
aquaculture:neptunium_chestplate, Neptunium Chestplate
aquaculture:neptunium_leggings, Neptunium Leggings
aquaculture:neptunium_boots, Neptunium Boots
aquaculture:fish:0, Bluegill
aquaculture:fish:1, Perch
aquaculture:fish:2, Gar
aquaculture:fish:3, Bass
aquaculture:fish:4, Muskellunge
aquaculture:fish:5, Brown Trout
aquaculture:fish:6, Catfish
aquaculture:fish:7, Carp
aquaculture:fish:8, Blowfish
aquaculture:fish:9, Red Grouper
aquaculture:fish:10, Salmon
aquaculture:fish:11, Tuna
aquaculture:fish:12, Sword Fish
aquaculture:fish:13, Shark
aquaculture:fish:14, Whale
aquaculture:fish:15, Squid
aquaculture:fish:16, Jellyfish
aquaculture:fish:17, Frog
aquaculture:fish:18, Turtle
aquaculture:fish:19, Leech
aquaculture:fish:20, Pirahna
aquaculture:fish:21, Electric Eel
aquaculture:fish:22, Tambaqui
aquaculture:fish:23, Arapaima
aquaculture:fish:24, Cod
aquaculture:fish:25, Pollock
aquaculture:fish:26, Herring
aquaculture:fish:27, Halibut
aquaculture:fish:28, Pink Salmon
aquaculture:fish:29, Rainbow Trout
aquaculture:fish:30, Blackfish
aquaculture:fish:31, Capitaine
aquaculture:fish:32, Boulti
aquaculture:fish:33, Bagrid
aquaculture:fish:34, Syndontis
aquaculture:fish:35, Red Shrooma
aquaculture:fish:36, Brown Shrooma
aquaculture:fish:37, Goldfish
aquaculture:fish:38, Fish Bones
betternether:block_eyeball, Eyeball Block
betternether:block_eyeball_small, Small Eyeball Block
betternether:eye_seed, Eye Seed
betternether:netherrack_moss, Nether Moss
betternether:nether_grass, Nether Grass
betternether:nether_reed, Nether Reed
betternether:stalagnate_stem, Stalagnate
betternether:stalagnate_seed, Stalagnate Seed
betternether:stalagnate_bark, Stalagnate Bark
betternether:stalagnate_planks, Stalagnate Planks
betternether:stalagnate_planks_stairs, Stalagnate Stairs
betternether:stalagnate_planks_slab_half:0, Stalagnate Slab
betternether:stalagnate_planks_fence, Stalagnate Fence
betternether:stalagnate_planks_gate, Stalagnate Gate
betternether:stalagnate_planks_button, Stalagnate Button
betternether:stalagnate_planks_plate, Stalagnate Pressure Plate
betternether:reeds_block, Reeds Block
betternether:reeds_stairs, Reeds Stairs
betternether:reeds_slab_half:0, Reeds Slab
betternether:reeds_fence, Reeds Fence
betternether:reeds_gate, Reeds Gate
betternether:reeds_button, Reeds Button
betternether:reeds_plate, Reeds Pressure Plate
betternether:lucis_spore, Lucis Spore
betternether:nether_cactus, Nether Cactus
betternether:wart_seed, Wart Seed
betternether:barrel_cactus, Barrel Cactus
betternether:agave, Agave
betternether:black_bush, Black Bush
betternether:ink_bush_seed, Ink Bush Seed
betternether:smoker, Smoker
betternether:egg_plant, Egg Plant
betternether:black_apple_seed, Black Apple Seed
betternether:magma_flower, Magma flower seed
betternether:nether_mycelium, Nether Mycelium
betternether:orange_mushroom, Orange Mushroom
betternether:red_mold, Red Mold
betternether:gray_mold, Gray Mold
betternether:cincinnasite_ore, Cincinnasite Ore
betternether:cincinnasite_block, Cincinnasite Block
betternether:cincinnasite_forged, Forged Cincinnasite Block
betternether:cincinnasite_pillar, Cincinnasite Pillar
betternether:cincinnasite_bricks, Cincinnasite Bricks
betternether:cincinnasite_brick_plate, Cincinnasite Brick Plate
betternether:cincinnasite_stairs, Cincinnasite Stairs
betternether:cincinnasite_slab_half:0, Cincinnasite Slab
betternether:cincinnasite_button, Cincinnasite Button
betternether:cincinnasite_plate, Cincinnasite Plate
betternether:cincinnasite_lantern, Cincinnasite Lantern
betternether:cincinnasite_tile_large, Large Cincinnasite Tile
betternether:cincinnasite_tile_small, Small Cincinnasite Tile
betternether:cincinnasite_carved, Cincinnasite Carved
betternether:nether_brick_tile_large, Large Nether Brick Tile
betternether:nether_brick_tile_small, Small Nether Brick Tile
betternether:cincinnasite_wall, Cincinnasite Wall
betternether:bone_block, Bone Block
betternether:bone_stairs, Bone Stairs
betternether:bone_slab_half:0, Bone Slab
betternether:bone_button, Bone Button
betternether:bone_plate, Bone Pressure Plate
betternether:cincinnasite_fire_bowl, Cincinnasite Fire Bowl
betternether:bone_wall, Bone Wall
betternether:nether_brick_wall, Nether Brick Wall
betternether:nether_brick_tile_slab_half:0, Small Nether Brick Tile Slab
betternether:nether_brick_tile_stairs, Small Nether Brick Tile Stairs
betternether:bone_mushroom, Bone Mushroom Spores
betternether:reeds_ladder, Reeds Ladder
betternether:cincinnasite_bricks_pillar, Cincinnasite Brick Pillar
betternether:bone_tile, Bone Tile
betternether:cincinnasite_pedestal, Cincinnasite Pedestal
betternether:pig_statue_01, Respawner Statue
betternether:cincinnasite_pot, Cincinnasite Pot
betternether:cincinnasite_frame, Cincinnasite Frame
betternether:quartz_glass, Quartz Glass
betternether:quartz_glass_framed, Framed Quartz Glass
betternether:quartz_stained_glass:0, Quartz Stained Glass White
betternether:quartz_stained_glass:1, Quartz Stained Glass Orange
betternether:quartz_stained_glass:2, Quartz Stained Glass Magenta
betternether:quartz_stained_glass:3, Quartz Stained Glass Light Blue
betternether:quartz_stained_glass:4, Quartz Stained Glass Yellow
betternether:quartz_stained_glass:5, Quartz Stained Glass Lime
betternether:quartz_stained_glass:6, Quartz Stained Glass Pink
betternether:quartz_stained_glass:7, Quartz Stained Glass Gray
betternether:quartz_stained_glass:8, Quartz Stained Glass Silver
betternether:quartz_stained_glass:9, Quartz Stained Glass Cyan
betternether:quartz_stained_glass:10, Quartz Stained Glass Purple
betternether:quartz_stained_glass:11, Quartz Stained Glass Blue
betternether:quartz_stained_glass:12, Quartz Stained Glass Brown
betternether:quartz_stained_glass:13, Quartz Stained Glass Green
betternether:quartz_stained_glass:14, Quartz Stained Glass Red
betternether:quartz_stained_glass:15, Quartz Stained Glass Black
betternether:cincinnasite_bars, Cincinnasite Bars
betternether:quartz_glass_pane, Quartz Glass Pane
betternether:quartz_glass_framed_pane, Framed Quartz Glass Pane
betternether:cincinnasite_forge, Cincinnasite Forge
betternether:netherrack_furnace, Netherrack Furnace
betternether:bone_reed_door, Bone-Reed Door
betternether:bone_cincinnasite_door, Bone-Cincinnasite Door
betternether:quartz_stained_glass_framed:0, Framed Quartz Stained Glass White
betternether:quartz_stained_glass_framed:1, Framed Quartz Stained Glass Orange
betternether:quartz_stained_glass_framed:2, Framed Quartz Stained Glass Magenta
betternether:quartz_stained_glass_framed:3, Framed Quartz Stained Glass Light Blue
betternether:quartz_stained_glass_framed:4, Framed Quartz Stained Glass Yellow
betternether:quartz_stained_glass_framed:5, Framed Quartz Stained Glass Lime
betternether:quartz_stained_glass_framed:6, Framed Quartz Stained Glass Pink
betternether:quartz_stained_glass_framed:7, Framed Quartz Stained Glass Gray
betternether:quartz_stained_glass_framed:8, Framed Quartz Stained Glass Silver
betternether:quartz_stained_glass_framed:9, Framed Quartz Stained Glass Cyan
betternether:quartz_stained_glass_framed:10, Framed Quartz Stained Glass Purple
betternether:quartz_stained_glass_framed:11, Framed Quartz Stained Glass Blue
betternether:quartz_stained_glass_framed:12, Framed Quartz Stained Glass Brown
betternether:quartz_stained_glass_framed:13, Framed Quartz Stained Glass Green
betternether:quartz_stained_glass_framed:14, Framed Quartz Stained Glass Red
betternether:quartz_stained_glass_framed:15, Framed Quartz Stained Glass Black
betternether:chest_of_drawers, tile.chest_of_drawers.name
betternether:black_apple, Black Apple
betternether:cincinnasite, Cincinnasite
betternether:cincinnasite_pickaxe, Cincinnasite Pickaxe
betternether:cincinnasite_pickaxe_diamond, Cincinnasite-Diamond Pickaxe
betternether:stalagnate_bowl, Stalagnate Bowl
betternether:stalagnate_bowl_wart, Wart Soup
betternether:stalagnate_bowl_mushroom, Mushroom Stew
betternether:stalagnate_bowl_apple, Black Apple
betternether:cincinnasite_axe, Cincinnasite Axe
betternether:cincinnasite_axe_diamond, Cincinnasite-Diamond Axe
ic2:te:1, Industrial TNT
ic2:te:2, Nuke
ic2:te:3, Generator
ic2:te:4, Geothermal Generator
ic2:te:5, Kinetic Generator
ic2:te:6, Radioisotope Thermoelectric Generator
ic2:te:7, Semifluid Generator
ic2:te:8, Solar Panel
ic2:te:9, Stirling Generator
ic2:te:10, Water Mill
ic2:te:11, Wind Mill
ic2:te:12, Electric Heater
ic2:te:13, Liquid Fuel Firebox
ic2:te:14, Radioisotope Heat Generator
ic2:te:15, Solid Fuel Firebox
ic2:te:16, Electric Motor
ic2:te:17, Manual Kinetic Generator
ic2:te:18, Steam Turbine
ic2:te:19, Stirling Kinetic Generator
ic2:te:20, Water Turbine
ic2:te:21, Wind Turbine
ic2:te:22, Nuclear Reactor
ic2:te:23, Reactor Access Hatch
ic2:te:24, Reactor Chamber
ic2:te:25, Reactor Fluid Port
ic2:te:26, Reactor Redstone Port
ic2:te:27, Condenser
ic2:te:28, Bottling Plant
ic2:te:29, Fluid Distributor
ic2:te:30, Fluid Regulator
ic2:te:31, Liquid Heat Exchanger
ic2:te:32, Pump
ic2:te:33, Solar Distiller
ic2:te:34, Steam Boiler
ic2:te:35, Item Buffer
ic2:te:36, Luminator
ic2:te:37, Magnetizer
ic2:te:38, Electric Sorting Machine
ic2:te:39, Teleporter
ic2:te:40, Terraformer
ic2:te:41, Tesla Coil
ic2:te:42, Fluid/Solid Canning Machine
ic2:te:43, Compressor
ic2:te:44, Electric Furnace
ic2:te:45, Extractor
ic2:te:46, Iron Furnace
ic2:te:47, Macerator
ic2:te:48, Recycler
ic2:te:49, Solid Canning Machine
ic2:te:50, Blast Furnace
ic2:te:51, Block Cutting Machine
ic2:te:52, Thermal Centrifuge
ic2:te:53, Fermenter
ic2:te:54, Induction Furnace
ic2:te:55, Metal Former
ic2:te:56, Ore Washing Plant
ic2:te:57, Advanced Miner
ic2:te:58, Crop Harvester
ic2:te:59, Crop-Matron
ic2:te:60, Miner
ic2:te:92, Mass Fabricator
ic2:te:93, UU Assembly Bench
ic2:te:61, Matter Fabricator
ic2:te:62, Pattern Storage
ic2:te:63, Replicator
ic2:te:64, Scanner
ic2:te:65, Energy-O-Mat
ic2:te:66, Personal Safe
ic2:te:67, Trade-O-Mat
ic2:te:68, Charge Pad (BatBox)
ic2:te:69, Charge Pad (CESU)
ic2:te:70, Charge Pad (MFE)
ic2:te:71, Charge Pad (MFSU)
ic2:te:72, BatBox
ic2:te:73, CESU
ic2:te:74, MFE
ic2:te:75, MFSU
ic2:te:76, Electrolyzer
ic2:te:77, LV-Transformer
ic2:te:78, MV-Transformer
ic2:te:79, HV-Transformer
ic2:te:80, EV-Transformer
ic2:te:81, Tank
ic2:te:82, Chunk Loader
ic2:te:83, Compact Item Buffer
ic2:te:86, Creative Generator
ic2:te:87, Steam Re-Pressurizer
ic2:te:90, Weighted Fluid Distributor
ic2:te:91, Weighted Item Distributor
ic2:te:84, Reactor Coolant Injector (RSH)
ic2:te:85, Reactor Coolant Injector (LZH)
ic2:te:88, Industrial Workbench
ic2:te:89, Batch Crafter
ic2:te:100, Coke Kiln
ic2:te:101, Coke Kiln Hatch
ic2:te:102, Coke Kiln Grate
ic2:te:111, Wooden Storage Box
ic2:te:112, Iron Storage Box
ic2:te:113, Bronze Storage Box
ic2:te:114, Steel Storage Box
ic2:te:115, Iridium Storage Box
ic2:te:131, Bronze Tank
ic2:te:132, Iron Tank
ic2:te:133, Steel Tank
ic2:te:134, Iridium Tank
ic2:resource:0, Basalt
ic2:resource:1, Copper Ore
ic2:resource:2, Lead Ore
ic2:resource:3, Tin Ore
ic2:resource:4, Uranium Ore
ic2:resource:5, Bronze Block
ic2:resource:6, Copper Block
ic2:resource:7, Lead Block
ic2:resource:8, Steel Block
ic2:resource:9, Tin Block
ic2:resource:10, Uranium Block
ic2:resource:11, Reinforced Stone
ic2:resource:12, Basic Machine Casing
ic2:resource:13, Advanced Machine Casing
ic2:resource:14, Reactor Pressure Vessel
ic2:resource:15, Silver Block
ic2:leaves, ic2.leaves.name
ic2:rubber_wood, ic2.rubber_wood.name
ic2:sapling, ic2.sapling.rubber.name
ic2:scaffold:0, Scaffold
ic2:scaffold:1, Reinforced Scaffold
ic2:scaffold:2, Iron Scaffold
ic2:scaffold:3, Reinforced Iron Scaffold
ic2:fence:0, Iron Fence
ic2:sheet:0, Resin Sheet
ic2:sheet:1, Rubber Sheet
ic2:sheet:2, Wool Sheet
ic2:glass:0, Reinforced Glass
ic2:foam:0, Construction Foam
ic2:foam:1, Reinforced Construction Foam
ic2:wall:0, Construction Foam Wall (Black)
ic2:wall:1, Construction Foam Wall (Blue)
ic2:wall:2, Construction Foam Wall (Brown)
ic2:wall:3, Construction Foam Wall (Cyan)
ic2:wall:4, Construction Foam Wall (Gray)
ic2:wall:5, Construction Foam Wall (Green)
ic2:wall:6, Construction Foam Wall (Light Blue)
ic2:wall:7, Construction Foam Wall (Light Gray)
ic2:wall:8, Construction Foam Wall (Lime)
ic2:wall:9, Construction Foam Wall (Magenta)
ic2:wall:10, Construction Foam Wall (Orange)
ic2:wall:11, Construction Foam Wall (Pink)
ic2:wall:12, Construction Foam Wall (Purple)
ic2:wall:13, Construction Foam Wall (Red)
ic2:wall:14, Construction Foam Wall (White)
ic2:wall:15, Construction Foam Wall (Yellow)
ic2:mining_pipe:0, Mining Pipe
ic2:reinforced_door, ic2.reinforced_door.name
ic2:refractory_bricks, ic2.refractory_bricks.name
ic2:uu_matter, ic2.uu_matter.name
ic2:construction_foam, ic2.construction_foam.name
ic2:coolant, ic2.coolant.name
ic2:creosote, ic2.creosote.name
ic2:hot_coolant, ic2.hot_coolant.name
ic2:pahoehoe_lava, ic2.pahoehoe_lava.name
ic2:biomass, ic2.biomass.name
ic2:biogas, ic2.biogas.name
ic2:distilled_water, ic2.distilled_water.name
ic2:superheated_steam, ic2.superheated_steam.name
ic2:steam, ic2.steam.name
ic2:hot_water, ic2.hot_water.name
ic2:weed_ex, ic2.weed_ex.name
ic2:air, ic2.air.name
ic2:hydrogen, ic2.hydrogen.name
ic2:oxygen, ic2.oxygen.name
ic2:heavy_water, ic2.heavy_water.name
ic2:advanced_batpack, ic2.advanced_batpack.name
ic2:alloy_chestplate, ic2.alloy_chestplate.name
ic2:batpack, ic2.batpack.name
ic2:bronze_boots, ic2.bronze_boots.name
ic2:bronze_chestplate, ic2.bronze_chestplate.name
ic2:bronze_helmet, ic2.bronze_helmet.name
ic2:bronze_leggings, ic2.bronze_leggings.name
ic2:cf_pack, ic2.cf_pack.name
ic2:energy_pack, ic2.energy_pack.name
ic2:hazmat_chestplate, ic2.hazmat_chestplate.name
ic2:hazmat_helmet, ic2.hazmat_helmet.name
ic2:hazmat_leggings, ic2.hazmat_leggings.name
ic2:jetpack, ic2.jetpack.name
ic2:jetpack_electric, ic2.jetpack_electric.name
ic2:lappack, ic2.lappack.name
ic2:nano_boots, ic2.nano_boots.name
ic2:nano_chestplate, ic2.nano_chestplate.name
ic2:nano_helmet, ic2.nano_helmet.name
ic2:nano_leggings, ic2.nano_leggings.name
ic2:nightvision_goggles, ic2.nightvision_goggles.name
ic2:quantum_boots, ic2.quantum_boots.name
ic2:quantum_chestplate, ic2.quantum_chestplate.name
ic2:quantum_helmet, ic2.quantum_helmet.name
ic2:quantum_leggings, ic2.quantum_leggings.name
ic2:rubber_boots, ic2.rubber_boots.name
ic2:solar_helmet, ic2.solar_helmet.name
ic2:static_boots, ic2.static_boots.name
ic2:boat:0, Damaged Rubber Dinghy
ic2:boat:1, Rubber Dinghy
ic2:boat:2, Carbon Fiber Canoe
ic2:boat:3, Electric Boat
ic2:barrel, ic2.barrel.name
ic2:mug:0, Stone Mug
ic2:mug:1, Cold Coffee
ic2:mug:2, Dark Coffee
ic2:mug:3, Coffee
ic2:booze_mug, ic2.booze_mug.name
ic2:crushed:0, Crushed Copper Ore
ic2:crushed:1, Crushed Gold Ore
ic2:crushed:2, Crushed Iron Ore
ic2:crushed:3, Crushed Lead Ore
ic2:crushed:4, Crushed Silver Ore
ic2:crushed:5, Crushed Tin Ore
ic2:crushed:6, Crushed Uranium Ore
ic2:purified:0, Purified Crushed Copper Ore
ic2:purified:1, Purified Crushed Gold Ore
ic2:purified:2, Purified Crushed Iron Ore
ic2:purified:3, Purified Crushed Lead Ore
ic2:purified:4, Purified Crushed Silver Ore
ic2:purified:5, Purified Crushed Tin Ore
ic2:purified:6, Purified Crushed Uranium Ore
ic2:dust:0, Bronze Dust
ic2:dust:1, Clay Dust
ic2:dust:2, Coal Dust
ic2:dust:3, Hydrated Coal Dust
ic2:dust:4, Copper Dust
ic2:dust:5, Diamond Dust
ic2:dust:6, Energium Dust
ic2:dust:7, Gold Dust
ic2:dust:8, Iron Dust
ic2:dust:9, Lapis Lazuli Dust
ic2:dust:10, Lead Dust
ic2:dust:11, Lithium Dust
ic2:dust:12, Obsidian Dust
ic2:dust:13, Silicon Dioxide
ic2:dust:14, Silver Dust
ic2:dust:15, Stone Dust
ic2:dust:16, Sulfur Dust
ic2:dust:17, Tin Dust
ic2:dust:18, Tiny Pile of Bronze Dust
ic2:dust:19, Tiny Pile of Copper Dust
ic2:dust:20, Tiny Pile of Gold Dust
ic2:dust:21, Tiny Pile of Iron Dust
ic2:dust:22, Tiny Pile of Lapis Dust
ic2:dust:23, Tiny Pile of Lead Dust
ic2:dust:24, Tiny Pile of Lithium Dust
ic2:dust:25, Tiny Pile of Obsidian Dust
ic2:dust:26, Tiny Pile of Silver Dust
ic2:dust:27, Tiny Pile of Sulfur Dust
ic2:dust:28, Tiny Pile of Tin Dust
ic2:dust:29, Hydrated Tin Dust
ic2:ingot:0, Mixed Metal Ingot
ic2:ingot:1, Bronze Ingot
ic2:ingot:2, Copper Ingot
ic2:ingot:3, Lead Ingot
ic2:ingot:4, Silver Ingot
ic2:ingot:5, Steel Ingot
ic2:ingot:6, Tin Ingot
ic2:plate:0, Bronze Plate
ic2:plate:1, Copper Plate
ic2:plate:2, Gold Plate
ic2:plate:3, Iron Plate
ic2:plate:4, Lapis Lazuli Plate
ic2:plate:5, Lead Plate
ic2:plate:6, Obsidian Plate
ic2:plate:7, Steel Plate
ic2:plate:8, Tin Plate
ic2:plate:9, Dense Bronze Plate
ic2:plate:10, Dense Copper Plate
ic2:plate:11, Dense Gold Plate
ic2:plate:12, Dense Iron Plate
ic2:plate:13, Dense Lapis Lazuli Plate
ic2:plate:14, Dense Lead Plate
ic2:plate:15, Dense Obsidian Plate
ic2:plate:16, Dense Steel Plate
ic2:plate:17, Dense Tin Plate
ic2:casing:0, Bronze Item Casing
ic2:casing:1, Copper Item Casing
ic2:casing:2, Gold Item Casing
ic2:casing:3, Iron Item Casing
ic2:casing:4, Lead Item Casing
ic2:casing:5, Steel Item Casing
ic2:casing:6, Tin Item Casing
ic2:nuclear:0, Enriched Uranium Nuclear Fuel
ic2:nuclear:1, Uranium 235
ic2:nuclear:2, Uranium 238
ic2:nuclear:3, Plutonium
ic2:nuclear:4, MOX Nuclear Fuel
ic2:nuclear:5, Tiny Pile of Uranium 235
ic2:nuclear:6, Tiny Pile of Uranium 238
ic2:nuclear:7, Tiny Pile of Plutonium
ic2:nuclear:8, Pellets of Enriched Uranium Nuclear Fuel
ic2:nuclear:9, Pellets of MOX Nuclear Fuel
ic2:nuclear:10, Pellets of RTG Fuel
ic2:nuclear:11, Fuel Rod (Depleted Uranium)
ic2:nuclear:12, Dual Fuel Rod (Depleted Uranium)
ic2:nuclear:13, Quad Fuel Rod (Depleted Uranium)
ic2:nuclear:14, Fuel Rod (Depleted MOX)
ic2:nuclear:15, Dual Fuel Rod (Depleted MOX)
ic2:nuclear:16, Quad Fuel Rod (Depleted MOX)
ic2:misc_resource:0, Ashes
ic2:misc_resource:1, Iridium Ore
ic2:misc_resource:2, Iridium Shard
ic2:misc_resource:3, UU-Matter
ic2:misc_resource:4, Sticky Resin
ic2:misc_resource:5, Slag
ic2:misc_resource:6, Iodine
ic2:misc_resource:7, Water
ic2:misc_resource:8, Lava
ic2:crafting:0, Rubber
ic2:crafting:1, Electronic Circuit
ic2:crafting:2, Advanced Circuit
ic2:crafting:3, Advanced Alloy
ic2:crafting:4, Iridium Reinforced Plate
ic2:crafting:5, Coil
ic2:crafting:6, Electric Motor
ic2:crafting:7, Heat Conductor
ic2:crafting:8, Copper Boiler
ic2:crafting:9, Fuel Rod (Empty)
ic2:crafting:10, Tin Can
ic2:crafting:11, Small Power Unit
ic2:crafting:12, Power Unit
ic2:crafting:13, Raw Carbon Fibre
ic2:crafting:14, Raw Carbon Mesh
ic2:crafting:15, Carbon Plate
ic2:crafting:16, Coal Ball
ic2:crafting:17, Compressed Coal Ball
ic2:crafting:18, Coal Chunk
ic2:crafting:19, Industrial Diamond
ic2:crafting:20, Plantball
ic2:crafting:21, Bio Chaff
ic2:crafting:23, Scrap
ic2:crafting:24, Scrap Box
ic2:crafting:25, CF Powder
ic2:crafting:27, Crystal Memory (raw)
ic2:crafting:29, Shaft (Iron)
ic2:crafting:30, Shaft (Steel)
ic2:crafting:31, Wood Rotor Blade
ic2:crafting:32, Iron Rotor Blade
ic2:crafting:33, Steel Rotor Blade
ic2:crafting:34, Carbon Rotor Blade
ic2:crafting:35, Steam Turbine Blade
ic2:crafting:36, Steam Turbine
ic2:crafting:37, Jetpack Attachment Plate
ic2:crafting:38, Industrial Credit
ic2:crafting:41, Bronze Rotor Blade
ic2:crafting:42, Shaft (Bronze)
ic2:block_cutting_blade:0, Block Cutting Blade (Iron)
ic2:block_cutting_blade:1, Block Cutting Blade (Steel)
ic2:block_cutting_blade:2, Block Cutting Blade (Diamond)
ic2:upgrade_kit:0, MFSU Upgrade Kit
ic2:crop_stick, ic2.crop_stick.name
ic2:crop_res:0, Coffee Beans
ic2:crop_res:1, Coffee Powder
ic2:crop_res:2, Fertilizer
ic2:crop_res:3, Grin Powder
ic2:crop_res:4, Hops
ic2:crop_res:5, Weed
ic2:terra_wart, ic2.terra_wart.name
ic2:cropnalyzer, ic2.cropnalyzer.name
ic2:re_battery, ic2.re_battery.name
ic2:advanced_re_battery, ic2.advanced_re_battery.name
ic2:energy_crystal, ic2.energy_crystal.name
ic2:lapotron_crystal, ic2.lapotron_crystal.name
ic2:single_use_battery, ic2.single_use_battery.name
ic2:charging_re_battery, ic2.charging_re_battery.name
ic2:advanced_charging_re_battery, ic2.advanced_charging_re_battery.name
ic2:charging_energy_crystal, ic2.charging_energy_crystal.name
ic2:charging_lapotron_crystal, ic2.charging_lapotron_crystal.name
ic2:heat_storage, ic2.heat_storage.name
ic2:tri_heat_storage, ic2.tri_heat_storage.name
ic2:hex_heat_storage, ic2.hex_heat_storage.name
ic2:plating, ic2.plating.name
ic2:heat_plating, ic2.heat_plating.name
ic2:containment_plating, ic2.containment_plating.name
ic2:heat_exchanger, ic2.heat_exchanger.name
ic2:reactor_heat_exchanger, ic2.reactor_heat_exchanger.name
ic2:component_heat_exchanger, ic2.component_heat_exchanger.name
ic2:advanced_heat_exchanger, ic2.advanced_heat_exchanger.name
ic2:heat_vent, ic2.heat_vent.name
ic2:reactor_heat_vent, ic2.reactor_heat_vent.name
ic2:overclocked_heat_vent, ic2.overclocked_heat_vent.name
ic2:component_heat_vent, ic2.component_heat_vent.name
ic2:advanced_heat_vent, ic2.advanced_heat_vent.name
ic2:neutron_reflector, ic2.neutron_reflector.name
ic2:thick_neutron_reflector, ic2.thick_neutron_reflector.name
ic2:iridium_reflector, ic2.iridium_reflector.name
ic2:rsh_condensator, ic2.rsh_condensator.name
ic2:lzh_condensator, ic2.lzh_condensator.name
ic2:heatpack, ic2.heatpack.name
ic2:uranium_fuel_rod, ic2.uranium_fuel_rod.name
ic2:dual_uranium_fuel_rod, ic2.dual_uranium_fuel_rod.name
ic2:quad_uranium_fuel_rod, ic2.quad_uranium_fuel_rod.name
ic2:mox_fuel_rod, ic2.mox_fuel_rod.name
ic2:dual_mox_fuel_rod, ic2.dual_mox_fuel_rod.name
ic2:quad_mox_fuel_rod, ic2.quad_mox_fuel_rod.name
ic2:lithium_fuel_rod, ic2.lithium_fuel_rod.name
ic2:depleted_isotope_fuel_rod, ic2.depleted_isotope_fuel_rod.name
ic2:tfbp:0, TFBP - Empty
ic2:tfbp:1, TFBP - Chilling
ic2:tfbp:2, TFBP - Cultivation
ic2:tfbp:3, TFBP - Desertification
ic2:tfbp:4, TFBP - Flatification
ic2:tfbp:5, TFBP - Irrigation
ic2:tfbp:6, TFBP - Mushroom
ic2:bronze_axe, ic2.bronze_axe.name
ic2:bronze_hoe, ic2.bronze_hoe.name
ic2:bronze_pickaxe, ic2.bronze_pickaxe.name
ic2:bronze_shovel, ic2.bronze_shovel.name
ic2:bronze_sword, ic2.bronze_sword.name
ic2:cutter, ic2.cutter.name
ic2:debug_item, ic2.debug_item.name
ic2:foam_sprayer:0, CF Sprayer
ic2:foam_sprayer:0, CF Sprayer
ic2:forge_hammer, ic2.forge_hammer.name
ic2:frequency_transmitter, ic2.frequency_transmitter.name
ic2:meter, ic2.meter.name
ic2:tool_box, ic2.tool_box.name
ic2:treetap, ic2.treetap.name
ic2:wrench, ic2.wrench.name
ic2:wrench_new, ic2.wrench_new.name
ic2:crowbar, ic2.crowbar.name
ic2:containment_box, ic2.containment_box.name
ic2:weeding_trowel, ic2.weeding_trowel.name
ic2:crop_seed_bag, ic2.crop_seed_bag.name
ic2:advanced_scanner, ic2.advanced_scanner.name
ic2:chainsaw, ic2.chainsaw.name
ic2:diamond_drill, ic2.diamond_drill.name
ic2:drill, ic2.drill.name
ic2:electric_hoe, ic2.electric_hoe.name
ic2:electric_treetap, ic2.electric_treetap.name
ic2:electric_wrench, ic2.electric_wrench.name
ic2:iridium_drill, ic2.iridium_drill.name
ic2:mining_laser, ic2.mining_laser.name
ic2:nano_saber, ic2.nano_saber.name
ic2:obscurator, ic2.obscurator.name
ic2:scanner, ic2.scanner.name
ic2:wind_meter, ic2.wind_meter.name
ic2:painter:0, Painter
ic2:painter:0, Black Painter
ic2:painter:0, Blue Painter
ic2:painter:0, Brown Painter
ic2:painter:0, Cyan Painter
ic2:painter:0, Dark Grey Painter
ic2:painter:0, Green Painter
ic2:painter:0, Light Blue Painter
ic2:painter:0, Light Grey Painter
ic2:painter:0, Lime Painter
ic2:painter:0, Magenta Painter
ic2:painter:0, Orange Painter
ic2:painter:0, Pink Painter
ic2:painter:0, Purple Painter
ic2:painter:0, Red Painter
ic2:painter:0, White Painter
ic2:painter:0, Yellow Painter
ic2:fluid_cell:0, Universal Fluid Cell
ic2:fluid_cell:0, Universal Fluid Cell
ic2:fluid_cell:0, Universal Fluid Cell
ic2:fluid_cell:0, Universal Fluid Cell
ic2:fluid_cell:0, Universal Fluid Cell
ic2:fluid_cell:0, Universal Fluid Cell
ic2:fluid_cell:0, Universal Fluid Cell
ic2:fluid_cell:0, Universal Fluid Cell
ic2:fluid_cell:0, Universal Fluid Cell
ic2:fluid_cell:0, Universal Fluid Cell
ic2:fluid_cell:0, Universal Fluid Cell
ic2:fluid_cell:0, Universal Fluid Cell
ic2:fluid_cell:0, Universal Fluid Cell
ic2:fluid_cell:0, Universal Fluid Cell
ic2:fluid_cell:0, Universal Fluid Cell
ic2:fluid_cell:0, Universal Fluid Cell
ic2:fluid_cell:0, Universal Fluid Cell
ic2:fluid_cell:0, Universal Fluid Cell
ic2:fluid_cell:0, Universal Fluid Cell
ic2:fluid_cell:0, Universal Fluid Cell
ic2:fluid_cell:0, Universal Fluid Cell
ic2:fluid_cell:0, Universal Fluid Cell
ic2:fluid_cell:0, Universal Fluid Cell
ic2:fluid_cell:0, Universal Fluid Cell
ic2:fluid_cell:0, Universal Fluid Cell
ic2:fluid_cell:0, Universal Fluid Cell
ic2:fluid_cell:0, Universal Fluid Cell
ic2:fluid_cell:0, Universal Fluid Cell
ic2:fluid_cell:0, Universal Fluid Cell
ic2:fluid_cell:0, Universal Fluid Cell
ic2:fluid_cell:0, Universal Fluid Cell
ic2:fluid_cell:0, Universal Fluid Cell
ic2:fluid_cell:0, Universal Fluid Cell
ic2:fluid_cell:0, Universal Fluid Cell
ic2:fluid_cell:0, Universal Fluid Cell
ic2:fluid_cell:0, Universal Fluid Cell
ic2:fluid_cell:0, Universal Fluid Cell
ic2:fluid_cell:0, Universal Fluid Cell
ic2:fluid_cell:0, Universal Fluid Cell
ic2:fluid_cell:0, Universal Fluid Cell
ic2:fluid_cell:0, Universal Fluid Cell
ic2:fluid_cell:0, Universal Fluid Cell
ic2:fluid_cell:0, Universal Fluid Cell
ic2:fluid_cell:0, Universal Fluid Cell
ic2:fluid_cell:0, Universal Fluid Cell
ic2:fluid_cell:0, Universal Fluid Cell
ic2:fluid_cell:0, Universal Fluid Cell
ic2:fluid_cell:0, Universal Fluid Cell
ic2:fluid_cell:0, Universal Fluid Cell
ic2:fluid_cell:0, Universal Fluid Cell
ic2:fluid_cell:0, Universal Fluid Cell
ic2:fluid_cell:0, Universal Fluid Cell
ic2:fluid_cell:0, Universal Fluid Cell
ic2:fluid_cell:0, Universal Fluid Cell
ic2:fluid_cell:0, Universal Fluid Cell
ic2:fluid_cell:0, Universal Fluid Cell
ic2:fluid_cell:0, Universal Fluid Cell
ic2:fluid_cell:0, Universal Fluid Cell
ic2:fluid_cell:0, Universal Fluid Cell
ic2:fluid_cell:0, Universal Fluid Cell
ic2:fluid_cell:0, Universal Fluid Cell
ic2:fluid_cell:0, Universal Fluid Cell
ic2:fluid_cell:0, Universal Fluid Cell
ic2:fluid_cell:0, Universal Fluid Cell
ic2:fluid_cell:0, Universal Fluid Cell
ic2:fluid_cell:0, Universal Fluid Cell
ic2:fluid_cell:0, Universal Fluid Cell
ic2:fluid_cell:0, Universal Fluid Cell
ic2:fluid_cell:0, Universal Fluid Cell
ic2:fluid_cell:0, Universal Fluid Cell
ic2:fluid_cell:0, Universal Fluid Cell
ic2:fluid_cell:0, Universal Fluid Cell
ic2:fluid_cell:0, Universal Fluid Cell
ic2:fluid_cell:0, Universal Fluid Cell
ic2:fluid_cell:0, Universal Fluid Cell
ic2:fluid_cell:0, Universal Fluid Cell
ic2:fluid_cell:0, Universal Fluid Cell
ic2:fluid_cell:0, Universal Fluid Cell
ic2:fluid_cell:0, Universal Fluid Cell
ic2:fluid_cell:0, Universal Fluid Cell
ic2:fluid_cell:0, Universal Fluid Cell
ic2:fluid_cell:0, Universal Fluid Cell
ic2:fluid_cell:0, Universal Fluid Cell
ic2:fluid_cell:0, Universal Fluid Cell
ic2:fluid_cell:0, Universal Fluid Cell
ic2:fluid_cell:0, Universal Fluid Cell
ic2:fluid_cell:0, Universal Fluid Cell
ic2:fluid_cell:0, Universal Fluid Cell
ic2:fluid_cell:0, Universal Fluid Cell
ic2:fluid_cell:0, Universal Fluid Cell
ic2:fluid_cell:0, Universal Fluid Cell
ic2:fluid_cell:0, Universal Fluid Cell
ic2:fluid_cell:0, Universal Fluid Cell
ic2:fluid_cell:0, Universal Fluid Cell
ic2:fluid_cell:0, Universal Fluid Cell
ic2:fluid_cell:0, Universal Fluid Cell
ic2:fluid_cell:0, Universal Fluid Cell
ic2:fluid_cell:0, Universal Fluid Cell
ic2:fluid_cell:0, Universal Fluid Cell
ic2:fluid_cell:0, Universal Fluid Cell
ic2:fluid_cell:0, Universal Fluid Cell
ic2:fluid_cell:0, Universal Fluid Cell
ic2:fluid_cell:0, Universal Fluid Cell
ic2:fluid_cell:0, Universal Fluid Cell
ic2:fluid_cell:0, Universal Fluid Cell
ic2:fluid_cell:0, Universal Fluid Cell
ic2:fluid_cell:0, Universal Fluid Cell
ic2:fluid_cell:0, Universal Fluid Cell
ic2:fluid_cell:0, Universal Fluid Cell
ic2:fluid_cell:0, Universal Fluid Cell
ic2:fluid_cell:0, Universal Fluid Cell
ic2:fluid_cell:0, Universal Fluid Cell
ic2:fluid_cell:0, Universal Fluid Cell
ic2:fluid_cell:0, Universal Fluid Cell
ic2:fluid_cell:0, Universal Fluid Cell
ic2:fluid_cell:0, Universal Fluid Cell
ic2:fluid_cell:0, Universal Fluid Cell
ic2:fluid_cell:0, Universal Fluid Cell
ic2:fluid_cell:0, Universal Fluid Cell
ic2:fluid_cell:0, Universal Fluid Cell
ic2:fluid_cell:0, Universal Fluid Cell
ic2:fluid_cell:0, Universal Fluid Cell
ic2:fluid_cell:0, Universal Fluid Cell
ic2:fluid_cell:0, Universal Fluid Cell
ic2:fluid_cell:0, Universal Fluid Cell
ic2:fluid_cell:0, Universal Fluid Cell
ic2:fluid_cell:0, Universal Fluid Cell
ic2:fluid_cell:0, Universal Fluid Cell
ic2:fluid_cell:0, Universal Fluid Cell
ic2:fluid_cell:0, Universal Fluid Cell
ic2:fluid_cell:0, Universal Fluid Cell
ic2:fluid_cell:0, Universal Fluid Cell
ic2:fluid_cell:0, Universal Fluid Cell
ic2:fluid_cell:0, Universal Fluid Cell
ic2:fluid_cell:0, Universal Fluid Cell
ic2:fluid_cell:0, Universal Fluid Cell
ic2:fluid_cell:0, Universal Fluid Cell
ic2:cable:0, Copper Cable
ic2:cable:0, Insulated Copper Cable
ic2:cable:1, Glass Fibre Cable
ic2:cable:2, Gold Cable
ic2:cable:2, Insulated Gold Cable
ic2:cable:2, 2x Ins. Gold Cable
ic2:cable:3, HV Cable
ic2:cable:3, Insulated HV Cable
ic2:cable:3, 2x Ins. HV Cable
ic2:cable:3, 3x Ins. HV Cable
ic2:cable:4, Tin Cable
ic2:cable:4, Insulated Tin Cable
ic2:cable:5, EU-Detector Cable
ic2:cable:6, EU-Splitter Cable
ic2:upgrade:0, Overclocker Upgrade
ic2:upgrade:1, Transformer Upgrade
ic2:upgrade:2, Energy Storage Upgrade
ic2:upgrade:3, Redstone Signal Inverter Upgrade
ic2:upgrade:4, Ejector Upgrade
ic2:upgrade:5, Advanced Ejector Upgrade
ic2:upgrade:6, Pulling Upgrade
ic2:upgrade:7, Advanced Pulling Upgrade
ic2:upgrade:8, Fluid Ejector Upgrade
ic2:upgrade:9, Fluid Pulling Upgrade
ic2:filled_tin_can, ic2.filled_tin_can.name
ic2:filled_fuel_can, ic2.filled_fuel_can.name
ic2:iodine_tablet, ic2.iodine_tablet.name
ic2:crystal_memory, ic2.crystal_memory.name
ic2:rotor_wood, ic2.rotor_wood.name
ic2:rotor_bronze, ic2.rotor_bronze.name
ic2:rotor_iron, ic2.rotor_iron.name
ic2:rotor_steel, ic2.rotor_steel.name
ic2:rotor_carbon, ic2.rotor_carbon.name
ic2:dynamite, ic2.dynamite.name
ic2:dynamite_sticky, ic2.dynamite_sticky.name
ic2:remote, ic2.remote.name
ic2:pipe:0, Tiny Bronze Pipe
ic2:pipe:0, Small Bronze Pipe
ic2:pipe:0, Medium Bronze Pipe
ic2:pipe:0, Large Bronze Pipe
ic2:pipe:1, Tiny Steel Pipe
ic2:pipe:1, Small Steel Pipe
ic2:pipe:1, Medium Steel Pipe
ic2:pipe:1, Large Steel Pipe
ic2:cover:0, Pump Attachment (LV)
ic2:cover:1, Pump Attachment (MV)
ic2:coke, ic2.coke.name
chococraftplus:gysahlstemblock, Gysahl Garden
chococraftplus:gysahlgardenblock, Wild Gysahl Garden
chococraftplus:strawblock, Straw Bedding
chococraftplus:raw_chocobo_leg, Raw Chocobo Leg
chococraftplus:cooked_chocobo_leg, Cooked Chocobo Leg
chococraftplus:chocopedia, Chocopedia
chococraftplus:chocobo_feather_yellow, §eYellow §eChocobo §eFeather§r
chococraftplus:chocobo_feather_blue, §9Blue §9Chocobo §9Feather§r
chococraftplus:chocobo_feather_green, §aGreen §aChocobo §aFeather§r
chococraftplus:chocobo_feather_red, §cRed §cChocobo §cFeather§r
chococraftplus:chocobo_feather_white, §fWhite §fChocobo §fFeather§r
chococraftplus:chocobo_feather_black, §8Black §8Chocobo §8Feather§r
chococraftplus:chocobo_feather_pink, §dPink §dChocobo §dFeather§r
chococraftplus:chocobo_feather_royal, §5Royal §5Chocobo §5Feather§r
chococraftplus:chocobo_feather_gold, §6Gold §6Chocobo §6Feather§r
chococraftplus:chocobo_saddle, Chocobo Saddle
chococraftplus:chocobo_saddle_bags, Chocobo Saddle Bags
chococraftplus:chocobo_pack_bags, Chocobo Pack Bags
chococraftplus:gysahl_seeds, Gysahl Garden Seeds
chococraftplus:seed_packet, Gysahl Seed Packet
chococraftplus:nut_packet_yellow, Nut Packet
chococraftplus:nut_packet_pink, Nut Packet
chococraftplus:nut_packet_red, Nut Packet
chococraftplus:veg_gysahl, Gysahl Carrot
chococraftplus:veg_krakka, Krakka Root
chococraftplus:veg_tantal, Tantal Veggie
chococraftplus:veg_pasana, Pasana Fruit
chococraftplus:veg_cree, Cree Root
chococraftplus:veg_mimett, Mimett Fruit
chococraftplus:veg_reagan, Reagan Veggie
chococraftplus:veg_sylkis, Sylkis Bud
chococraftplus:nut_pipio, Pipio Nut
chococraftplus:nut_luchile, Luchile Nut
chococraftplus:nut_saraha, Saraha Bean
chococraftplus:nut_lasan, Lasan Nut
chococraftplus:nut_param, Param Nut
chococraftplus:nut_porov, Porov Bean
chococraftplus:nut_carob, Carob Nut
chococraftplus:nut_zeio, Zeio Nut
chococraftplus:chocoface_yellow, Advancement: §eCaught §ea §eChocobo!§r
chococraftplus:chocoface_blue, Advancement: §9Waterfowl§r
chococraftplus:chocoface_green, Advancement: §aMountain §aClimber§r
chococraftplus:chocoface_red, Advancement: §cAcrobatic§r
chococraftplus:chocoface_white, Advancement: §fDelicate§r
chococraftplus:chocoface_black, Advancement: §8All-§8Terrain §8Avian§r
chococraftplus:chocoface_pink, Advancement: §dCherry §dBlossom§r
chococraftplus:chocoface_royal, Advancement: §5Royal §5Pedigree§r
chococraftplus:chocoface_gold, Advancement: §6Final §6Form§r
chococraftplus:attitude_adjustment, Advancement: §cAttitude §cAdjustment§r
chococraftplus:sidewinder, Advancement: §6Sidewinder§r
enderstorage:ender_storage:0, Ender Chest
enderstorage:ender_storage:1, Ender Tank
enderstorage:ender_pouch, Ender Pouch
extrautils2:snowglobe:0, Magical Snow Globe
extrautils2:snowglobe:1, Magical Snow Globe
extrautils2:wateringcan, Watering Can
extrautils2:itemcreativedestructionwand, Creative Destruction Wand
extrautils2:unstableingots:0, Unstable Ingot
extrautils2:unstableingots:1, Stable-'Unstable Nugget'
extrautils2:unstableingots:2, Stable-'Unstable Ingot'
extrautils2:itembuilderswand, Builders Wand
extrautils2:itemdestructionwand, Destruction Wand
extrautils2:itemcreativebuilderswand, Creative Builders Wand
extrautils2:soundmuffler, Sound Muffler
extrautils2:enderlilly, Ender Lilly
extrautils2:decorativesolidwood:0, Magical Planks
extrautils2:decorativesolidwood:1, Magical Wood
extrautils2:decorativesolidwood:2, Diagonal Wood
extrautils2:trashcan, Trash Can
extrautils2:trashcanfluid, Trash Can (Fluid)
extrautils2:trashcanenergy, Trash Can (Energy)
extrautils2:angelblock, Angel Block
extrautils2:passivegenerator:0, Solar Panel
extrautils2:passivegenerator:1, Lunar Panel
extrautils2:passivegenerator:2, Lava Mill
extrautils2:passivegenerator:3, Water Mill
extrautils2:passivegenerator:4, Wind Mill
extrautils2:passivegenerator:5, Fire Mill
extrautils2:passivegenerator:6, Creative Mill
extrautils2:passivegenerator:7, Manual Mill
extrautils2:passivegenerator:8, Dragon Egg Mill
extrautils2:supermobspawner, Resturbed Mob Spawner
extrautils2:cursedearth, Cursed Earth
extrautils2:redstoneclock, Redstone Clock
extrautils2:compressedcobblestone:0, Compressed Cobblestone
extrautils2:compressedcobblestone:1, Double Compressed Cobblestone
extrautils2:compressedcobblestone:2, Triple Compressed Cobblestone
extrautils2:compressedcobblestone:3, Quadruple Compressed Cobblestone
extrautils2:compressedcobblestone:4, Quintuple Compressed Cobblestone
extrautils2:compressedcobblestone:5, Sextuple Compressed Cobblestone
extrautils2:compressedcobblestone:6, Septuple Compressed Cobblestone
extrautils2:compressedcobblestone:7, Octuple Compressed Cobblestone
extrautils2:compresseddirt:0, Compressed Dirt
extrautils2:compresseddirt:1, Double Compressed Dirt
extrautils2:compresseddirt:2, Triple Compressed Dirt
extrautils2:compresseddirt:3, Quadruple Compressed Dirt
extrautils2:compressedsand:0, Compressed Sand
extrautils2:compressedsand:1, Double Compressed Sand
extrautils2:compressedgravel:0, Compressed Gravel
extrautils2:compressedgravel:1, Double Compressed Gravel
extrautils2:compressednetherrack:0, Compressed Netherrack
extrautils2:compressednetherrack:1, Double Compressed Netherrack
extrautils2:compressednetherrack:2, Triple Compressed Netherrack
extrautils2:compressednetherrack:3, Quadruple Compressed Netherrack
extrautils2:compressednetherrack:4, Quintuple Compressed Netherrack
extrautils2:compressednetherrack:5, Sextuple Compressed Netherrack
extrautils2:glasscutter, Glass Cutter
extrautils2:endershard, Ender Shard
extrautils2:redorchid, Red Orchid
extrautils2:sickle_wood, Wooden Sickle
extrautils2:sickle_stone, Stone Sickle
extrautils2:sickle_iron, Iron Sickle
extrautils2:sickle_gold, Golden Sickle
extrautils2:sickle_diamond, Diamond Sickle
extrautils2:poweroverload, Power Overload
extrautils2:resonator, Resonator
extrautils2:suncrystal, Sun Crystal
extrautils2:spotlight, Spotlight
extrautils2:screen, Screen
extrautils2:decorativesolid:0, Border Stone
extrautils2:decorativesolid:1, Crossed Stone
extrautils2:decorativesolid:2, Polished Stone
extrautils2:decorativesolid:3, Stoneburnt
extrautils2:decorativesolid:4, Sandy Glass
extrautils2:decorativesolid:5, Truchet
extrautils2:decorativesolid:6, Blue Quartz
extrautils2:decorativesolid:7, Quartzburnt
extrautils2:decorativesolid:8, Rainbow Stone
extrautils2:ingredients:0, Resonating Redstone Crystal
extrautils2:ingredients:1, Redstone Gear
extrautils2:ingredients:2, Eye of Redstone
extrautils2:ingredients:3, Lunar Reactive Dust
extrautils2:ingredients:4, Red Coal
extrautils2:ingredients:5, Moon Stone
extrautils2:ingredients:6, Upgrade Speed
extrautils2:ingredients:7, Upgrade Stack
extrautils2:ingredients:8, Upgrade Mining
extrautils2:ingredients:9, Upgrade Base
extrautils2:ingredients:10, Drop of Evil
extrautils2:ingredients:11, Demon Ingot
extrautils2:ingredients:12, Enchanted Ingot
extrautils2:ingredients:13, Wireless RF Heating Coil
extrautils2:ingredients:14, Blue Dye
extrautils2:ingredients:15, Upgrade Speed (Magical)
extrautils2:ingredients:16, Upgrade Speed (Ultimate)
extrautils2:ingredients:17, Evil Infused Iron Ingot
extrautils2:goldenlasso:0, Golden Lasso
extrautils2:goldenlasso:1, Cursed Lasso
extrautils2:chickenring:0, Chicken Wing Ring
extrautils2:chickenring:1, Ring of the Flying Squid
extrautils2:angelring:0, Angel Ring
extrautils2:angelring:1, Angel Ring
extrautils2:angelring:2, Angel Ring
extrautils2:angelring:3, Angel Ring
extrautils2:angelring:4, Angel Ring
extrautils2:angelring:5, Angel Ring
extrautils2:powermanager, Power Manager
extrautils2:bagofholding, Bag Of Holding
extrautils2:decorativeglass:0, Thickened Glass
extrautils2:decorativeglass:1, Thickened Glass (Bordered)
extrautils2:decorativeglass:2, Thickened Glass (Patterned)
extrautils2:decorativeglass:3, Dark Glass
extrautils2:decorativeglass:4, Glowing Glass
extrautils2:decorativeglass:5, Redstone Glass
extrautils2:ineffableglass:0, Ethereal Glass
extrautils2:ineffableglass:1, Reverse Ethereal Glass
extrautils2:ineffableglass:2, Ineffable Glass
extrautils2:ineffableglass:3, Dark Ineffable Glass
extrautils2:pipe, Transfer Pipe
extrautils2:playerchest, Player Chest
extrautils2:wrench, Wrench
extrautils2:boomerang, Magical Boomerang
extrautils2:book, Extra Utilities 2 Manual
extrautils2:contract, Contract
extrautils2:chunkloader, Chunk Loading Ward
extrautils2:filter, Filter
extrautils2:filterfluids, Filter Fluids
extrautils2:grocket:0, Transfer Node (Items)
extrautils2:grocket:1, Transfer Filter
extrautils2:grocket:2, Transfer Node (Fluids)
extrautils2:grocket:3, Retrieval Node (Items)
extrautils2:grocket:4, Retrieval Node (Fluids)
extrautils2:grocket:5, Transfer Pipe Filter
extrautils2:grocket:6, Transfer Node (Energy)
extrautils2:indexer, Indexer
extrautils2:indexerremote, Indexer Remote
extrautils2:crafter, Mechanical Crafter
extrautils2:scanner, Scanner
extrautils2:miner, Mechanical Miner
extrautils2:user, Mechanical User
extrautils2:klein:0, Klein Bottle
extrautils2:drum:0, Stone Drum
extrautils2:drum:1, Iron Drum
extrautils2:drum:2, Reinforced Large Drum
extrautils2:drum:3, Demonically Gargantuan Drum
extrautils2:drum:4, Creative Drum
extrautils2:machine:0, Machine Block
extrautils2:machine:0, Furnace
extrautils2:machine:0, Crusher
extrautils2:machine:0, Enchanter
extrautils2:machine:0, Survival Generator
extrautils2:machine:0, Furnace Generator
extrautils2:machine:0, Culinary Generator
extrautils2:machine:0, Magmatic Generator
extrautils2:machine:0, Heated Redstone Generator
extrautils2:machine:0, Ender Generator
extrautils2:machine:0, Potion Generator
extrautils2:machine:0, Pink Generator
extrautils2:machine:0, Overclocked Generator
extrautils2:machine:0, Explosive Generator
extrautils2:machine:0, Netherstar Generator
extrautils2:machine:0, Halitosis Generator
extrautils2:machine:0, Frosty Generator
extrautils2:machine:0, Death Generator
extrautils2:machine:0, Dischantment Generator
extrautils2:machine:0, Slimey Generator
extrautils2:teleporter:0, Overworld Portal
extrautils2:teleporter:1, Deep Dark Portal
extrautils2:powertransmitter, Wireless RF Transmitter
extrautils2:powerbattery, Wireless RF Battery
extrautils2:quarryproxy, Quantum Quarry Actuator
extrautils2:quarry, Quantum Quarry
extrautils2:spike_wood, Wooden Spikes
extrautils2:spike_stone, Stone Spikes
extrautils2:spike_iron, Iron Spikes
extrautils2:spike_gold, Golden Spikes
extrautils2:spike_diamond, Diamond Spikes
extrautils2:spike_creative, Creative Spikes
extrautils2:redstonelantern, Redstone Lantern
extrautils2:largishchest, Slightly-Larger Chest
extrautils2:minichest, Mini Chest
extrautils2:rainbowgenerator:0, Rainbow Generator!
extrautils2:rainbowgenerator:1, Rainbow Generator (bottom half)
extrautils2:rainbowgenerator:2, Rainbow Generator (top half)
extrautils2:magicapple, Magical Apple
extrautils2:simpledecorative:0, Block of Enchanted Metal
extrautils2:simpledecorative:1, Block of Demon Metal
extrautils2:simpledecorative:2, Block of Evil Infused Iron
extrautils2:creativechest, Creative Chest
extrautils2:creativeenergy, Creative Energy Source
extrautils2:creativeharvest, Creative Harvest
extrautils2:trowel, Trowel
extrautils2:biomemarker, Biome Marker
extrautils2:terraformer:0, Terraformer
extrautils2:terraformer:1, Antenna
extrautils2:terraformer:2, Humidifier
extrautils2:terraformer:3, Dehumidifier
extrautils2:terraformer:4, Heater
extrautils2:terraformer:5, Cooler
extrautils2:terraformer:6, Dehostilifier
extrautils2:terraformer:7, Magic Absorbtion
extrautils2:terraformer:8, Magic Infuser
extrautils2:terraformer:9, Climograph Base Unit
extrautils2:trashchest, Trash Chest
extrautils2:opinium:0, Opinium Core (Pathetic)
extrautils2:opinium:1, Opinium Core (Mediocre)
extrautils2:opinium:2, Opinium Core (Passable)
extrautils2:opinium:3, Opinium Core (Decent)
extrautils2:opinium:4, Opinium Core (Good)
extrautils2:opinium:5, Opinium Core (Damn Good)
extrautils2:opinium:6, Opinium Core (Amazing)
extrautils2:opinium:7, Opinium Core (Inspiring)
extrautils2:opinium:8, Opinium Core (Perfected)
extrautils2:lawsword, Kikoku
extrautils2:flattransfernode:0, Flat Transfer Node (Items)
extrautils2:flattransfernode:1, Flat Transfer Node (Fluids)
extrautils2:analogcrafter, Analog Crafter
extrautils2:decorativebedrock:0, Bedrock Bricks
extrautils2:decorativebedrock:1, Bedrock Slabs
extrautils2:decorativebedrock:2, Bedrock Cobblestone
extrautils2:compoundbow, Compound Bow
extrautils2:fireaxe, Fire Axe
extrautils2:interactionproxy, Ender Porcupine
extrautils2:luxsaber:0, Lux Saber
extrautils2:luxsaber:0, Lux Saber
extrautils2:luxsaber:1, Lux Saber
extrautils2:luxsaber:1, Lux Saber
extrautils2:luxsaber:2, Lux Saber
extrautils2:luxsaber:2, Lux Saber
extrautils2:luxsaber:3, Lux Saber
extrautils2:luxsaber:3, Lux Saber
extrautils2:luxsaber:4, Lux Saber
extrautils2:luxsaber:4, Lux Saber
extrautils2:luxsaber:5, Lux Saber
extrautils2:luxsaber:5, Lux Saber
extrautils2:luxsaber:6, Lux Saber
extrautils2:luxsaber:6, Lux Saber
extrautils2:luxsaber:7, Lux Saber
extrautils2:luxsaber:7, Lux Saber
extrautils2:ironwood_leaves:0, Ferrous-Juniper Leaves
extrautils2:ironwood_leaves:1, Burnt Ferrous-Juniper Leaves
extrautils2:ironwood_log:0, Ferrous-Juniper Log
extrautils2:ironwood_log:1, Ferrous-Juniper Log
extrautils2:ironwood_sapling:0, Ferrous-Juniper Sapling
extrautils2:ironwood_sapling:1, Dead Ferrous-Juniper Sapling
extrautils2:ironwood_planks:0, Ferrous-Juniper Planks
extrautils2:ironwood_planks:1, Raw Ferrous-Juniper Planks
improvedbackpacks:backpack, Backpack
improvedbackpacks:bound_leather, Bound Leather
improvedbackpacks:tanned_leather, Tanned Leather
improvedbackpacks:blank_upgrade, Blank Upgrade
improvedbackpacks:upgrade:0, Storage Upgrade (Wood)
improvedbackpacks:upgrade:1, Storage Upgrade (Stone)
improvedbackpacks:upgrade:2, Storage Upgrade (Iron)
improvedbackpacks:upgrade:3, Storage Upgrade (Gold)
improvedbackpacks:upgrade:4, Storage Upgrade (Diamond)
improvedbackpacks:ender_backpack, Ender Backpack
carpentersblocks:door, Carpenter's Door
carpentersblocks:garage_door_master, Carpenter's Garage Door
carpentersblocks:carpenters_fence, Carpenter's Fence
carpentersblocks:solid, Carpenter's Block
carpentersblocks:slab, Carpenter's Slab
carpentersblocks:carpenter_stairs, Carpenter's Stairs
carpentersblocks:carpenters_gate, Carpenter's Gate
carpentersblocks:lever, Carpenter's Lever
carpentersblocks:button, Carpenter's Button
carpentersblocks:plate, Carpenter's Pressure Plate
carpentersblocks:collapsible_block, Carpenter's Collapsible Block
carpentersblocks:wedge_slope, Carpenter's Wedge Slope
carpentersblocks:oblique_interior_slope, Carpenter's Oblique Interior Slope
carpentersblocks:oblique_exterior_slope, Carpenter's Oblique Exterior Slope
carpentersblocks:prism_slope, Carpenter's Prism Slope
carpentersblocks:prism_wedge_slope, Carpenter's Prism Wedge Slope
carpentersblocks:carpenters_ladder, Carpenter's Ladder
carpentersblocks:carpenters_hatch, Carpenter's Hatch
carpentersblocks:carpenters_safe, Carpenter's Safe
carpentersblocks:torch, Carpenter's Torch
carpentersblocks:carpenters_hummer, Carpenter's Hammer
carpentersblocks:carpenters_chisel, Carpenter's Chisel
openblocks:ladder, Jaded Ladder
openblocks:guide, Building Guide
openblocks:builder_guide, Enhanced Building Guide
openblocks:elevator:0, Elevator
openblocks:elevator:1, Elevator
openblocks:elevator:2, Elevator
openblocks:elevator:3, Elevator
openblocks:elevator:4, Elevator
openblocks:elevator:5, Elevator
openblocks:elevator:6, Elevator
openblocks:elevator:7, Elevator
openblocks:elevator:8, Elevator
openblocks:elevator:9, Elevator
openblocks:elevator:10, Elevator
openblocks:elevator:11, Elevator
openblocks:elevator:12, Elevator
openblocks:elevator:13, Elevator
openblocks:elevator:14, Elevator
openblocks:elevator:15, Elevator
openblocks:elevator_rotating:0, Rotating Elevator
openblocks:elevator_rotating:1, Rotating Elevator
openblocks:elevator_rotating:2, Rotating Elevator
openblocks:elevator_rotating:3, Rotating Elevator
openblocks:elevator_rotating:4, Rotating Elevator
openblocks:elevator_rotating:5, Rotating Elevator
openblocks:elevator_rotating:6, Rotating Elevator
openblocks:elevator_rotating:7, Rotating Elevator
openblocks:elevator_rotating:8, Rotating Elevator
openblocks:elevator_rotating:9, Rotating Elevator
openblocks:elevator_rotating:10, Rotating Elevator
openblocks:elevator_rotating:11, Rotating Elevator
openblocks:elevator_rotating:12, Rotating Elevator
openblocks:elevator_rotating:13, Rotating Elevator
openblocks:elevator_rotating:14, Rotating Elevator
openblocks:elevator_rotating:15, Rotating Elevator
openblocks:heal, Healer
openblocks:target, Target
openblocks:flag:5, Flag
openblocks:tank, Tank
openblocks:trophy, Trophy
openblocks:beartrap, Bear Trap
openblocks:sprinkler, Sprinkler
openblocks:cannon, Item Cannon
openblocks:vacuum_hopper, Vacuum Hopper
openblocks:sponge, Sponge
openblocks:big_button, Stone Big Button
openblocks:big_button_wood, Wooden Big Button
openblocks:imaginary:0, Magic Pencil
openblocks:imaginary:1, Magic Crayon
openblocks:imaginary:1, Magic Crayon
openblocks:imaginary:1, Magic Crayon
openblocks:imaginary:1, Magic Crayon
openblocks:imaginary:1, Magic Crayon
openblocks:imaginary:1, Magic Crayon
openblocks:imaginary:1, Magic Crayon
openblocks:imaginary:1, Magic Crayon
openblocks:imaginary:1, Magic Crayon
openblocks:imaginary:1, Magic Crayon
openblocks:imaginary:1, Magic Crayon
openblocks:imaginary:1, Magic Crayon
openblocks:imaginary:1, Magic Crayon
openblocks:imaginary:1, Magic Crayon
openblocks:imaginary:1, Magic Crayon
openblocks:imaginary:1, Magic Crayon
openblocks:fan, Fan
openblocks:xp_bottler, XP Bottler
openblocks:village_highlighter, Village Highlighter
openblocks:path, Path
openblocks:auto_anvil, Auto Anvil
openblocks:auto_enchantment_table, Auto Enchantment Table
openblocks:xp_drain, XP Drain
openblocks:block_breaker, Block Breaker
openblocks:block_placer, Block Placer
openblocks:item_dropper, Item Dropper
openblocks:rope_ladder, Rope Ladder
openblocks:donation_station, Donation Station
openblocks:paint_mixer, Paint Mixer
openblocks:canvas, Canvas
openblocks:paint_can, Paint Can
openblocks:canvas_glass, Canvas
openblocks:projector, Height Map Projector
openblocks:drawing_table, Drawing Table
openblocks:sky:0, Sky Block
openblocks:sky:1, Sky Block
openblocks:xp_shower, XP Shower
openblocks:golden_egg, Golden Egg
openblocks:scaffolding, Scaffolding
openblocks:hang_glider, Hang Glider
openblocks:generic:0, Glider Wing
openblocks:generic:1, Beam
openblocks:generic:2, Crane Engine
openblocks:generic:3, Crane Magnet
openblocks:generic:5, Line
openblocks:generic:6, Map Controller Module
openblocks:generic:7, Map Memory Module
openblocks:generic:9, Assistant's base
openblocks:generic:10, Unprepared Stencil
openblocks:generic:11, Sketching Pencil
openblocks:luggage, Luggage
openblocks:sonic_glasses, Sonic Glasses
openblocks:pencil_glasses:0, Pencil Glasses
openblocks:crayon_glasses:0, Crayon Glasses
openblocks:crayon_glasses:0, Crayon Glasses
openblocks:crayon_glasses:0, Crayon Glasses
openblocks:crayon_glasses:0, Crayon Glasses
openblocks:crayon_glasses:0, Crayon Glasses
openblocks:crayon_glasses:0, Crayon Glasses
openblocks:crayon_glasses:0, Crayon Glasses
openblocks:crayon_glasses:0, Crayon Glasses
openblocks:crayon_glasses:0, Crayon Glasses
openblocks:crayon_glasses:0, Crayon Glasses
openblocks:crayon_glasses:0, Crayon Glasses
openblocks:crayon_glasses:0, Crayon Glasses
openblocks:crayon_glasses:0, Crayon Glasses
openblocks:crayon_glasses:0, Crayon Glasses
openblocks:crayon_glasses:0, Crayon Glasses
openblocks:crayon_glasses:0, Crayon Glasses
openblocks:technicolor_glasses:0, Amazing Technicolor Glasses
openblocks:serious_glasses:0, Badass Glasses
openblocks:crane_control, Crane Control
openblocks:crane_backpack, Crane Backpack
openblocks:slimalyzer, Slimalyzer
openblocks:xp_bucket, XP Bucket
openblocks:sleeping_bag, Sleeping Bag
openblocks:paintbrush, Paint Brush
openblocks:stencil:0, Stencil
openblocks:stencil:1, Stencil
openblocks:stencil:2, Stencil
openblocks:stencil:3, Stencil
openblocks:stencil:4, Stencil
openblocks:stencil:5, Stencil
openblocks:stencil:6, Stencil
openblocks:stencil:7, Stencil
openblocks:stencil:8, Stencil
openblocks:stencil:9, Stencil
openblocks:stencil:10, Stencil
openblocks:stencil:11, Stencil
openblocks:stencil:12, Stencil
openblocks:stencil:13, Stencil
openblocks:stencil:14, Stencil
openblocks:squeegee, Squeegee
openblocks:empty_map, Empty Map
openblocks:cartographer:0, Cartographer
openblocks:tasty_clay, Tasty Clay
openblocks:golden_eye, Golden eye
openblocks:generic_unstackable:0, Pointer
openblocks:cursor, Cursor
openblocks:info_book, World Domination with OpenBlocks
openblocks:dev_null, /dev/null
openblocks:sponge_on_a_stick, Sponge
openblocks:pedometer, Pedometer
openblocks:epic_eraser, Epic Eraser
openblocks:wrench, Big Metal Bar
openblocks:glyph:32, ' ' Glyph
openblocks:glyph:48, '0' Glyph
openblocks:glyph:49, '1' Glyph
openblocks:glyph:50, '2' Glyph
openblocks:glyph:51, '3' Glyph
openblocks:glyph:52, '4' Glyph
openblocks:glyph:53, '5' Glyph
openblocks:glyph:54, '6' Glyph
openblocks:glyph:55, '7' Glyph
openblocks:glyph:56, '8' Glyph
openblocks:glyph:57, '9' Glyph
openblocks:glyph:65, 'A' Glyph
openblocks:glyph:66, 'B' Glyph
openblocks:glyph:67, 'C' Glyph
openblocks:glyph:68, 'D' Glyph
openblocks:glyph:69, 'E' Glyph
openblocks:glyph:70, 'F' Glyph
openblocks:glyph:71, 'G' Glyph
openblocks:glyph:72, 'H' Glyph
openblocks:glyph:73, 'I' Glyph
openblocks:glyph:74, 'J' Glyph
openblocks:glyph:75, 'K' Glyph
openblocks:glyph:76, 'L' Glyph
openblocks:glyph:77, 'M' Glyph
openblocks:glyph:78, 'N' Glyph
openblocks:glyph:79, 'O' Glyph
openblocks:glyph:80, 'P' Glyph
openblocks:glyph:81, 'Q' Glyph
openblocks:glyph:82, 'R' Glyph
openblocks:glyph:83, 'S' Glyph
openblocks:glyph:84, 'T' Glyph
openblocks:glyph:85, 'U' Glyph
openblocks:glyph:86, 'V' Glyph
openblocks:glyph:87, 'W' Glyph
openblocks:glyph:88, 'X' Glyph
openblocks:glyph:89, 'Y' Glyph
openblocks:glyph:90, 'Z' Glyph
openblocks:glyph:97, 'a' Glyph
openblocks:glyph:98, 'b' Glyph
openblocks:glyph:99, 'c' Glyph
openblocks:glyph:100, 'd' Glyph
openblocks:glyph:101, 'e' Glyph
openblocks:glyph:102, 'f' Glyph
openblocks:glyph:103, 'g' Glyph
openblocks:glyph:104, 'h' Glyph
openblocks:glyph:105, 'i' Glyph
openblocks:glyph:106, 'j' Glyph
openblocks:glyph:107, 'k' Glyph
openblocks:glyph:108, 'l' Glyph
openblocks:glyph:109, 'm' Glyph
openblocks:glyph:110, 'n' Glyph
openblocks:glyph:111, 'o' Glyph
openblocks:glyph:112, 'p' Glyph
openblocks:glyph:113, 'q' Glyph
openblocks:glyph:114, 'r' Glyph
openblocks:glyph:115, 's' Glyph
openblocks:glyph:116, 't' Glyph
openblocks:glyph:117, 'u' Glyph
openblocks:glyph:118, 'v' Glyph
openblocks:glyph:119, 'w' Glyph
openblocks:glyph:120, 'x' Glyph
openblocks:glyph:121, 'y' Glyph
openblocks:glyph:122, 'z' Glyph
thaumcraft:ore_amber, Amber Bearing Stone
thaumcraft:ore_cinnabar, Cinnabar Ore
thaumcraft:ore_quartz, Quartz Ore
thaumcraft:crystal_aer, Air Crystal
thaumcraft:crystal_ignis, Fire Crystal
thaumcraft:crystal_aqua, Water Crystal
thaumcraft:crystal_terra, Earth Crystal
thaumcraft:crystal_ordo, Order Crystal
thaumcraft:crystal_perditio, Entropy Crystal
thaumcraft:crystal_vitium, Flux Crystal
thaumcraft:stone_arcane, Arcane Stone
thaumcraft:stone_arcane_brick, Arcane Stone Brick
thaumcraft:stone_ancient, Ancient Stone
thaumcraft:stone_ancient_tile, Ancient Stone Tile
thaumcraft:stone_ancient_rock, Ancient Rock
thaumcraft:stone_ancient_glyphed, Glyphed Stone
thaumcraft:stone_ancient_doorway, Ancient Barrier
thaumcraft:stone_eldritch_tile, Eldritch Stone
thaumcraft:stone_porous, Porous Stone
thaumcraft:stairs_arcane, Arcane Stone Stairs
thaumcraft:stairs_arcane_brick, Arcane Brick Stairs
thaumcraft:stairs_ancient, Ancient Stone Stairs
thaumcraft:slab_arcane_stone:0, Arcane Stone Slab
thaumcraft:slab_arcane_brick:0, Arcane Brick Slab
thaumcraft:slab_ancient:0, Ancient Stone Slab
thaumcraft:slab_eldritch:0, Eldritch Stone Slab
thaumcraft:sapling_greatwood, Greatwood Sapling
thaumcraft:sapling_silverwood, Silverwood Sapling
thaumcraft:log_greatwood, Greatwood Log
thaumcraft:log_silverwood, Silverwood Log
thaumcraft:leaves_greatwood, Greatwood Leaves
thaumcraft:leaves_silverwood, Silverwood Leaves
thaumcraft:shimmerleaf, Shimmerleaf
thaumcraft:cinderpearl, Cinderpearl
thaumcraft:vishroom, Vishroom
thaumcraft:plank_greatwood, Greatwood Planks
thaumcraft:plank_silverwood, Silverwood Planks
thaumcraft:stairs_greatwood, Greatwood Stairs
thaumcraft:stairs_silverwood, Silverwood Stairs
thaumcraft:slab_greatwood:0, Greatwood Slab
thaumcraft:slab_silverwood:0, Silverwood Slab
thaumcraft:amber_block, Amber Block
thaumcraft:amber_brick, Amber Bricks
thaumcraft:flesh_block, Block of Flesh
thaumcraft:loot_crate_common, Common Crate
thaumcraft:loot_crate_uncommon, Uncommon Crate
thaumcraft:loot_crate_rare, Rare Crate
thaumcraft:loot_urn_common, Common Urn
thaumcraft:loot_urn_uncommon, Uncommon Urn
thaumcraft:loot_urn_rare, Rare Urn
thaumcraft:taint_fibre, Fibrous Taint
thaumcraft:taint_crust, Crusted Taint
thaumcraft:taint_soil, Tainted Soil
thaumcraft:taint_rock, Tainted Rock
thaumcraft:taint_geyser, Taint Geyser
thaumcraft:taint_feature, Swollen Taint
thaumcraft:taint_log, Taintwood Log
thaumcraft:grass_ambient, Ambient Grass Block
thaumcraft:table_wood, Wood Table
thaumcraft:table_stone, Stone Table
thaumcraft:pedestal_arcane, Arcane Pedestal
thaumcraft:pedestal_ancient, Ancient Pedestal
thaumcraft:pedestal_eldritch, Eldritch Pedestal
thaumcraft:metal_brass, Brass Block
thaumcraft:metal_thaumium, Thaumium Block
thaumcraft:metal_void, Void Metal Block
thaumcraft:metal_alchemical, Alchemical Construct
thaumcraft:metal_alchemical_advanced, Advanced Alchemical Construct
thaumcraft:paving_stone_travel, Paving Stone of Travel
thaumcraft:paving_stone_barrier, Barrier Stone
thaumcraft:pillar_arcane, Infusion Pillar
thaumcraft:pillar_ancient, Ancient Infusion Pillar
thaumcraft:pillar_eldritch, Eldritch Infusion Pillar
thaumcraft:matrix_speed, Infusion Speed Stone
thaumcraft:matrix_cost, Infusion Cost Stone
thaumcraft:candle_white, White Tallow Candle
thaumcraft:candle_orange, Orange Tallow Candle
thaumcraft:candle_magenta, Magenta Tallow Candle
thaumcraft:candle_lightblue, Light Blue Tallow Candle
thaumcraft:candle_yellow, Yellow Tallow Candle
thaumcraft:candle_lime, Lime Tallow Candle
thaumcraft:candle_pink, Pink Tallow Candle
thaumcraft:candle_gray, Gray Tallow Candle
thaumcraft:candle_silver, Light Gray Tallow Candle
thaumcraft:candle_cyan, Cyan Tallow Candle
thaumcraft:candle_purple, Purple Tallow Candle
thaumcraft:candle_blue, Blue Tallow Candle
thaumcraft:candle_brown, Brown Tallow Candle
thaumcraft:candle_green, Green Tallow Candle
thaumcraft:candle_red, Red Tallow Candle
thaumcraft:candle_black, Black Tallow Candle
thaumcraft:banner_white, White Banner
thaumcraft:banner_orange, Orange Banner
thaumcraft:banner_magenta, Magenta Banner
thaumcraft:banner_lightblue, Light Blue Banner
thaumcraft:banner_yellow, Yellow Banner
thaumcraft:banner_lime, Lime Banner
thaumcraft:banner_pink, Pink Banner
thaumcraft:banner_gray, Gray Banner
thaumcraft:banner_silver, Light Gray Banner
thaumcraft:banner_cyan, Cyan Banner
thaumcraft:banner_purple, Purple Banner
thaumcraft:banner_blue, Blue Banner
thaumcraft:banner_brown, Brown Banner
thaumcraft:banner_green, Green Banner
thaumcraft:banner_red, Red Banner
thaumcraft:banner_black, Black Banner
thaumcraft:banner_crimson_cult, Crimson Cult Banner
thaumcraft:nitor_white, White Nitor
thaumcraft:nitor_orange, Orange Nitor
thaumcraft:nitor_magenta, Magenta Nitor
thaumcraft:nitor_lightblue, Light Blue Nitor
thaumcraft:nitor_yellow, Yellow Nitor
thaumcraft:nitor_lime, Lime Nitor
thaumcraft:nitor_pink, Pink Nitor
thaumcraft:nitor_gray, Gray Nitor
thaumcraft:nitor_silver, Light Gray Nitor
thaumcraft:nitor_cyan, Cyan Nitor
thaumcraft:nitor_purple, Purple Nitor
thaumcraft:nitor_blue, Blue Nitor
thaumcraft:nitor_brown, Brown Nitor
thaumcraft:nitor_green, Green Nitor
thaumcraft:nitor_red, Red Nitor
thaumcraft:nitor_black, Black Nitor
thaumcraft:vis_battery, Vis Battery
thaumcraft:inlay, Redstone Inlay
thaumcraft:arcane_workbench, Arcane Workbench
thaumcraft:arcane_workbench_charger, Workbench Charger
thaumcraft:dioptra, Thaumic Dioptra
thaumcraft:research_table, Research Table
thaumcraft:crucible, Crucible
thaumcraft:arcane_ear, Arcane Ear
thaumcraft:arcane_ear_toggle, Arcane Ear (Toggle)
thaumcraft:lamp_arcane, Arcane Lamp
thaumcraft:lamp_fertility, Lamp of Fertility
thaumcraft:lamp_growth, Lamp of Growth  
thaumcraft:levitator, Arcane Levitator
thaumcraft:centrifuge, Essentia Centrifuge
thaumcraft:bellows, Arcane Bellows
thaumcraft:smelter_basic, Essentia Smeltery
thaumcraft:smelter_thaumium, Thaumium Essentia Smeltery
thaumcraft:smelter_void, Void Metal Essentia Smeltery
thaumcraft:smelter_aux, Auxiliary Slurry Pump
thaumcraft:smelter_vent, Auxiliary Venting Port
thaumcraft:alembic, Arcane Alembic
thaumcraft:recharge_pedestal, Recharge Pedestal
thaumcraft:wand_workbench, Focal Manipulator
thaumcraft:hungry_chest, Hungry Chest
thaumcraft:tube, Essentia Tube
thaumcraft:tube_valve, Essentia Valve
thaumcraft:tube_restrict, Restricted Essentia Tube
thaumcraft:tube_oneway, Directional Essentia Tube
thaumcraft:tube_filter, Filtered Essentia Tube
thaumcraft:tube_buffer, Essentia Buffer
thaumcraft:jar_normal, Warded Jar
thaumcraft:jar_void, Void Jar
thaumcraft:jar_brain, Brain in a Jar
thaumcraft:infusion_matrix, Runic Matrix
thaumcraft:infernal_furnace, Infernal Furnace
thaumcraft:everfull_urn, Everfull Urn
thaumcraft:thaumatorium, Thaumatorium
thaumcraft:thaumatorium_top, Thaumatorium
thaumcraft:brain_box, Mnemonic Matrix
thaumcraft:spa, Arcane Spa
thaumcraft:golem_builder, Golem Press
thaumcraft:mirror, Magic Mirror
thaumcraft:mirror_essentia, Essentia Mirror
thaumcraft:essentia_input, Filling Essentia Transfuser
thaumcraft:essentia_output, Emptying Essentia Transfuser
thaumcraft:redstone_relay, Redstone Relay
thaumcraft:pattern_crafter, Arcane Pattern Crafter
thaumcraft:potion_sprayer, Potion Sprayer
thaumcraft:activator_rail, Arcane Activator Rail
thaumcraft:stabilizer, Stabilizer
thaumcraft:vis_generator, Vis Generator
thaumcraft:condenser, Flux Condenser
thaumcraft:condenser_lattice, Flux Condenser Lattice
thaumcraft:condenser_lattice_dirty, Clogged Flux Condenser Lattice
thaumcraft:void_siphon, Void Siphon
thaumcraft:hole, Dimensional Tear
thaumcraft:effect_shock, Static Field
thaumcraft:effect_sap, Sapping Field
thaumcraft:effect_glimmer, Glimmer
thaumcraft:placeholder_brick, Infernal Furnace
thaumcraft:placeholder_obsidian, Infernal Furnace
thaumcraft:placeholder_bars, Golem Press
thaumcraft:placeholder_anvil, Golem Press
thaumcraft:placeholder_cauldron, Golem Press
thaumcraft:placeholder_table, Golem Press
thaumcraft:empty, Empty Space
thaumcraft:barrier, Warding Aura
witchery:belladonna_seeds, Belladonna Seeds
witchery:mandrake_seeds, Mandrake Seeds
witchery:artichoke_seeds, Water Artichoke Seeds
witchery:snowbell_seeds, Snowbell Seeds
witchery:wormwood_seeds, Wormwood Seeds
witchery:wolfsbane_seeds, Wolfsbane Seeds
witchery:garlic, Garlic
witchery:mindrake_bulb, Minedrake Bulb
witchery:wild_bramble, Wild Bramble
witchery:ender_bramble, Ender Bramble
witchery:void_bramble, Void Bramble
witchery:glint_weed, Glint Weed
witchery:spanish_moss, Spanish Moss
witchery:leaping_lily, Leaping Lily
witchery:ember_moss, Ember Moss
witchery:empty_critter_snare, Critter Snare
witchery:bat_critter_snare, Critter Snare (Bat)
witchery:silverfish_critter_snare, Critter Snare (Silverfish)
witchery:slime_critter_snare, Critter Snare (Slime)
witchery:magma_cube_critter_snare, Critter Snare (Magma Cube)
witchery:grassper, Grassper
witchery:blood_poppy, Blood Poppy
witchery:wispy_cotton, Wispy Cotton
witchery:demon_heart, Demon Heart
witchery:wolf_head, Wolf Head
witchery:hellhound_head, Hellhound Head
witchery:rowan_door, Rowan Door
witchery:alder_door, Alder Door
witchery:disguised_alder_door, Alder Door
witchery:hawthorn_door, Hawthorn Door
witchery:ice_door, Ice Door
witchery:chalice, Chalice
witchery:full_chalice, Chalice (Filled)
witchery:candelabra, Candelabra
witchery:alluring_skull, Alluring Skull
witchery:plain_wicker_bundle, Wicker Bundle
witchery:bloodied_wicker_bundle, Bloodied Wicker Bundle
witchery:goddess_statue, Statue of The Goddess
witchery:perpetual_ice, Perpetual Ice
witchery:ice_stairs, Ice Stairs
witchery:ice_slab, Ice Slab
witchery:ice_fence, Ice Fence
witchery:ice_fence_gate, Ice Gate
witchery:ice_pressure_plate, Ice Pressure Plate
witchery:snow_pressure_plate, Snow Pressure Plate
witchery:snow_stairs, Snow Stairs
witchery:snow_slab, Snow Slab
witchery:infinity_egg, Infinity Egg
witchery:pit_dirt, Dirt
witchery:pit_podzol, Podzol
witchery:pit_grass, Grass
witchery:garlic_garland, Garlic Garland
witchery:blood_stained_wool, Blood-stained Wool
witchery:mirror_wall, Mirror Wall
witchery:refilling_chest, Chest
witchery:torment_stone, Torment Stone
witchery:leech_chest, Leech Chest
witchery:altar, Altar
witchery:kettle, Kettle
witchery:poppet_shelf, Poppet Shelf
witchery:fleet_foot_dream_weaver, Dream Weaver of Fleet Foot
witchery:iron_arm_dream_weaver, Dream Weaver of Iron Arm
witchery:fasting_dream_weaver, Dream Weaver of Fasting
witchery:nightmares_dream_weaver, Dream Weaver of Nightmares
witchery:intensity_dream_weaver, Dream Weaver of Intensity
witchery:crystal_ball, Crystal Ball
witchery:spinning_wheel, Spinning Wheel
witchery:brazier, Brazier
witchery:witches_oven, Witches Oven
witchery:fume_funnel, Fume Funnel
witchery:filtered_fume_funnel, Filtered Fume Funnel
witchery:distillery, Distillery
witchery:scarecrow, Scarecrow
witchery:trent_effigy, Trent Effigy
witchery:witchs_ladder, Witch's Ladder
witchery:occluded_summons_statue, Statue of Occluded Summons
witchery:broken_curses_statue, Statue of Broken Curses
witchery:worship_statue, Statue of Hobgoblin Patron
witchery:cauldron, Witch's Cauldron
witchery:wolf_altar, Wolf Altar
witchery:silver_vat, Silver Vat
witchery:beartrap, Beartrap
witchery:wolftrap, Wolftrap
witchery:sun_collector, Sun Collector
witchery:blood_crucible, Blood Crucible
witchery:mirror, Mirror
witchery:heart_circle_glyph, Golden Chalk
witchery:ritual_circle_glyph, Ritual Chalk
witchery:otherwhere_circle_glyph, Otherwhere Chalk
witchery:infernal_circle_glyph, Infernal Chalk
witchery:white_coffin, White Coffin
witchery:orange_coffin, Orange Coffin
witchery:magenta_coffin, Magenta Coffin
witchery:light_blue_coffin, Light Blue Coffin
witchery:yellow_coffin, Yellow Coffin
witchery:lime_coffin, Lime Coffin
witchery:pink_coffin, Pink Coffin
witchery:gray_coffin, Gray Coffin
witchery:silver_coffin, Light Gray Coffin
witchery:cyan_coffin, Cyan Coffin
witchery:purple_coffin, Purple Coffin
witchery:blue_coffin, Blue Coffin
witchery:brown_coffin, Brown Coffin
witchery:green_coffin, Green Coffin
witchery:red_coffin, Red Coffin
witchery:black_coffin, Black Coffin
witchery:white_shaded_glass, White Shaded Glass
witchery:orange_shaded_glass, Orange Shaded Glass
witchery:magenta_shaded_glass, Magenta Shaded Glass
witchery:light_blue_shaded_glass, Light Blue Shaded Glass
witchery:yellow_shaded_glass, Yellow Shaded Glass
witchery:lime_shaded_glass, Lime Shaded Glass
witchery:pink_shaded_glass, Pink Shaded Glass
witchery:gray_shaded_glass, Gray Shaded Glass
witchery:silver_shaded_glass, Light Gray Shaded Glass
witchery:cyan_shaded_glass, Cyan Shaded Glass
witchery:purple_shaded_glass, Purple Shaded Glass
witchery:blue_shaded_glass, Blue Shaded Glass
witchery:brown_shaded_glass, Brown Shaded Glass
witchery:green_shaded_glass, Green Shaded Glass
witchery:red_shaded_glass, Red Shaded Glass
witchery:black_shaded_glass, Black Shaded Glass
witchery:rose_web_plant_mine, Poppy of Webs
witchery:rose_ink_plant_mine, Poppy of Ink
witchery:rose_thorn_plant_mine, Poppy of Thorns
witchery:rose_sprouting_plant_mine, Poppy of Sprouting
witchery:dandelion_web_plant_mine, Dandelion of Webs
witchery:dandelion_ink_plant_mine, Dandelion of Ink
witchery:dandelion_thorn_plant_mine, Dandelion of Thorns
witchery:dandelion_sprouting_plant_mine, Dandelion of Sprouting
witchery:dead_bush_web_plant_mine, Shrub of Webs
witchery:dead_bush_ink_plant_mine, Shrub of Ink
witchery:dead_bush_thorn_plant_mine, Shrub of Thorns
witchery:dead_bush_sprouting_plant_mine, Shrub of Sprouting
witchery:oak_stockade, Oak Stockade
witchery:spruce_stockade, Spruce Stockade
witchery:birch_stockade, Birch Stockade
witchery:jungle_stockade, Jungle Stockade
witchery:acacia_stockade, Acacia Stockade
witchery:dark_oak_stockade, Dark Oak Stockade
witchery:rowan_stockade, Rowan Stockade
witchery:alder_stockade, Alder Stockade
witchery:hawthorn_stockade, Hawthorn Stockade
witchery:ice_stockade, Ice Stockade
witchery:rowan_log, Rowan Wood
witchery:rowan_planks, Rowan Wood Planks
witchery:rowan_slab, Rowan Slab
witchery:rowan_stairs, Rowan Stairs
witchery:rowan_fence, Rowan Fence
witchery:rowan_fence_gate, Rowan Fence Gate
witchery:rowan_sapling, Rowan Sapling
witchery:rowan_leaves, Rowan Leaves
witchery:alder_log, Alder Wood
witchery:alder_planks, Alder Wood Planks
witchery:alder_slab, Alder Slab
witchery:alder_stairs, Alder Stairs
witchery:alder_fence, Alder Fence
witchery:alder_fence_gate, Alder Fence Gate
witchery:alder_sapling, Alder Sapling
witchery:alder_leaves, Alder Leaves
witchery:hawthorn_log, Hawthorn Wood
witchery:hawthorn_planks, Hawthorn Wood Planks
witchery:hawthorn_slab, Hawthorn Slab
witchery:hawthorn_stairs, Hawthorn Stairs
witchery:hawthorn_fence, Hawthorn Fence
witchery:hawthorn_fence_gate, Hawthorn Fence Gate
witchery:hawthorn_sapling, Hawthorn Sapling
witchery:hawthorn_leaves, Hawthorn Leaves
witchery:soft_clay_jar, Soft Clay Jar
witchery:clay_jar, Clay Jar
witchery:foul_fume, Foul Fume
witchery:diamond_vapor, Diamond Vapor
witchery:vitriol_oil, Oil of Vitriol
witchery:horned_one_exhale, Exhale of the Horned One
witchery:goddess_breath, Breath of the Goddess
witchery:goddess_tear, Tear of the Goddess
witchery:rebirth_hint, Hint of Rebirth
witchery:magic_whiff, Whiff of Magic
witchery:misfortune_reek, Reek of Misfortune
witchery:purity_odor, Odor of Purity
witchery:luck_drop, Drop of Luck
witchery:ender_dew, Ender Dew
witchery:demonic_blood, Demonic Blood
witchery:mellifluous_hunger, Mellifluous Hunger
witchery:purified_milk, Purified Milk
witchery:focused_will, Focused Will
witchery:condensed_fear, Condensed Fear
witchery:redstone_soup, Redstone Soup
witchery:flying_ointment, Flying Ointment
witchery:light_ghost, Ghost of the Light
witchery:world_soul, Soul of the World
witchery:otherwhere_spirit, Spirit of Otherwhere
witchery:infernal_animus, Infernal Animus
witchery:mystic_unguent, Mystic Unguent
witchery:infused_brew_base, Infused Brew Base
witchery:vines_brew, Brew of Vines
witchery:webs_brew, Brew of Webs
witchery:thorns_brew, Brew of Thorns
witchery:ink_brew, Brew of Ink
witchery:sprouting_brew, Brew of Sprouting
witchery:erosion_brew, Brew of Erosion
witchery:raising_brew, Brew of Raising
witchery:love_brew, Brew of Love
witchery:ice_brew, Brew of Frost
witchery:frogs_tongue_brew, Brew of Frogs Tongue
witchery:cursed_leaping_brew, Brew of Cursed Leaping
witchery:hitchcock_brew, Brew of Bodega
witchery:infection_brew, Brew of Infection
witchery:flowing_spirit_brew, Brew of Flowing Spirit
witchery:hollow_tears_brew, Brew of Hollow Tears
witchery:wasting_brew, Brew of Wasting
witchery:bats_brew, Brew of Bats
witchery:revealing_brew, Brew of Revealing
witchery:substitution_brew, Brew of Substitution
witchery:grotesque_brew, Brew of the Grotesque
witchery:depths_brew, Brew of the Depths
witchery:sleeping_brew, Brew of Sleeping
witchery:congealed_spirit, Congealed Spirit
witchery:infused_soaring_brew, Infused Brew of Soaring
witchery:infused_grave_brew, Infused Brew of the Grave
witchery:solidifying_stone_brew, Solidifying Brew (Stone)
witchery:solidifying_dirt_brew, Solidifying Brew (Dirt)
witchery:solidifying_sand_brew, Solidifying Brew (Sand)
witchery:solidifying_sandstone_brew, Solidifying Brew (Sandstone)
witchery:solidifying_erosion_brew, Solidifying Brew (Erosion)
witchery:hunger_demon_soul, Soul of Hunger Demon
witchery:anguish_demon_soul, Soul of Anguish Demon
witchery:fear_demon_soul, Soul of Fear Demon
witchery:torment_demon_soul, Soul of Torment Demon
witchery:collecting_fumes_book, §o§lWitchcraft§r§o: Collecting Fumes
witchery:distilling_book, §o§lWitchcraft§r§o: Distilling
witchery:circle_magic_book, §o§lWitchcraft§r§o: Circle Magic
witchery:brews_and_infusions_book, §o§lWitchcraft§r§o: Brews & Infusions
witchery:herbology_book, §o§lWitchcraft§r§o: Herbology
witchery:symbology_book, §o§lWitchcraft§r§o: Symbology
witchery:conjuration_and_fetishes_book, §o§lWitchcraft§r§o: Conjuration & Fetishes
witchery:biomes_book, §o§lBook of Biomes
witchery:extended_biomes_book, §o§lBook of Biomes§r§o (Extended Edition)
witchery:witches_brews_book, Witches' Brews
witchery:immortals_observations_book, Observations of an Immortal
witchery:bone_needle, Bone Needle
witchery:broom, Broom
witchery:enchanted_broom, Enchanted Broom
witchery:attuned_stone, Attuned Stone
witchery:charged_attuned_stone, Attuned Stone (Charged)
witchery:waystone, Waystone
witchery:bound_waystone, Bound Waystone
witchery:blooded_waystone, Blooded Waystone
witchery:mutandis, Mutandis
witchery:mutandis_extremis, Mutandis Extremis
witchery:quicklime, Quicklime
witchery:gypsum, Gypsum
witchery:wood_ash, Wood Ash
witchery:belladonna_flower, Belladonna Flower
witchery:mandrake_root, Mandrake Root
witchery:snowbell_flower, Snowbell Flower
witchery:bat_wool, Wool of Bat
witchery:concentrated_bat_ball, Concentrated Bat Ball
witchery:dog_tongue, Tongue of Dog
witchery:refined_evil, Refined Evil
witchery:odd_porkchop, Porkchop?
witchery:cooked_odd_porkchop, Cooked Porkchop?
witchery:rowan_door_key, Rowan Door Key
witchery:rowan_keyring, Rowan Keyring
witchery:rock, Rock
witchery:dense_web, Dense Web
witchery:rowan_berries, Rowan Berries
witchery:necromantic_stone, Necromantic Stone
witchery:spectral_dust, Spectral Dust
witchery:artichoke_globe, Water Artichoke Globe
witchery:treefyd_seeds, Treefyd Seed
witchery:impregnated_leather, Impregnated Leather
witchery:fume_filter, Fume Filter
witchery:creeper_heart, Creeper Heart
witchery:frozen_heart, Frozen Heart
witchery:icy_needle, Icy Needle
witchery:ent_twig, Ent Twig
witchery:owlets_wing, Owlet's Wing
witchery:frogs_toe, Toe of Frog
witchery:wormy_apple, Wormy Apple
witchery:quartz_sphere, Quartz Sphere
witchery:happenstance_oil, Happenstance Oil
witchery:seer_stone, Seer Stone
witchery:sleeping_apple, Apple
witchery:disturbed_cotton, Disturbed Cotton
witchery:fanciful_thread, Fanciful Thread
witchery:tormented_twine, Tormented Twine
witchery:golden_thread, Golden Thread
witchery:fanciful_thinking_charm, Charm of Fanciful Thinking
witchery:wormwood, Wormwood
witchery:subdued_spirit, Subdued Spirit
witchery:subdued_village_spirit, Subdued Village Spirit
witchery:graveyard_dust, Graveyard Dust
witchery:binkys_skull, Binky's Skull
witchery:null_catalyst, Null Catalyst
witchery:nullified_leather, Nullified Leather
witchery:koboldite_dust, Koboldite Dust
witchery:koboldite_nugget, Koboldite Nugget
witchery:koboldite_ingot, Koboldite Ingot
witchery:pentacle, Pentacle
witchery:anointing_paste, Anointing Paste
witchery:wolfsbane, Wolfsbane
witchery:silver_deposits, Silver Deposits
witchery:sheep_liver, Raw Sheep's Liver
witchery:cooked_sheep_liver, Cooked Sheep's Liver
witchery:torn_page, Torn Page
witchery:woven_cruor, Woven Cruor
witchery:stake, Wooden Stake
witchery:warm_blood, Warm Blood
witchery:liliths_blood, Lilith's Blood
witchery:golden_heart, Heart of Gold
witchery:wooden_bolt, Wooden Bolt
witchery:nullifying_bolt, Nullifying Bolt
witchery:bone_bolt, Bone Bolt
witchery:splitting_bolt, Splitting Bolt
witchery:silver_bolt, Silver Bolt
witchery:demonic_contract, Demonic Contract
witchery:torment_contract, Torment
witchery:living_flame_contract, Living Flame
witchery:fiery_tolerance_contract, Fiery Tolerance
witchery:evaporation_contract, Evaporation
witchery:fiery_touch_contract, Fiery Touch
witchery:melting_touch_contract, Melting Touch
witchery:poppet, Poppet
witchery:earth_protection_poppet, Earth Protection Poppet
witchery:water_protection_poppet, Water Protection Poppet
witchery:fire_protection_poppet, Fire Protection Poppet
witchery:hunger_protection_poppet, Hunger Protection Poppet
witchery:tool_protection_poppet, Tool Protection Poppet
witchery:death_protection_poppet, Death Protection Poppet
witchery:voodoo_protection_poppet, Voodoo Protection Poppet
witchery:voodoo_poppet, Voodoo Poppet
witchery:vampiric_poppet, Vampiric Poppet
witchery:poppet_protection_poppet, Poppet Protection Poppet
witchery:armor_protection_poppet, Armor Protection Poppet
witchery:taglock_kit, Taglock Kit
witchery:bound_taglock_kit, Bound Taglock Kit
witchery:universal_antidote, Universal Antidote
witchery:meaty_stew, Meaty Stew
witchery:raw_meaty_stew, Raw Meaty Stew
witchery:boline, Boline
witchery:arthana, Arthana
witchery:huntsmans_spear, Spear of the Huntsman
witchery:crossbow_pistol, Witch Hunter Pistol Crossbow
witchery:deaths_hand, Hand of Death
witchery:deployed_deaths_hand, Hand of Death
witchery:silver_sword, Silver Sword
witchery:cane_sword, Cane Sword
witchery:drawn_cane_sword, Cane Sword (Drawn)
witchery:witches_hand, Witches Hand
witchery:circle_talisman, Circle Talisman
witchery:mystic_branch, Mystic Branch
witchery:water_diviner, Water Diviner
witchery:lava_diviner, Lava Diviner
witchery:polynesia_charm, Polynesia Charm
witchery:devils_tongue_charm, Devils Tongue Charm
witchery:mutating_sprig, Mutating Sprig
witchery:parasytic_louse, Parasytic Louse
witchery:brew_bag, Brew Bag
witchery:spectral_stone, Spectral Stone
witchery:poppet_shelf_compass, Poppet Shelf Compass
witchery:koboldite_pickaxe, Koboldite Pickaxe
witchery:brew_bottle, Brew
witchery:splash_brew_bottle, item.witchery.splash_brew_bottle.name
witchery:lingering_brew_bottle, Lingering Brew Bottle
witchery:combustion_brew, Brew of Combustion
witchery:endless_water_brew, Brew of Endless Water
witchery:biome_note, Biome Note
witchery:leonards_urn1, Leonard's Urn
witchery:leonards_urn2, Leonard's Urn
witchery:leonards_urn3, Leonard's Urn
witchery:leonards_urn4, Leonard's Urn
witchery:player_compass, Player Compass
witchery:moon_charm, Moon Charm
witchery:hunts_horn, Horn of the Hunt
witchery:creative_medallion, Medallion of Blood and Beast
witchery:glass_goblet, Glass Goblet
witchery:full_glass_goblet, Full Glass Goblet
witchery:sun_grenade, Sun Grenade
witchery:duplication_grenade, Duplication Grenade
witchery:rowan_boat, Rowan Boat
witchery:alder_boat, Alder Boat
witchery:hawthorn_boat, Hawthorn Boat
witchery:witches_hat, Witches' Hat
witchery:babas_hat, Baba Yaga's Hat
witchery:witches_robes, Witches Robes
witchery:necromancer_robes, Necromancer Robes
witchery:biting_belt, Biting Belt
witchery:bark_belt, Bark Belt
witchery:icy_slippers, Icy Slippers
witchery:ruby_slippers, Ruby Slippers
witchery:seeping_shoes, Seeping Shoes
witchery:hunter_hat, Witch Hunter Hat
witchery:hunter_coat, Witch Hunter Coat
witchery:hunter_leggings, Witch Hunter Trousers
witchery:hunter_boots, Witch Hunter Boots
witchery:silvered_hunter_hat, Witch Hunter Hat (Silvered)
witchery:silvered_hunter_coat, Witch Hunter Coat (Silvered)
witchery:silvered_hunter_leggings, Witch Hunter Trousers (Silvered)
witchery:silvered_hunter_boots, Witch Hunter Boots (Silvered)
witchery:dawn_hunter_hat, Witch Hunter Dawn Hat
witchery:dawn_hunter_coat, Witch Hunter Dawn Coat
witchery:dawn_hunter_leggings, Witch Hunter Dawn Trousers
witchery:dawn_hunter_boots, Witch Hunter Dawn Boots
witchery:deaths_hood, Death's Hood
witchery:deaths_robe, Death's Robe
witchery:deaths_footwear, Death's Footwear
witchery:mogs_quiver, Mog's Quiver
witchery:gulgs_grudle, Gulg's Gurdle
witchery:twisting_band, Twisting Band
witchery:earmuffs, Earmuffs
witchery:vampire_top_hat, Vampire Top Hat
witchery:vampire_veil_hat, Vampire Veil Hat
witchery:vampire_helmet, Vampire Helmet
witchery:vampire_coat, Vampire Waist Coat
witchery:vampire_corset, Vampire Corset
witchery:vampire_chestplate, Vampire Chestplate
witchery:vampire_trousers, Vampire Trousers
witchery:vampire_skirt, Vampire Skirt
witchery:vampire_leggings, Vampire Leggings
witchery:vampire_shoes, Vampire Shoes
witchery:vampire_heels, Vampire Heels
witchery:vampire_boots, Vampire Boots
forge:bucketfilled, %s Bucket
baubles:ring:0, Miner's Ring
thaumcraft:thaumonomicon:0, Thaumonomicon
thaumcraft:curio:0, Arcane Curiosity
thaumcraft:curio:1, Preserved Curiosity
thaumcraft:curio:2, Ancient Curiosity
thaumcraft:curio:3, Eldritch Curiosity
thaumcraft:curio:4, Illuminating Curiosity
thaumcraft:curio:5, Twisted Curiosity
thaumcraft:curio:6, Crimson Rites
thaumcraft:loot_bag:0, Common Treasure
thaumcraft:loot_bag:1, Uncommon Treasure
thaumcraft:loot_bag:2, Rare Treasure
thaumcraft:primordial_pearl, item.primordial_pearl.name
thaumcraft:pech_wand, Pech Wand
thaumcraft:celestial_notes:0, Celestial Notes
thaumcraft:celestial_notes:1, Celestial Notes
thaumcraft:celestial_notes:2, Celestial Notes
thaumcraft:celestial_notes:3, Celestial Notes
thaumcraft:celestial_notes:4, Celestial Notes
thaumcraft:celestial_notes:5, Celestial Notes
thaumcraft:celestial_notes:6, Celestial Notes
thaumcraft:celestial_notes:7, Celestial Notes
thaumcraft:celestial_notes:8, Celestial Notes
thaumcraft:celestial_notes:9, Celestial Notes
thaumcraft:celestial_notes:10, Celestial Notes
thaumcraft:celestial_notes:11, Celestial Notes
thaumcraft:celestial_notes:12, Celestial Notes
thaumcraft:amber, Amber
thaumcraft:quicksilver, Quicksilver
thaumcraft:ingot:0, Thaumium Ingot
thaumcraft:ingot:1, Void Metal Ingot
thaumcraft:ingot:2, Alchemical Brass Ingot
thaumcraft:nugget:0, Iron Nugget
thaumcraft:nugget:1, Copper Nugget
thaumcraft:nugget:2, Tin Nugget
thaumcraft:nugget:3, Silver Nugget
thaumcraft:nugget:4, Lead Nugget
thaumcraft:nugget:5, Quicksilver Drop
thaumcraft:nugget:6, Thaumium Nugget
thaumcraft:nugget:7, Void Metal Nugget
thaumcraft:nugget:8, Alchemical Brass Nugget
thaumcraft:nugget:9, Quartz Sliver
thaumcraft:nugget:10, Rare Earths
thaumcraft:cluster:0, Native Iron Cluster
thaumcraft:cluster:1, Native Gold Cluster
thaumcraft:cluster:2, Native Copper Cluster
thaumcraft:cluster:3, Native Tin Cluster
thaumcraft:cluster:4, Native Silver Cluster
thaumcraft:cluster:5, Native Lead Cluster
thaumcraft:cluster:6, Native Cinnabar Cluster
thaumcraft:cluster:7, Native Quartz Cluster
thaumcraft:fabric, Enchanted Fabric
thaumcraft:vis_resonator, Vis Resonator
thaumcraft:tallow, Magic Tallow
thaumcraft:mechanism_simple, Simple Arcane Mechanism
thaumcraft:mechanism_complex, Complex Arcane Mechanism
thaumcraft:plate:0, Brass Plate
thaumcraft:plate:1, Iron Plate
thaumcraft:plate:2, Thaumium Plate
thaumcraft:plate:3, Void Metal Plate
thaumcraft:filter, Essentia Filter
thaumcraft:morphic_resonator, Morphic Resonator
thaumcraft:salis_mundus, Salis Mundus
thaumcraft:mirrored_glass, Mirrored Glass
thaumcraft:void_seed, Void Seed
thaumcraft:mind:0, Clockwork Mind
thaumcraft:mind:1, Biothaumic Mind
thaumcraft:module:0, Vision Module
thaumcraft:module:1, Aggression Module
thaumcraft:crystal_essence, %s Vis Crystal
thaumcraft:chunk:0, Beef Nugget
thaumcraft:chunk:1, Chicken Nugget
thaumcraft:chunk:2, Pork Nugget
thaumcraft:chunk:3, Fish Nugget
thaumcraft:chunk:4, Rabbit Nugget
thaumcraft:chunk:5, Mutton Nugget
thaumcraft:triple_meat_treat, Triple Meat Treat
thaumcraft:brain, Zombie Brain
thaumcraft:label:0, Blank Label
thaumcraft:phial:0, Glass Phial
thaumcraft:phial:1, Phial of Aer Essentia
thaumcraft:phial:1, Phial of Terra Essentia
thaumcraft:phial:1, Phial of Ignis Essentia
thaumcraft:phial:1, Phial of Aqua Essentia
thaumcraft:phial:1, Phial of Ordo Essentia
thaumcraft:phial:1, Phial of Perditio Essentia
thaumcraft:phial:1, Phial of Vacuos Essentia
thaumcraft:phial:1, Phial of Lux Essentia
thaumcraft:phial:1, Phial of Motus Essentia
thaumcraft:phial:1, Phial of Gelum Essentia
thaumcraft:phial:1, Phial of Vitreus Essentia
thaumcraft:phial:1, Phial of Metallum Essentia
thaumcraft:phial:1, Phial of Victus Essentia
thaumcraft:phial:1, Phial of Mortuus Essentia
thaumcraft:phial:1, Phial of Potentia Essentia
thaumcraft:phial:1, Phial of Permutatio Essentia
thaumcraft:phial:1, Phial of Praecantatio Essentia
thaumcraft:phial:1, Phial of Auram Essentia
thaumcraft:phial:1, Phial of Alkimia Essentia
thaumcraft:phial:1, Phial of Vitium Essentia
thaumcraft:phial:1, Phial of Tenebrae Essentia
thaumcraft:phial:1, Phial of Alienis Essentia
thaumcraft:phial:1, Phial of Volatus Essentia
thaumcraft:phial:1, Phial of Herba Essentia
thaumcraft:phial:1, Phial of Instrumentum Essentia
thaumcraft:phial:1, Phial of Fabrico Essentia
thaumcraft:phial:1, Phial of Machina Essentia
thaumcraft:phial:1, Phial of Vinculum Essentia
thaumcraft:phial:1, Phial of Spiritus Essentia
thaumcraft:phial:1, Phial of Cognitio Essentia
thaumcraft:phial:1, Phial of Sensus Essentia
thaumcraft:phial:1, Phial of Aversio Essentia
thaumcraft:phial:1, Phial of Praemunio Essentia
thaumcraft:phial:1, Phial of Desiderium Essentia
thaumcraft:phial:1, Phial of Exanimis Essentia
thaumcraft:phial:1, Phial of Bestia Essentia
thaumcraft:phial:1, Phial of Humanus Essentia
thaumcraft:phial:1, Phial of Chronos Essentia
thaumcraft:phial:1, Phial of Anteanus Essentia
thaumcraft:phial:1, Phial of Priscus Essentia
thaumcraft:phial:1, Phial of Rattus Essentia
thaumcraft:alumentum:0, Alumentum
thaumcraft:jar_brace, Brass Lid Brace
thaumcraft:bottle_taint, Bottle of Taint
thaumcraft:sanity_soap, Sanitizing Soap
thaumcraft:bath_salts, Purifying Bath Salts
thaumcraft:turret:0, Automated Crossbow
thaumcraft:turret:1, Advanced Automated Crossbow
thaumcraft:turret:2, Arcane Bore
thaumcraft:causality_collapser, Causality Collapser
thaumcraft:scribing_tools, Scribing Tools
thaumcraft:thaumometer, Thaumometer
thaumcraft:resonator, Essentia Resonator
thaumcraft:sanity_checker, Sanity Checker
thaumcraft:hand_mirror, Magic Hand Mirror
thaumcraft:thaumium_axe, Thaumium Axe
thaumcraft:thaumium_sword, Thaumium Sword
thaumcraft:thaumium_shovel, Thaumium Shovel
thaumcraft:thaumium_pick, Thaumium Pickaxe
thaumcraft:thaumium_hoe, Thaumium Hoe
thaumcraft:void_axe, Void Axe
thaumcraft:void_sword, Void Sword
thaumcraft:void_shovel, Void Shovel
thaumcraft:void_pick, Void Pickaxe
thaumcraft:void_hoe, Void Hoe
thaumcraft:elemental_axe, Axe of the Stream
thaumcraft:elemental_sword, Sword of the Zephyr
thaumcraft:elemental_shovel, Shovel of the Earthmover
thaumcraft:elemental_pick, Pickaxe of the Core
thaumcraft:elemental_hoe, Hoe of Growth
thaumcraft:primal_crusher, Primal Crusher
thaumcraft:crimson_blade, Crimson Blade
thaumcraft:grapple_gun, Arcane Grappler
thaumcraft:grapple_gun_tip, Grappler Head
thaumcraft:grapple_gun_spool, Grappler Spool
thaumcraft:goggles, Goggles of Revealing
thaumcraft:thaumium_helm, Thaumium Helm
thaumcraft:thaumium_chest, Thaumium Chestplate
thaumcraft:thaumium_legs, Thaumium Leggings
thaumcraft:thaumium_boots, Thaumium Boots
thaumcraft:cloth_chest, Thaumaturge's Robe
thaumcraft:cloth_legs, Thaumaturge's Leggings
thaumcraft:cloth_boots, Thaumaturge's Boots
thaumcraft:traveller_boots, Boots of the Traveller
thaumcraft:fortress_helm, Thaumium Fortress Helm
thaumcraft:fortress_chest, Thaumium Fortress Cuirass
thaumcraft:fortress_legs, Thaumium Fortress Thigh Guards
thaumcraft:void_helm, Void Helm
thaumcraft:void_chest, Void Chestplate
thaumcraft:void_legs, Void Leggings
thaumcraft:void_boots, Void Boots
thaumcraft:void_robe_helm, Void Thaumaturge Hood
thaumcraft:void_robe_chest, Void Thaumaturge Robe
thaumcraft:void_robe_legs, Void Thaumaturge Leggings
thaumcraft:crimson_plate_helm, Crimson Cult Helm
thaumcraft:crimson_plate_chest, Crimson Cult Chestplate
thaumcraft:crimson_plate_legs, Crimson Cult Greaves
thaumcraft:crimson_boots, Crimson Cult Boots
thaumcraft:crimson_robe_helm, Crimson Cult Hood
thaumcraft:crimson_robe_chest, Crimson Cult Robe
thaumcraft:crimson_robe_legs, Crimson Cult Leggings
thaumcraft:crimson_praetor_helm, Crimson Praetor Helm
thaumcraft:crimson_praetor_chest, Crimson Praetor Chestplate
thaumcraft:crimson_praetor_legs, Crimson Praetor Greaves
thaumcraft:baubles:0, Mundane Amulet
thaumcraft:baubles:1, Mundane Ring
thaumcraft:baubles:2, Mundane Belt
thaumcraft:baubles:3, Apprentice's Ring
thaumcraft:baubles:4, Fancy Amulet
thaumcraft:baubles:5, Fancy Ring
thaumcraft:baubles:6, Fancy Belt
thaumcraft:amulet_vis:0, Vis Stone
thaumcraft:amulet_vis:1, Amulet of Vis
thaumcraft:verdant_charm, Verdant Heart Charm
thaumcraft:curiosity_band, Headband of Curiosity
thaumcraft:voidseer_charm, Voidseer's Pearl
thaumcraft:cloud_ring, Cloudstepper Ring
thaumcraft:charm_undying, Charm of Undying
thaumcraft:creative_flux_sponge, Flux Sponge
thaumcraft:enchanted_placeholder, Any enchanted item
thaumcraft:caster_basic, Caster's Gauntlet 
thaumcraft:focus_1, Blank Lesser Focus
thaumcraft:focus_2, Blank Advanced Focus
thaumcraft:focus_3, Blank Greater Focus
thaumcraft:focus_pouch, Focus Pouch
thaumcraft:golem_bell, Golemancer's Bell
thaumcraft:golem, Golem
thaumcraft:seal:0, Blank Seal
thaumcraft:seal:1, Control Seal: Collect
thaumcraft:seal:2, Advanced Control Seal: Collect
thaumcraft:seal:3, Control Seal: Store
thaumcraft:seal:4, Advanced Control Seal: Store
thaumcraft:seal:5, Control Seal: Empty
thaumcraft:seal:6, Advanced Control Seal: Empty
thaumcraft:seal:7, Control Seal: Harvest
thaumcraft:seal:8, Control Seal: Butcher
thaumcraft:seal:9, Control Seal: Guard
thaumcraft:seal:10, Advanced Control Seal: Guard
thaumcraft:seal:11, Control Seal: Lumberjack
thaumcraft:seal:12, Control Seal: Block Breaker
thaumcraft:seal:13, Control Seal: Use
thaumcraft:seal:14, Control Seal: Provide
thaumcraft:seal:15, Control Seal: Stock
thaumcraft:seal:16, Control Seal: Advanced Block Breaker
twilightforest:naga_scale, Naga Scale
twilightforest:naga_chestplate, Naga Scale Tunic
twilightforest:naga_leggings, Naga Scale Leggings
twilightforest:twilight_scepter, Scepter of Twilight
twilightforest:lifedrain_scepter, Scepter of Life Draining
twilightforest:zombie_scepter, Zombie Scepter
twilightforest:shield_scepter, Scepter of Fortification
twilightforest:ore_meter, Ore Meter [WIP]
twilightforest:magic_map:0, Magic Map
twilightforest:maze_map:0, Maze Map
twilightforest:ore_map:0, Maze/Ore Map
twilightforest:raven_feather, Raven Feather
twilightforest:magic_map_focus, Magic Map Focus
twilightforest:maze_map_focus, Maze Map Focus
twilightforest:liveroot, Liveroot
twilightforest:ironwood_raw, Raw Ironwood Materials
twilightforest:ironwood_ingot, Ironwood Ingot
twilightforest:ironwood_helmet, Ironwood Helm
twilightforest:ironwood_chestplate, Ironwood Plate
twilightforest:ironwood_leggings, Ironwood Legs
twilightforest:ironwood_boots, Ironwood Boots
twilightforest:ironwood_sword, Ironwood Sword
twilightforest:ironwood_shovel, Ironwood Shovel
twilightforest:ironwood_pickaxe, Ironwood Pick
twilightforest:ironwood_axe, Ironwood Axe
twilightforest:ironwood_hoe, Ironwood Hoe
twilightforest:torchberries, Torchberries
twilightforest:raw_venison, Raw Venison
twilightforest:cooked_venison, Venison Steak
twilightforest:hydra_chop, Hydra Chop
twilightforest:fiery_blood, Fiery Blood
twilightforest:fiery_tears, Fiery Tears
twilightforest:trophy:0, Naga Trophy
twilightforest:trophy:1, Twilight Lich Trophy
twilightforest:trophy:2, Hydra Trophy
twilightforest:trophy:3, Ur-Ghast Trophy
twilightforest:trophy:4, Knight Phantom Trophy
twilightforest:trophy:5, Snow Queen Trophy
twilightforest:trophy:6, Minoshroom Trophy
twilightforest:trophy:7, Alpha Yeti Trophy
twilightforest:trophy:8, Questing Ram Trophy
twilightforest:fiery_ingot, Fiery Ingot
twilightforest:fiery_helmet, Fiery Helm
twilightforest:fiery_chestplate, Fiery Plate
twilightforest:fiery_leggings, Fiery Legs
twilightforest:fiery_boots, Fiery Boots
twilightforest:fiery_sword, Fiery Sword
twilightforest:fiery_pickaxe, Fiery Pick
twilightforest:steeleaf_ingot, Steeleaf
twilightforest:steeleaf_helmet, Steeleaf Helm
twilightforest:steeleaf_chestplate, Steeleaf Plate
twilightforest:steeleaf_leggings, Steeleaf Legs
twilightforest:steeleaf_boots, Steeleaf Boots
twilightforest:steeleaf_sword, Steeleaf Sword
twilightforest:steeleaf_shovel, Steeleaf Shovel
twilightforest:steeleaf_pickaxe, Steeleaf Pick
twilightforest:steeleaf_axe, Steeleaf Axe
twilightforest:steeleaf_hoe, Steeleaf Hoe
twilightforest:minotaur_axe_gold, Golden Minotaur Axe
twilightforest:minotaur_axe, Diamond Minotaur Axe
twilightforest:mazebreaker_pickaxe, Mazebreaker
twilightforest:transformation_powder, Transformation Powder
twilightforest:raw_meef, Raw Meef
twilightforest:cooked_meef, Meef Steak
twilightforest:meef_stroganoff, Meef Stroganoff
twilightforest:maze_wafer, Maze Wafer
twilightforest:magic_map_empty, Blank Magic Map
twilightforest:maze_map_empty, Blank Maze Map
twilightforest:ore_map_empty, Blank Maze/Ore Map
twilightforest:ore_magnet, Ore Magnet
twilightforest:crumble_horn, Crumble Horn
twilightforest:peacock_fan, Peacock Feather Fan
twilightforest:moonworm_queen, Moonworm Queen
twilightforest:charm_of_life_1, Charm of Life I
twilightforest:charm_of_life_2, Charm of Life II
twilightforest:charm_of_keeping_1, Charm of Keeping I
twilightforest:charm_of_keeping_2, Charm of Keeping II
twilightforest:charm_of_keeping_3, Charm of Keeping III
twilightforest:tower_key, Tower Key
twilightforest:borer_essence, Borer Essence
twilightforest:carminite, Carminite
twilightforest:experiment_115, Experiment 115
twilightforest:armor_shard, Armor Shard
twilightforest:knightmetal_ingot, Knightmetal Ingot
twilightforest:armor_shard_cluster, Armor Shard Cluster
twilightforest:knightmetal_helmet, Knightly Helm
twilightforest:knightmetal_chestplate, Knightly Plate
twilightforest:knightmetal_leggings, Knightly Greaves
twilightforest:knightmetal_boots, Knightly Boots
twilightforest:knightmetal_sword, Knightly Sword
twilightforest:knightmetal_pickaxe, Knightly Pick
twilightforest:knightmetal_axe, Knightly Axe
twilightforest:knightmetal_shield, Knightly Shield
twilightforest:phantom_helmet, Phantom Helm
twilightforest:phantom_chestplate, Phantom Plate
twilightforest:lamp_of_cinders, Lamp of Cinders
twilightforest:alpha_fur, Alpha Yeti Fur
twilightforest:yeti_helmet, Yeti Horned Helm
twilightforest:yeti_chestplate, Yeti Jacket
twilightforest:yeti_leggings, Yeti Leggings
twilightforest:yeti_boots, Yeti Boots
twilightforest:ice_bomb, Ice Bomb
twilightforest:arctic_fur, Arctic Fur
twilightforest:arctic_helmet, Arctic Hood
twilightforest:arctic_chestplate, Arctic Jacket
twilightforest:arctic_leggings, Arctic Leggings
twilightforest:arctic_boots, Arctic Boots
twilightforest:magic_beans, Magic Beans
twilightforest:giant_pickaxe, Giant's Pickaxe
twilightforest:giant_sword, Giant's Sword
twilightforest:triple_bow, Tri-bow
twilightforest:seeker_bow, Seeker Bow
twilightforest:ice_bow, Ice Bow
twilightforest:ender_bow, Ender Bow
twilightforest:ice_sword, Ice Sword
twilightforest:glass_sword, Glass Sword
twilightforest:knightmetal_ring, Knightmetal Loop
twilightforest:block_and_chain, Block and Chain
twilightforest:cube_talisman, Talisman of the Cube
twilightforest:cube_of_annihilation, Cube of Annihilation
twilightforest:moon_dial, Moon Dial
twilightforest:twilight_log:0, Twilight Oak Wood
twilightforest:twilight_log:1, Canopy Tree Wood
twilightforest:twilight_log:2, Mangrove Wood
twilightforest:twilight_log:3, Darkwood
twilightforest:root:0, Roots
twilightforest:root:1, Liveroots
twilightforest:twilight_leaves:0, Twilight Oak Leaves
twilightforest:twilight_leaves:1, Canopy Tree Leaves
twilightforest:twilight_leaves:2, Mangrove Leaves
twilightforest:twilight_leaves:3, Rainbow Oak Leaves
twilightforest:firefly, Firefly
twilightforest:cicada, Cicada
twilightforest:maze_stone:0, Mazestone
twilightforest:maze_stone:1, Mazestone Brick
twilightforest:maze_stone:2, Chiseled Mazestone
twilightforest:maze_stone:3, Decorative Mazestone Brick
twilightforest:maze_stone:4, Cracked Mazestone Brick
twilightforest:maze_stone:5, Mossy Mazestone Brick
twilightforest:maze_stone:6, Mazestone Mosaic
twilightforest:maze_stone:7, Mazestone Border
twilightforest:hedge:0, Hedge
twilightforest:boss_spawner:0, Naga Spawner
twilightforest:boss_spawner:1, Lich Spawner
twilightforest:boss_spawner:2, Hydra Spawner
twilightforest:boss_spawner:3, Ur-Ghast Spawner
twilightforest:boss_spawner:4, Knight Phantoms Spawner
twilightforest:boss_spawner:5, Snow Queen Spawner
twilightforest:boss_spawner:6, Minoshroom Spawner
twilightforest:boss_spawner:7, Alpha Yeti Spawner
twilightforest:boss_spawner:9, tile.twilightforest.BossSpawner.9.name
twilightforest:firefly_jar, Firefly Jar
twilightforest:twilight_plant:0, Moss Patch
twilightforest:twilight_plant:1, Mayapple
twilightforest:twilight_plant:2, Clover Patch [WIP]
twilightforest:twilight_plant:3, Fiddlehead
twilightforest:twilight_plant:4, Mushgloom
twilightforest:twilight_plant:5, Forest Grass
twilightforest:twilight_plant:6, Dried Bush
twilightforest:twilight_plant:7, Torchberry Plant
twilightforest:twilight_plant:8, Root Strands
twilightforest:twilight_plant:9, Leaf Pile
twilightforest:uncrafting_table, Uncrafting Table
twilightforest:fire_jet:0, Smoking Block
twilightforest:fire_jet:3, Fire Jet
twilightforest:fire_jet:1, Encased Smoker
twilightforest:fire_jet:6, Encased Fire Jet
twilightforest:naga_stone:0, Nagastone Head
twilightforest:naga_stone:1, Nagastone
twilightforest:twilight_sapling:0, Sickly Twilight Oak Sapling
twilightforest:twilight_sapling:1, Canopy Tree Sapling
twilightforest:twilight_sapling:2, Twilight Mangrove Sapling
twilightforest:twilight_sapling:3, Darkwood Sapling
twilightforest:twilight_sapling:4, Robust Twilight Oak Sapling
twilightforest:twilight_sapling:5, Tree of Time Sapling
twilightforest:twilight_sapling:6, Tree of Transformation Sapling
twilightforest:twilight_sapling:7, Miner's Tree Sapling
twilightforest:twilight_sapling:8, Sorting Tree Sapling
twilightforest:twilight_sapling:9, Rainbow Oak Sapling
twilightforest:moonworm, Moonworm
twilightforest:magic_log:0, Timewood
twilightforest:magic_log:1, Transwood
twilightforest:magic_log:2, Minewood
twilightforest:magic_log:3, Sortingwood
twilightforest:magic_leaves:0, Timewood Leaves
twilightforest:magic_leaves:1, Leaves of Transformation
twilightforest:magic_leaves:2, Miner's Leaves
twilightforest:magic_leaves:3, Sorting Leaves
twilightforest:magic_log_core:0, Timewood Clock
twilightforest:magic_log_core:1, Heart of Transformation
twilightforest:magic_log_core:2, Minewood Core
twilightforest:magic_log_core:3, Sortingwood Engine
twilightforest:tower_wood:0, Towerwood Planks
twilightforest:tower_wood:1, Encased Towerwood
twilightforest:tower_wood:2, Cracked Towerwood
twilightforest:tower_wood:3, Mossy Towerwood
twilightforest:tower_wood:4, Infested Towerwood
twilightforest:tower_device:0, Reappearing Block
twilightforest:tower_device:2, Vanishing Block
twilightforest:tower_device:4, Locked Vanishing Block
twilightforest:tower_device:5, Unlocked Vanishing Block
twilightforest:tower_device:6, Carminite Builder
twilightforest:tower_device:9, Anti-builder
twilightforest:tower_device:10, Ghast Trap
twilightforest:tower_device:12, Carminite Reactor
twilightforest:stronghold_shield, Stronghold Shield
twilightforest:trophy_pedestal:0, Trophy Pedestal
twilightforest:aurora_block, Aurora Block
twilightforest:underbrick:0, Underbrick
twilightforest:underbrick:1, Mossy Underbrick
twilightforest:underbrick:2, Cracked Underbrick
twilightforest:underbrick:3, Underbrick Floor
twilightforest:thorns:0, Thorns
twilightforest:thorns:1, Green Thorns
twilightforest:burnt_thorns, Burnt Thorns
twilightforest:thorn_rose, Thorn Rose
twilightforest:twilight_leaves_3:0, Thorn Leaves
twilightforest:twilight_leaves_3:1, Beanstalk Leaves
twilightforest:deadrock:0, Weathered Deadrock
twilightforest:deadrock:1, Cracked Deadrock
twilightforest:deadrock:2, Deadrock
twilightforest:dark_leaves, Darkwood Leaves
twilightforest:aurora_pillar, Aurora Pillar
twilightforest:aurora_slab:0, Aurora Slab
twilightforest:trollsteinn, Trollsteinn
twilightforest:wispy_cloud, Wispy Cloud
twilightforest:fluffy_cloud, Fluffy Cloud
twilightforest:giant_cobblestone, Giant Cobblestone
twilightforest:giant_log, Giant Log
twilightforest:giant_leaves, Giant Leaves
twilightforest:giant_obsidian, Giant Obsidian
twilightforest:uberous_soil, Uberous Soil
twilightforest:huge_stalk, Huge Stalk
twilightforest:huge_mushgloom, Huge Mushgloom
twilightforest:trollvidr, Trollvidr
twilightforest:unripe_trollber, Unripe Trollber
twilightforest:trollber, Trollber
twilightforest:knightmetal_block, Block of Knightmetal
twilightforest:huge_lilypad, Huge Lily Pad
twilightforest:huge_waterlily, Huge Water Lily
twilightforest:slider:0, Slide Trap
twilightforest:slider:1, Slide Trap 1
twilightforest:slider:2, Slide Trap 2
twilightforest:slider:3, Slide Trap 3
twilightforest:castle_brick:0, Castle Brick
twilightforest:castle_brick:1, Worn Castle Brick
twilightforest:castle_brick:2, Cracked Castle Brick
twilightforest:castle_brick:3, Castle Roof Tile
twilightforest:castle_brick:4, Mossy Castle Brick
twilightforest:castle_brick:5, Thick Castle Brick
twilightforest:castle_stairs_brick, Castle Brick Stairs
twilightforest:castle_stairs_cracked, Cracked Castle Brick Stairs
twilightforest:castle_stairs_worn, Worn Castle Brick Stairs
twilightforest:castle_stairs_mossy, Mossy Castle Brick Stairs
twilightforest:castle_pillar:0, Encased Castle Brick Pillar
twilightforest:castle_pillar:1, Encased Castle Brick Tile
twilightforest:castle_pillar:2, Bold Castle Brick Pillar
twilightforest:castle_pillar:3, Bold Castle Brick Tiles
twilightforest:castle_stairs:0, Encased Castle Brick Stairs
twilightforest:castle_stairs:8, Bold Castle Brick Stairs
twilightforest:castle_rune_brick:0, Pink Castle Rune Brick
twilightforest:castle_rune_brick:1, Blue Castle Rune Brick
twilightforest:castle_rune_brick:2, Yellow Castle Rune Brick
twilightforest:castle_rune_brick:3, Violet Castle Rune Brick
twilightforest:force_field:0, Violet Force Field
twilightforest:force_field:1, Pink Force Field
twilightforest:force_field:2, Orange Force Field
twilightforest:force_field:3, Green Force Field
twilightforest:force_field:4, Blue Force Field
twilightforest:cinder_furnace, Cinder Furnace [NYI]
twilightforest:cinder_log, Cinder Log [NYI]
twilightforest:castle_door:0, Yellow Castle Door
twilightforest:castle_door:1, Violet Castle Door
twilightforest:castle_door:2, Pink Castle Door
twilightforest:castle_door:3, Blue Castle Door
twilightforest:miniature_structure:0, Miniature Twilight Portal [NYI]
twilightforest:miniature_structure:1, Miniature Hedge Maze [NYI]
twilightforest:miniature_structure:2, Miniature Hollow Hill [NYI]
twilightforest:miniature_structure:3, Miniature Quest Grove [NYI]
twilightforest:miniature_structure:4, Miniature Mushroom Castle [NYI]
twilightforest:miniature_structure:5, Miniature Naga Courtyard [NYI]
twilightforest:miniature_structure:6, Miniature Lich Tower [NYI]
twilightforest:miniature_structure:7, Miniature Minotaur Labyrinth [NYI]
twilightforest:miniature_structure:8, Miniature Hydra's Lair [NYI]
twilightforest:miniature_structure:9, Miniature Goblin Stronghold [NYI]
twilightforest:miniature_structure:10, Miniature Dark Tower [NYI]
twilightforest:miniature_structure:11, Miniature Yeti Cave [NYI]
twilightforest:miniature_structure:12, Miniature Aurora Palace [NYI]
twilightforest:miniature_structure:13, Miniature Troll Cave and House in the Clouds [NYI]
twilightforest:miniature_structure:14, Miniature Final Castle [NYI]
twilightforest:block_storage:0, Block of Ironwood
twilightforest:block_storage:1, Block of Fiery Metal
twilightforest:block_storage:2, Block of Steeleaf
twilightforest:block_storage:3, Block of Arctic Fur
twilightforest:block_storage:4, Block of Carminite
twilightforest:spiral_bricks, Spiral Stone Bricks
twilightforest:etched_nagastone, Etched Nagastone
twilightforest:nagastone_pillar, Nagastone Pillar
twilightforest:nagastone_stairs:0, Nagastone Stairs (Left)
twilightforest:nagastone_stairs:8, Nagastone Stairs (Right)
twilightforest:etched_nagastone_mossy, Mossy Etched Nagastone
twilightforest:nagastone_pillar_mossy, Mossy Nagastone Pillar
twilightforest:nagastone_stairs_mossy:0, Mossy Nagastone Stairs (Left)
twilightforest:nagastone_stairs_mossy:8, Mossy Nagastone Stairs (Right)
twilightforest:etched_nagastone_weathered, Ruined Etched Nagastone
twilightforest:nagastone_pillar_weathered, Ruined Nagastone Pillar
twilightforest:nagastone_stairs_weathered:0, Weathered Nagastone Stairs (Left)
twilightforest:nagastone_stairs_weathered:8, Weathered Nagastone Stairs (Right)
twilightforest:auroralized_glass, Auroralized Glass
twilightforest:iron_ladder, Iron Ladder
twilightforest:terrorcotta_circle, Terrorcotta (Circular)
twilightforest:terrorcotta_diagonal, Terrorcotta (Diagonal)
twilightforest:stone_twist, tile.twilightforest.StonePillar.name
twilightforest:stone_twist_thin, tile.twilightforest.StonePillarThin.name
twilightforest:twilight_oak_planks, Twilight Oak Planks
twilightforest:twilight_oak_stairs, Twilight Oak Stairs
twilightforest:twilight_oak_slab:0, Twilight Oak Slab
twilightforest:twilight_oak_button, Twilight Oak Button
twilightforest:twilight_oak_door, Twilight Oak Door
twilightforest:twilight_oak_trapdoor, Twilight Oak Trapdoor
twilightforest:twilight_oak_fence, Twilight Oak Fence
twilightforest:twilight_oak_gate, Twilight Oak Gate
twilightforest:twilight_oak_plate, Twilight Oak Pressure Plate
twilightforest:canopy_planks, Canopy Planks
twilightforest:canopy_stairs, Canopy Stairs
twilightforest:canopy_slab:0, Canopy Slab
twilightforest:canopy_button, Canopy Button
twilightforest:canopy_door, Canopy Door
twilightforest:canopy_trapdoor, Canopy Trapdoor
twilightforest:canopy_fence, Canopy Fence
twilightforest:canopy_gate, Canopy Gate
twilightforest:canopy_plate, Canopy Pressure Plate
twilightforest:mangrove_planks, Mangrove Planks
twilightforest:mangrove_stairs, Mangrove Stairs
twilightforest:mangrove_slab:0, Mangrove Slab
twilightforest:mangrove_button, Mangrove Button
twilightforest:mangrove_door, Mangrove Door
twilightforest:mangrove_trapdoor, Mangrove Trapdoor
twilightforest:mangrove_fence, Mangrove Fence
twilightforest:mangrove_gate, Mangrove Gate
twilightforest:mangrove_plate, Mangrove Pressure Plate
twilightforest:dark_planks, Darkwood Planks
twilightforest:dark_stairs, Darkwood Stairs
twilightforest:dark_slab:0, Darkwood Slab
twilightforest:dark_button, Darkwood Button
twilightforest:dark_door, Darkwood Door
twilightforest:dark_trapdoor, Darkwood Trapdoor
twilightforest:dark_fence, Darkwood Fence
twilightforest:dark_gate, Darkwood Gate
twilightforest:dark_plate, Darkwood Pressure Plate
twilightforest:time_planks, Timewood Planks
twilightforest:time_stairs, Timewood Stairs
twilightforest:time_slab:0, Timewood Slab
twilightforest:time_button, Timewood Button
twilightforest:time_door, Timewood Door
twilightforest:time_trapdoor, Timewood Trapdoor
twilightforest:time_fence, Timewood Fence
twilightforest:time_gate, Timewood Gate
twilightforest:time_plate, Timewood Pressure Plate
twilightforest:trans_planks, Transwood Planks
twilightforest:trans_stairs, Transwood Stairs
twilightforest:trans_slab:0, Transwood Slab
twilightforest:trans_button, Transwood Button
twilightforest:trans_door, Transwood Door
twilightforest:trans_trapdoor, Transwood Trapdoor
twilightforest:trans_fence, Transwood Fence
twilightforest:trans_gate, Transwood Gate
twilightforest:trans_plate, Transwood Pressure Plate
twilightforest:mine_planks, Minewood Planks
twilightforest:mine_stairs, Minewood Stairs
twilightforest:mine_slab:0, Minewood Slab
twilightforest:mine_button, Minewood Button
twilightforest:mine_door, Minewood Door
twilightforest:mine_trapdoor, Minewood Trapdoor
twilightforest:mine_fence, Minewood Fence
twilightforest:mine_gate, Minewood Gate
twilightforest:mine_plate, Minewood Pressure Plate
twilightforest:sort_planks, Sortingwood Planks
twilightforest:sort_stairs, Sortingwood Stairs
twilightforest:sort_slab:0, Sortingwood Slab
twilightforest:sort_button, Sortingwood Button
twilightforest:sort_door, Sortingwood Door
twilightforest:sort_trapdoor, Sortingwood Trapdoor
twilightforest:sort_fence, Sortingwood Fence
twilightforest:sort_gate, Sortingwood Gate
twilightforest:sort_plate, Sortingwood Pressure Plate
securitycraft:laser_block, Laser Block
securitycraft:keypad, Keypad
securitycraft:mine, Mine
securitycraft:retinal_scanner, Retinal Scanner
securitycraft:bogus_lava, Fake Lava
securitycraft:bogus_lava_flowing, tile.securitycraft:bogusLavaFlowing.name
securitycraft:bogus_water, Fake Water
securitycraft:bogus_water_flowing, tile.securitycraft:bogusWaterFlowing.name
securitycraft:keycard_reader, Keycard Reader
securitycraft:reinforced_iron_trapdoor, Reinforced Iron Trapdoor
securitycraft:bouncing_betty, Bouncing Betty
securitycraft:inventory_scanner, Inventory Scanner
securitycraft:track_mine, Rail Mine
securitycraft:cage_trap, Cage Trap
securitycraft:portable_radar, Portable Radar
securitycraft:reinforced_iron_bars, Reinforced Iron Bars
securitycraft:keypad_chest, Passcode-protected Chest
securitycraft:username_logger, Username Logger
securitycraft:alarm, Alarm
securitycraft:reinforced_stone:0, Reinforced Stone
securitycraft:reinforced_stone:1, Reinforced Granite
securitycraft:reinforced_stone:2, Reinforced Polished Granite
securitycraft:reinforced_stone:3, Reinforced Diorite
securitycraft:reinforced_stone:4, Reinforced Polished Diorite
securitycraft:reinforced_stone:5, Reinforced Andesite
securitycraft:reinforced_stone:6, Reinforced Polished Andesite
securitycraft:reinforced_sandstone:0, Reinforced Sandstone
securitycraft:reinforced_sandstone:1, Reinforced Chiseled Sandstone
securitycraft:reinforced_sandstone:2, Reinforced Smooth Sandstone
securitycraft:reinforced_dirt:0, Reinforced Dirt
securitycraft:reinforced_dirt:1, Reinforced Coarse Dirt
securitycraft:reinforced_dirt:2, Reinforced Podzol
securitycraft:reinforced_cobblestone, Reinforced Cobblestone
securitycraft:reinforced_fence_gate, Electrified Iron Fence Gate
securitycraft:reinforced_planks:0, Reinforced Oak Wood Planks
securitycraft:reinforced_planks:1, Reinforced Spruce Wood Planks
securitycraft:reinforced_planks:2, Reinforced Birch Wood Planks
securitycraft:reinforced_planks:3, Reinforced Jungle Wood Planks
securitycraft:reinforced_planks:4, Reinforced Acacia Wood Planks
securitycraft:reinforced_planks:5, Reinforced Dark Oak Wood Planks
securitycraft:panic_button, Panic Button
securitycraft:keypad_frame, Frame
securitycraft:claymore, Claymore
securitycraft:keypad_furnace, Passcode-protected Furnace
securitycraft:security_camera, Security Camera
securitycraft:reinforced_stairs_oak, Reinforced Oak Stairs
securitycraft:reinforced_stairs_spruce, Reinforced Spruce Stairs
securitycraft:reinforced_stairs_cobblestone, Reinforced Cobblestone Stairs
securitycraft:reinforced_stairs_sandstone, Reinforced Sandstone Stairs
securitycraft:reinforced_stairs_birch, Reinforced Birch Stairs
securitycraft:reinforced_stairs_jungle, Reinforced Jungle Stairs
securitycraft:reinforced_stairs_acacia, Reinforced Acacia Stairs
securitycraft:reinforced_stairs_darkoak, Reinforced Dark Oak Stairs
securitycraft:reinforced_stairs_stone, Reinforced Stone Stairs
securitycraft:electrified_iron_fence, Electrified Iron Fence
securitycraft:ims, Intelligent Munitions System
securitycraft:reinforced_glass_block, Reinforced Glass
securitycraft:reinforced_stained_glass:0, Reinforced White Stained Glass
securitycraft:reinforced_stained_glass:1, Reinforced Orange Stained Glass
securitycraft:reinforced_stained_glass:2, Reinforced Magenta Stained Glass
securitycraft:reinforced_stained_glass:3, Reinforced Light Blue Stained Glass
securitycraft:reinforced_stained_glass:4, Reinforced Yellow Stained Glass
securitycraft:reinforced_stained_glass:5, Reinforced Lime Stained Glass
securitycraft:reinforced_stained_glass:6, Reinforced Pink Stained Glass
securitycraft:reinforced_stained_glass:7, Reinforced Gray Stained Glass
securitycraft:reinforced_stained_glass:8, Reinforced Light Gray Stained Glass
securitycraft:reinforced_stained_glass:9, Reinforced Cyan Stained Glass
securitycraft:reinforced_stained_glass:10, Reinforced Purple Stained Glass
securitycraft:reinforced_stained_glass:11, Reinforced Blue Stained Glass
securitycraft:reinforced_stained_glass:12, Reinforced Brown Stained Glass
securitycraft:reinforced_stained_glass:13, Reinforced Green Stained Glass
securitycraft:reinforced_stained_glass:14, Reinforced Red Stained Glass
securitycraft:reinforced_stained_glass:15, Reinforced Black Stained Glass
securitycraft:reinforced_wood_slabs:0, Reinforced Oak Wood Slab
securitycraft:reinforced_wood_slabs:1, Reinforced Spruce Wood Slab
securitycraft:reinforced_wood_slabs:2, Reinforced Birch Wood Slab
securitycraft:reinforced_wood_slabs:3, Reinforced Jungle Wood Slab
securitycraft:reinforced_wood_slabs:4, Reinforced Acacia Wood Slab
securitycraft:reinforced_wood_slabs:5, Reinforced Dark Oak Wood Slab
securitycraft:reinforced_stone_slabs:0, Reinforced Stone Slab
securitycraft:reinforced_stone_slabs:1, Reinforced Cobblestone Slab
securitycraft:reinforced_stone_slabs:2, Reinforced Sandstone Slab
securitycraft:reinforced_stone_slabs:3, Reinforced Stone Bricks Slab
securitycraft:reinforced_stone_slabs:4, Reinforced Brick Slab
securitycraft:reinforced_stone_slabs:5, Reinforced Nether Brick Slab
securitycraft:reinforced_stone_slabs:6, Reinforced Quartz Slab
securitycraft:protecto, Protecto
securitycraft:reinforced_stone_brick:0, Reinforced Stone Bricks
securitycraft:reinforced_stone_brick:1, Reinforced Mossy Stone Bricks
securitycraft:reinforced_stone_brick:2, Reinforced Cracked Stone Bricks
securitycraft:reinforced_stone_brick:3, Reinforced Chiseled Stone Bricks
securitycraft:reinforced_stairs_stone_brick, Reinforced Stone Brick Stairs
securitycraft:reinforced_mossy_cobblestone, Reinforced Moss Stone
securitycraft:reinforced_brick, Reinforced Bricks
securitycraft:reinforced_stairs_brick, Reinforced Brick Stairs
securitycraft:reinforced_nether_brick, Reinforced Nether Brick
securitycraft:reinforced_stairs_nether_brick, Reinforced Nether Brick Stairs
securitycraft:reinforced_hardened_clay, Reinforced Terracotta
securitycraft:reinforced_stained_hardened_clay:0, Reinforced White Terracotta
securitycraft:reinforced_stained_hardened_clay:1, Reinforced Orange Terracotta
securitycraft:reinforced_stained_hardened_clay:2, Reinforced Magenta Terracotta
securitycraft:reinforced_stained_hardened_clay:3, Reinforced Light Blue Terracotta
securitycraft:reinforced_stained_hardened_clay:4, Reinforced Yellow Terracotta
securitycraft:reinforced_stained_hardened_clay:5, Reinforced Lime Terracotta
securitycraft:reinforced_stained_hardened_clay:6, Reinforced Pink Terracotta
securitycraft:reinforced_stained_hardened_clay:7, Reinforced Gray Terracotta
securitycraft:reinforced_stained_hardened_clay:8, Reinforced Light Gray Terracotta
securitycraft:reinforced_stained_hardened_clay:9, Reinforced Cyan Terracotta
securitycraft:reinforced_stained_hardened_clay:10, Reinforced Purple Terracotta
securitycraft:reinforced_stained_hardened_clay:11, Reinforced Blue Terracotta
securitycraft:reinforced_stained_hardened_clay:12, Reinforced Brown Terracotta
securitycraft:reinforced_stained_hardened_clay:13, Reinforced Green Terracotta
securitycraft:reinforced_stained_hardened_clay:14, Reinforced Red Terracotta
securitycraft:reinforced_stained_hardened_clay:15, Reinforced Black Terracotta
securitycraft:reinforced_logs:0, Reinforced Oak Wood
securitycraft:reinforced_logs:1, Reinforced Spruce Wood
securitycraft:reinforced_logs:2, Reinforced Birch Wood
securitycraft:reinforced_logs:3, Reinforced Jungle Wood
securitycraft:reinforced_logs2:0, Reinforced Acacia Wood
securitycraft:reinforced_logs2:1, Reinforced Dark Oak Wood
securitycraft:reinforced_metals:0, Reinforced Block of Gold
securitycraft:reinforced_metals:1, Reinforced Block of Iron
securitycraft:reinforced_metals:2, Reinforced Block of Diamond
securitycraft:reinforced_metals:3, Reinforced Block of Emerald
securitycraft:reinforced_metals:4, Reinforced Block of Redstone
securitycraft:reinforced_compressed_blocks:0, Reinforced Lapis Lazuli Block
securitycraft:reinforced_compressed_blocks:1, Reinforced Block of Coal
securitycraft:reinforced_wool:0, Reinforced White Wool
securitycraft:reinforced_wool:1, Reinforced Orange Wool
securitycraft:reinforced_wool:2, Reinforced Magenta Wool
securitycraft:reinforced_wool:3, Reinforced Light Blue Wool
securitycraft:reinforced_wool:4, Reinforced Yellow Wool
securitycraft:reinforced_wool:5, Reinforced Lime Wool
securitycraft:reinforced_wool:6, Reinforced Pink Wool
securitycraft:reinforced_wool:7, Reinforced Gray Wool
securitycraft:reinforced_wool:8, Reinforced Light Gray Wool
securitycraft:reinforced_wool:9, Reinforced Cyan Wool
securitycraft:reinforced_wool:10, Reinforced Purple Wool
securitycraft:reinforced_wool:11, Reinforced Blue Wool
securitycraft:reinforced_wool:12, Reinforced Brown Wool
securitycraft:reinforced_wool:13, Reinforced Green Wool
securitycraft:reinforced_wool:14, Reinforced Red Wool
securitycraft:reinforced_wool:15, Reinforced Black Wool
securitycraft:reinforced_quartz:0, Reinforced Block of Quartz
securitycraft:reinforced_quartz:1, Reinforced Chiseled Quartz Block
securitycraft:reinforced_quartz:2, Reinforced Pillar Quartz Block
securitycraft:reinforced_stairs_quartz, Reinforced Quartz Stairs
securitycraft:reinforced_prismarine:0, Reinforced Prismarine
securitycraft:reinforced_prismarine:1, Reinforced Prismarine Bricks
securitycraft:reinforced_prismarine:2, Reinforced Dark Prismarine
securitycraft:reinforced_red_sandstone:0, Reinforced Red Sandstone
securitycraft:reinforced_red_sandstone:1, Reinforced Chiseled Red Sandstone
securitycraft:reinforced_red_sandstone:2, Reinforced Smooth Red Sandstone
securitycraft:reinforced_stairs_red_sandstone, Reinforced Red Sandstone Stairs
securitycraft:reinforced_stone_slabs2:0, Reinforced Red Sandstone Slab
securitycraft:reinforced_stone_slabs2:1, Reinforced Purpur Slab
securitycraft:reinforced_end_stone_bricks, Reinforced End Stone Bricks
securitycraft:reinforced_red_nether_brick, Reinforced Red Nether Brick
securitycraft:reinforced_purpur:0, Reinforced Purpur Block
securitycraft:reinforced_purpur:1, Reinforced Purpur Pillar
securitycraft:reinforced_stairs_purpur, Reinforced Purpur Stairs
securitycraft:reinforced_concrete:0, Reinforced White Concrete
securitycraft:reinforced_concrete:1, Reinforced Orange Concrete
securitycraft:reinforced_concrete:2, Reinforced Magenta Concrete
securitycraft:reinforced_concrete:3, Reinforced Light Blue Concrete
securitycraft:reinforced_concrete:4, Reinforced Yellow Concrete
securitycraft:reinforced_concrete:5, Reinforced Lime Concrete
securitycraft:reinforced_concrete:6, Reinforced Pink Concrete
securitycraft:reinforced_concrete:7, Reinforced Gray Concrete
securitycraft:reinforced_concrete:8, Reinforced Light Gray Concrete
securitycraft:reinforced_concrete:9, Reinforced Cyan Concrete
securitycraft:reinforced_concrete:10, Reinforced Purple Concrete
securitycraft:reinforced_concrete:11, Reinforced Blue Concrete
securitycraft:reinforced_concrete:12, Reinforced Brown Concrete
securitycraft:reinforced_concrete:13, Reinforced Green Concrete
securitycraft:reinforced_concrete:14, Reinforced Red Concrete
securitycraft:reinforced_concrete:15, Reinforced Black Concrete
securitycraft:motion_activated_light, Motion-Activated Light
securitycraft:reinforced_obsidian, Reinforced Obsidian
securitycraft:reinforced_netherrack, Reinforced Netherrack
securitycraft:reinforced_end_stone, Reinforced End Stone
securitycraft:reinforced_sea_lantern, Reinforced Sea Lantern
securitycraft:reinforced_bone_block, Reinforced Bone Block
securitycraft:reinforced_glass_pane, Reinforced Glass Pane
securitycraft:reinforced_stained_panes:0, Reinforced White Stained Glass Pane
securitycraft:reinforced_stained_panes:1, Reinforced Orange Stained Glass Pane
securitycraft:reinforced_stained_panes:2, Reinforced Magenta Stained Glass Pane
securitycraft:reinforced_stained_panes:3, Reinforced Light Blue Stained Glass Pane
securitycraft:reinforced_stained_panes:4, Reinforced Yellow Stained Glass Pane
securitycraft:reinforced_stained_panes:5, Reinforced Lime Stained Glass Pane
securitycraft:reinforced_stained_panes:6, Reinforced Pink Stained Glass Pane
securitycraft:reinforced_stained_panes:7, Reinforced Gray Stained Glass Pane
securitycraft:reinforced_stained_panes:8, Reinforced Light Gray Stained Glass Pane
securitycraft:reinforced_stained_panes:9, Reinforced Cyan Stained Glass Pane
securitycraft:reinforced_stained_panes:10, Reinforced Purple Stained Glass Pane
securitycraft:reinforced_stained_panes:11, Reinforced Blue Stained Glass Pane
securitycraft:reinforced_stained_panes:12, Reinforced Brown Stained Glass Pane
securitycraft:reinforced_stained_panes:13, Reinforced Green Stained Glass Pane
securitycraft:reinforced_stained_panes:14, Reinforced Red Stained Glass Pane
securitycraft:reinforced_stained_panes:15, Reinforced Black Stained Glass Pane
securitycraft:reinforced_carpet:0, Reinforced White Carpet
securitycraft:reinforced_carpet:1, Reinforced Orange Carpet
securitycraft:reinforced_carpet:2, Reinforced Magenta Carpet
securitycraft:reinforced_carpet:3, Reinforced Light Blue Carpet
securitycraft:reinforced_carpet:4, Reinforced Yellow Carpet
securitycraft:reinforced_carpet:5, Reinforced Lime Carpet
securitycraft:reinforced_carpet:6, Reinforced Pink Carpet
securitycraft:reinforced_carpet:7, Reinforced Gray Carpet
securitycraft:reinforced_carpet:8, Reinforced Light Gray Carpet
securitycraft:reinforced_carpet:9, Reinforced Cyan Carpet
securitycraft:reinforced_carpet:10, Reinforced Purple Carpet
securitycraft:reinforced_carpet:11, Reinforced Blue Carpet
securitycraft:reinforced_carpet:12, Reinforced Brown Carpet
securitycraft:reinforced_carpet:13, Reinforced Green Carpet
securitycraft:reinforced_carpet:14, Reinforced Red Carpet
securitycraft:reinforced_carpet:15, Reinforced Black Carpet
securitycraft:reinforced_glowstone, Reinforced Glowstone
securitycraft:reinforced_sand:0, Reinforced Sand
securitycraft:reinforced_sand:1, Reinforced Red Sand
securitycraft:reinforced_gravel, Reinforced Gravel
securitycraft:trophy_system, Trophy System
securitycraft:crystal_quartz:0, Block of Crystal Quartz
securitycraft:crystal_quartz:1, Chiseled Crystal Quartz Block
securitycraft:crystal_quartz:2, Pillar Crystal Quartz Block
securitycraft:reinforced_crystal_quartz:0, Reinforced Block of Crystal Quartz
securitycraft:reinforced_crystal_quartz:1, Reinforced Chiseled Crystal Quartz Block
securitycraft:reinforced_crystal_quartz:2, Reinforced Pillar Crystal Quartz Block
securitycraft:crystal_quartz_slab, Crystal Quartz Slab
securitycraft:reinforced_crystal_quartz_slab, Reinforced Crystal Quartz Slab
securitycraft:stairs_crystal_quartz, Crystal Quartz Stairs
securitycraft:reinforced_stairs_crystal_quartz, Reinforced Crystal Quartz Stairs
securitycraft:block_pocket_wall, Block Pocket Wall
securitycraft:block_pocket_manager, Block Pocket Manager
securitycraft:reinforced_stone_pressure_plate, Reinforced Stone Pressure Plate
securitycraft:reinforced_wooden_pressure_plate, Reinforced Wooden Pressure Plate
securitycraft:reinforced_bookshelf, Reinforced Bookshelf
securitycraft:reinforced_walls:0, Reinforced Cobblestone Wall
securitycraft:reinforced_walls:1, Reinforced Mossy Cobblestone Wall
securitycraft:reinforced_sticky_piston, Reinforced Sticky Piston
securitycraft:reinforced_piston, Reinforced Piston
securitycraft:reinforced_observer, Reinforced Observer
securitycraft:reinforced_redstone_lamp, Reinforced Redstone Lamp
securitycraft:reinforced_cobweb, Reinforced Cobweb
securitycraft:reinforced_grass, Reinforced Grass
securitycraft:reinforced_snow_block, Reinforced Snow Block
securitycraft:reinforced_ice, Reinforced Ice
securitycraft:reinforced_packed_ice, Reinforced Packed Ice
securitycraft:reinforced_mycelium, Reinforced Mycelium
securitycraft:reinforced_clay, Reinforced Clay
securitycraft:reinforced_nether_wart_block, Reinforced Nether Wart Block
securitycraft:reinforced_grass_path, Reinforced Grass Path
securitycraft:reinforced_stone_button, Reinforced Button
securitycraft:reinforced_wooden_button, Reinforced Button
securitycraft:reinforced_lever, Reinforced Lever
securitycraft:reinforced_hopper, Reinforced Hopper
securitycraft:projector, Projector
securitycraft:reinforced_cauldron, Reinforced Cauldron
securitycraft:sonic_security_system, Sonic Security System
securitycraft:reinforced_end_rod, Reinforced End Rod
securitycraft:reinforced_white_glazed_terracotta, Reinforced White Glazed Terracotta
securitycraft:reinforced_orange_glazed_terracotta, Reinforced Orange Glazed Terracotta
securitycraft:reinforced_magenta_glazed_terracotta, Reinforced Magenta Glazed Terracotta
securitycraft:reinforced_light_blue_glazed_terracotta, Reinforced Light Blue Glazed Terracotta
securitycraft:reinforced_yellow_glazed_terracotta, Reinforced Yellow Glazed Terracotta
securitycraft:reinforced_lime_glazed_terracotta, Reinforced Lime Glazed Terracotta
securitycraft:reinforced_pink_glazed_terracotta, Reinforced Pink Glazed Terracotta
securitycraft:reinforced_gray_glazed_terracotta, Reinforced Gray Glazed Terracotta
securitycraft:reinforced_silver_glazed_terracotta, Reinforced Light Gray Glazed Terracotta
securitycraft:reinforced_cyan_glazed_terracotta, Reinforced Cyan Glazed Terracotta
securitycraft:reinforced_purple_glazed_terracotta, Reinforced Purple Glazed Terracotta
securitycraft:reinforced_blue_glazed_terracotta, Reinforced Blue Glazed Terracotta
securitycraft:reinforced_brown_glazed_terracotta, Reinforced Brown Glazed Terracotta
securitycraft:reinforced_green_glazed_terracotta, Reinforced Green Glazed Terracotta
securitycraft:reinforced_red_glazed_terracotta, Reinforced Red Glazed Terracotta
securitycraft:reinforced_black_glazed_terracotta, Reinforced Black Glazed Terracotta
securitycraft:rift_stabilizer, Rift Stabilizer
securitycraft:display_case, Display Case
securitycraft:keypad_trapdoor, Keypad Trapdoor
securitycraft:reinforced_ladder, Reinforced Ladder
securitycraft:floor_trap, Floor Trap
securitycraft:scanner_trapdoor, Scanner Trapdoor
securitycraft:reinforced_dispenser, Reinforced Dispenser
securitycraft:reinforced_dropper, Reinforced Dropper
securitycraft:reinforced_oak_fence, Reinforced Oak Fence
securitycraft:reinforced_nether_brick_fence, Reinforced Nether Brick Fence
securitycraft:reinforced_spruce_fence, Reinforced Spruce Fence
securitycraft:reinforced_birch_fence, Reinforced Birch Fence
securitycraft:reinforced_jungle_fence, Reinforced Jungle Fence
securitycraft:reinforced_dark_oak_fence, Reinforced Dark Oak Fence
securitycraft:reinforced_acacia_fence, Reinforced Acacia Fence
securitycraft:reinforced_oak_fence_gate, Reinforced Oak Fence Gate
securitycraft:reinforced_spruce_fence_gate, Reinforced Spruce Fence Gate
securitycraft:reinforced_birch_fence_gate, Reinforced Birch Fence Gate
securitycraft:reinforced_jungle_fence_gate, Reinforced Jungle Fence Gate
securitycraft:reinforced_dark_oak_fence_gate, Reinforced Dark Oak Fence Gate
securitycraft:reinforced_acacia_fence_gate, Reinforced Acacia Fence Gate
securitycraft:secure_redstone_interface, Secure Redstone Interface
securitycraft:reinforced_magma_block, Reinforced Magma Block
securitycraft:reinforced_soul_sand, Reinforced Soul Sand
securitycraft:stone_mine, Stone Mine
securitycraft:dirt_mine, Dirt Mine
securitycraft:cobblestone_mine, Cobblestone Mine
securitycraft:sand_mine, Sand Mine
securitycraft:gravel_mine, Gravel Mine
securitycraft:netherrack_mine, Netherrack Mine
securitycraft:end_stone_mine, End Stone Mine
securitycraft:gold_mine, Gold Ore Mine
securitycraft:iron_mine, Iron Ore Mine
securitycraft:coal_mine, Coal Ore Mine
securitycraft:lapis_mine, Lapis Lazuli Ore Mine
securitycraft:diamond_mine, Diamond Ore Mine
securitycraft:redstone_mine, Redstone Ore Mine
securitycraft:emerald_mine, Emerald Ore Mine
securitycraft:quartz_mine, Nether Quartz Ore Mine
securitycraft:furnace_mine, Furnace Mine
securitycraft:codebreaker, Codebreaker
securitycraft:door_indestructible_iron_item, Reinforced Door
securitycraft:scanner_door_item, Scanner Door
securitycraft:universal_block_remover, Universal Block Remover
securitycraft:keycard_lv1, Level 1 Keycard
securitycraft:keycard_lv2, Level 2 Keycard
securitycraft:keycard_lv3, Level 3 Keycard
securitycraft:keycard_lv4, Level 4 Keycard
securitycraft:keycard_lv5, Level 5 Keycard
securitycraft:limited_use_keycard, Limited Use Keycard
securitycraft:remote_access_mine, Mine Remote Access Tool
securitycraft:remote_access_sentry, Sentry Remote Access Tool
securitycraft:incognito_mask, Incognito Mask
securitycraft:bucket_f_water, Fake Water Bucket
securitycraft:bucket_f_lava, Fake Lava Bucket
securitycraft:universal_block_modifier, Universal Block Modifier
securitycraft:redstone_module, Redstone Module
securitycraft:whitelist_module, Allowlist Module
securitycraft:blacklist_module, Denylist Module
securitycraft:harming_module, Harming Module
securitycraft:smart_module, Smart Module
securitycraft:storage_module, Storage Module
securitycraft:disguise_module, Disguise Module
securitycraft:speed_module, Speed Module
securitycraft:wire_cutters, Wire Cutters
securitycraft:admin_tool, Admin Tool
securitycraft:keypad_item, Key Panel
securitycraft:camera_monitor, Camera Monitor
securitycraft:taser, Taser
securitycraft:sc_manual, SecurityCraft Manual
securitycraft:universal_owner_changer, Universal Owner Changer
securitycraft:universal_block_reinforcer_lvl1, Universal Block Reinforcer (LvL1)
securitycraft:universal_block_reinforcer_lvl2, Universal Block Reinforcer (LvL2)
securitycraft:universal_block_reinforcer_lvl3, Universal Block Reinforcer (LvL3)
securitycraft:briefcase, Briefcase
securitycraft:universal_key_changer, Universal Key Changer
securitycraft:taser_powered, Taser
securitycraft:secret_sign_item, Secret Sign
securitycraft:sentry, Sentry
securitycraft:crystal_quartz_item, Crystal Quartz
securitycraft:keypad_door_item, Keypad Door
securitycraft:portable_tune_player, Portable Tune Player
securitycraft:keycard_holder, Keycard Holder
securitycraft:lens, Lens
securitycraft:keycard_lock, Keycard Lock
securitycraft:block_change_detector, Block Change Detector
appliedenergistics2:quartz_ore, Certus Quartz Ore
appliedenergistics2:charged_quartz_ore, Charged Certus Quartz Ore
appliedenergistics2:matrix_frame, Matrix Frame
appliedenergistics2:quartz_block, Certus Quartz Block
appliedenergistics2:quartz_pillar, Certus Quartz Pillar
appliedenergistics2:chiseled_quartz_block, Chiseled Certus Quartz Block
appliedenergistics2:quartz_glass, Quartz Glass
appliedenergistics2:quartz_vibrant_glass, Vibrant Quartz Glass
appliedenergistics2:quartz_fixture, Charged Quartz Fixture
appliedenergistics2:fluix_block, Fluix Block
appliedenergistics2:sky_stone_block, Sky Stone
appliedenergistics2:smooth_sky_stone_block, Sky Stone Block
appliedenergistics2:sky_stone_brick, Sky Stone Brick
appliedenergistics2:sky_stone_small_brick, Sky Stone Small Brick
appliedenergistics2:sky_stone_chest, Sky Stone Chest
appliedenergistics2:smooth_sky_stone_chest, Sky Stone Block Chest
appliedenergistics2:sky_compass, Meteorite Compass
appliedenergistics2:grindstone, Quartz Grindstone
appliedenergistics2:crank, Wooden Crank
appliedenergistics2:inscriber, Inscriber
appliedenergistics2:wireless_access_point, ME Wireless Access Point
appliedenergistics2:charger, Charger
appliedenergistics2:tiny_tnt, Tiny TNT
appliedenergistics2:security_station, ME Security Terminal
appliedenergistics2:quantum_ring, ME Quantum Ring
appliedenergistics2:quantum_link, ME Quantum Link Chamber
appliedenergistics2:spatial_pylon, Spatial Pylon
appliedenergistics2:spatial_io_port, Spatial IO Port
appliedenergistics2:controller, ME Controller
appliedenergistics2:drive, ME Drive
appliedenergistics2:chest, ME Chest
appliedenergistics2:interface, ME Interface
appliedenergistics2:fluid_interface, ME Fluid Interface
appliedenergistics2:cell_workbench, Cell Workbench
appliedenergistics2:io_port, ME IO Port
appliedenergistics2:condenser, Matter Condenser
appliedenergistics2:energy_acceptor, Energy Acceptor
appliedenergistics2:vibration_chamber, Vibration Chamber
appliedenergistics2:quartz_growth_accelerator, Crystal Growth Accelerator
appliedenergistics2:energy_cell, Energy Cell
appliedenergistics2:dense_energy_cell, Dense Energy Cell
appliedenergistics2:creative_energy_cell, Creative Energy Cell
appliedenergistics2:crafting_unit, Crafting Unit
appliedenergistics2:crafting_accelerator, Crafting Co-Processing Unit
appliedenergistics2:crafting_storage_1k, §61k§r Crafting Storage
appliedenergistics2:crafting_storage_4k, §e4k§r Crafting Storage
appliedenergistics2:crafting_storage_16k, §a16k§r Crafting Storage
appliedenergistics2:crafting_storage_64k, §b64k§r Crafting Storage
appliedenergistics2:crafting_monitor, Crafting Monitor
appliedenergistics2:molecular_assembler, Molecular Assembler
appliedenergistics2:light_detector, Light Detecting Fixture
appliedenergistics2:paint, tile.appliedenergistics2.paint.name
appliedenergistics2:sky_stone_stairs, Sky Stone Stairs
appliedenergistics2:smooth_sky_stone_stairs, Sky Stone Block Stairs
appliedenergistics2:sky_stone_brick_stairs, Sky Stone Brick Stairs
appliedenergistics2:sky_stone_small_brick_stairs, Sky Stone Small Brick Stairs
appliedenergistics2:fluix_stairs, Fluix Stairs
appliedenergistics2:quartz_stairs, Certus Quartz Stairs
appliedenergistics2:chiseled_quartz_stairs, Chiseled Certus Quartz Stairs
appliedenergistics2:quartz_pillar_stairs, Certus Quartz Pillar Stairs
appliedenergistics2:cable_bus, AE2 Cable and/or Bus
appliedenergistics2:sky_stone_slab:0, Sky Stone Slab
appliedenergistics2:smooth_sky_stone_slab:0, Sky Stone Block Slab
appliedenergistics2:sky_stone_brick_slab:0, Sky Stone Brick Slab
appliedenergistics2:sky_stone_small_brick_slab:0, Sky Stone Small Brick Slab
appliedenergistics2:fluix_slab:0, Fluix Slab
appliedenergistics2:quartz_slab:0, Certus Quartz Slab
appliedenergistics2:chiseled_quartz_slab:0, Chiseled Certus Quartz Slab
appliedenergistics2:quartz_pillar_slab:0, Certus Quartz Pillar Slab
appliedenergistics2:certus_quartz_axe, Certus Quartz Axe
appliedenergistics2:certus_quartz_hoe, Certus Quartz Hoe
appliedenergistics2:certus_quartz_spade, Certus Quartz Shovel
appliedenergistics2:certus_quartz_pickaxe, Certus Quartz Pickaxe
appliedenergistics2:certus_quartz_sword, Certus Quartz Sword
appliedenergistics2:certus_quartz_wrench, Certus Quartz Wrench
appliedenergistics2:certus_quartz_cutting_knife, Certus Quartz Cutting Knife
appliedenergistics2:nether_quartz_axe, Nether Quartz Axe
appliedenergistics2:nether_quartz_hoe, Nether Quartz Hoe
appliedenergistics2:nether_quartz_spade, Nether Quartz Shovel
appliedenergistics2:nether_quartz_pickaxe, Nether Quartz Pickaxe
appliedenergistics2:nether_quartz_sword, Nether Quartz Sword
appliedenergistics2:nether_quartz_wrench, Nether Quartz Wrench
appliedenergistics2:nether_quartz_cutting_knife, Nether Quartz Cutting Knife
appliedenergistics2:entropy_manipulator, Entropy Manipulator
appliedenergistics2:wireless_terminal, Wireless Terminal
appliedenergistics2:wireless_crafting_terminal, Wireless Crafting Terminal
appliedenergistics2:wireless_pattern_terminal, Wireless Pattern Terminal
appliedenergistics2:wireless_fluid_terminal, Wireless Fluid Terminal
appliedenergistics2:charged_staff, Charged Staff
appliedenergistics2:matter_cannon, Matter Cannon
appliedenergistics2:portable_cell, Portable Cell
appliedenergistics2:color_applicator, Color Applicator
appliedenergistics2:biometric_card, Biometric Card
appliedenergistics2:memory_card, Memory Card
appliedenergistics2:network_tool, Network Tool
appliedenergistics2:creative_storage_cell, Creative ME Storage Cell
appliedenergistics2:view_cell, View Cell
appliedenergistics2:storage_cell_1k, §61k§r ME Storage Cell
appliedenergistics2:storage_cell_4k, §e4k§r ME Storage Cell
appliedenergistics2:storage_cell_16k, §a16k§r ME Storage Cell
appliedenergistics2:storage_cell_64k, §b64k§r ME Storage Cell
appliedenergistics2:fluid_storage_cell_1k, §61k§r ME Fluid Storage Cell
appliedenergistics2:fluid_storage_cell_4k, §e4k§r ME Fluid Storage Cell
appliedenergistics2:fluid_storage_cell_16k, §a16k§r ME Fluid Storage Cell
appliedenergistics2:fluid_storage_cell_64k, §b64k§r ME Fluid Storage Cell
appliedenergistics2:spatial_storage_cell_2_cubed, §62³§r Spatial Storage Cell
appliedenergistics2:spatial_storage_cell_16_cubed, §916³§r Spatial Storage Cell
appliedenergistics2:spatial_storage_cell_128_cubed, §d128³§r  Spatial Storage Cell
appliedenergistics2:facade:0, Cable Facade - Stone
appliedenergistics2:facade:0, Cable Facade - Granite
appliedenergistics2:facade:0, Cable Facade - Polished Granite
appliedenergistics2:facade:0, Cable Facade - Diorite
appliedenergistics2:facade:0, Cable Facade - Polished Diorite
appliedenergistics2:facade:0, Cable Facade - Andesite
appliedenergistics2:facade:0, Cable Facade - Polished Andesite
appliedenergistics2:facade:0, Cable Facade - Grass Block
appliedenergistics2:facade:0, Cable Facade - Dirt
appliedenergistics2:facade:0, Cable Facade - Coarse Dirt
appliedenergistics2:facade:0, Cable Facade - Podzol
appliedenergistics2:facade:0, Cable Facade - Cobblestone
appliedenergistics2:facade:0, Cable Facade - Oak Wood Planks
appliedenergistics2:facade:0, Cable Facade - Spruce Wood Planks
appliedenergistics2:facade:0, Cable Facade - Birch Wood Planks
appliedenergistics2:facade:0, Cable Facade - Jungle Wood Planks
appliedenergistics2:facade:0, Cable Facade - Acacia Wood Planks
appliedenergistics2:facade:0, Cable Facade - Dark Oak Wood Planks
appliedenergistics2:facade:0, Cable Facade - Bedrock
appliedenergistics2:facade:0, Cable Facade - Sand
appliedenergistics2:facade:0, Cable Facade - Red Sand
appliedenergistics2:facade:0, Cable Facade - Gravel
appliedenergistics2:facade:0, Cable Facade - Gold Ore
appliedenergistics2:facade:0, Cable Facade - Iron Ore
appliedenergistics2:facade:0, Cable Facade - Coal Ore
appliedenergistics2:facade:0, Cable Facade - Oak Wood
appliedenergistics2:facade:0, Cable Facade - Spruce Wood
appliedenergistics2:facade:0, Cable Facade - Birch Wood
appliedenergistics2:facade:0, Cable Facade - Jungle Wood
appliedenergistics2:facade:0, Cable Facade - Oak Leaves
appliedenergistics2:facade:0, Cable Facade - Spruce Leaves
appliedenergistics2:facade:0, Cable Facade - Birch Leaves
appliedenergistics2:facade:0, Cable Facade - Jungle Leaves
appliedenergistics2:facade:0, Cable Facade - Sponge
appliedenergistics2:facade:0, Cable Facade - Wet Sponge
appliedenergistics2:facade:0, Cable Facade - Glass
appliedenergistics2:facade:0, Cable Facade - Lapis Lazuli Ore
appliedenergistics2:facade:0, Cable Facade - Lapis Lazuli Block
appliedenergistics2:facade:0, Cable Facade - Sandstone
appliedenergistics2:facade:0, Cable Facade - Chiseled Sandstone
appliedenergistics2:facade:0, Cable Facade - Cut Sandstone
appliedenergistics2:facade:0, Cable Facade - White Wool
appliedenergistics2:facade:0, Cable Facade - Orange Wool
appliedenergistics2:facade:0, Cable Facade - Magenta Wool
appliedenergistics2:facade:0, Cable Facade - Light Blue Wool
appliedenergistics2:facade:0, Cable Facade - Yellow Wool
appliedenergistics2:facade:0, Cable Facade - Lime Wool
appliedenergistics2:facade:0, Cable Facade - Pink Wool
appliedenergistics2:facade:0, Cable Facade - Gray Wool
appliedenergistics2:facade:0, Cable Facade - Light Gray Wool
appliedenergistics2:facade:0, Cable Facade - Cyan Wool
appliedenergistics2:facade:0, Cable Facade - Purple Wool
appliedenergistics2:facade:0, Cable Facade - Blue Wool
appliedenergistics2:facade:0, Cable Facade - Brown Wool
appliedenergistics2:facade:0, Cable Facade - Green Wool
appliedenergistics2:facade:0, Cable Facade - Red Wool
appliedenergistics2:facade:0, Cable Facade - Black Wool
appliedenergistics2:facade:0, Cable Facade - Block of Gold
appliedenergistics2:facade:0, Cable Facade - Block of Iron
appliedenergistics2:facade:0, Cable Facade - Bricks
appliedenergistics2:facade:0, Cable Facade - TNT
appliedenergistics2:facade:0, Cable Facade - Oak Bookshelf
appliedenergistics2:facade:0, Cable Facade - Moss Stone
appliedenergistics2:facade:0, Cable Facade - Obsidian
appliedenergistics2:facade:0, Cable Facade - Diamond Ore
appliedenergistics2:facade:0, Cable Facade - Block of Diamond
appliedenergistics2:facade:0, Cable Facade - Redstone Ore
appliedenergistics2:facade:0, Cable Facade - Ice
appliedenergistics2:facade:0, Cable Facade - Snow
appliedenergistics2:facade:0, Cable Facade - Clay
appliedenergistics2:facade:0, Cable Facade - Pumpkin
appliedenergistics2:facade:0, Cable Facade - Netherrack
appliedenergistics2:facade:0, Cable Facade - Soul Sand
appliedenergistics2:facade:0, Cable Facade - Glowstone
appliedenergistics2:facade:0, Cable Facade - Jack o'Lantern
appliedenergistics2:facade:0, Cable Facade - White Stained Glass
appliedenergistics2:facade:0, Cable Facade - Orange Stained Glass
appliedenergistics2:facade:0, Cable Facade - Magenta Stained Glass
appliedenergistics2:facade:0, Cable Facade - Light Blue Stained Glass
appliedenergistics2:facade:0, Cable Facade - Yellow Stained Glass
appliedenergistics2:facade:0, Cable Facade - Lime Stained Glass
appliedenergistics2:facade:0, Cable Facade - Pink Stained Glass
appliedenergistics2:facade:0, Cable Facade - Gray Stained Glass
appliedenergistics2:facade:0, Cable Facade - Light Gray Stained Glass
appliedenergistics2:facade:0, Cable Facade - Cyan Stained Glass
appliedenergistics2:facade:0, Cable Facade - Purple Stained Glass
appliedenergistics2:facade:0, Cable Facade - Blue Stained Glass
appliedenergistics2:facade:0, Cable Facade - Brown Stained Glass
appliedenergistics2:facade:0, Cable Facade - Green Stained Glass
appliedenergistics2:facade:0, Cable Facade - Red Stained Glass
appliedenergistics2:facade:0, Cable Facade - Black Stained Glass
appliedenergistics2:facade:0, Cable Facade - Stone Monster Egg
appliedenergistics2:facade:0, Cable Facade - Cobblestone Monster Egg
appliedenergistics2:facade:0, Cable Facade - Stone Brick Monster Egg
appliedenergistics2:facade:0, Cable Facade - Mossy Stone Brick Monster Egg
appliedenergistics2:facade:0, Cable Facade - Cracked Stone Brick Monster Egg
appliedenergistics2:facade:0, Cable Facade - Chiseled Stone Brick Monster Egg
appliedenergistics2:facade:0, Cable Facade - Stone Bricks
appliedenergistics2:facade:0, Cable Facade - Mossy Stone Bricks
appliedenergistics2:facade:0, Cable Facade - Cracked Stone Bricks
appliedenergistics2:facade:0, Cable Facade - Chiseled Stone Bricks
appliedenergistics2:facade:0, Cable Facade - Mushroom
appliedenergistics2:facade:0, Cable Facade - Mushroom
appliedenergistics2:facade:0, Cable Facade - Melon
appliedenergistics2:facade:0, Cable Facade - Mycelium
appliedenergistics2:facade:0, Cable Facade - Nether Brick
appliedenergistics2:facade:0, Cable Facade - End Stone
appliedenergistics2:facade:0, Cable Facade - Redstone Lamp
appliedenergistics2:facade:0, Cable Facade - Emerald Ore
appliedenergistics2:facade:0, Cable Facade - Block of Emerald
appliedenergistics2:facade:0, Cable Facade - Block of Redstone
appliedenergistics2:facade:0, Cable Facade - Nether Quartz Ore
appliedenergistics2:facade:0, Cable Facade - Block of Quartz
appliedenergistics2:facade:0, Cable Facade - Chiseled Quartz Block
appliedenergistics2:facade:0, Cable Facade - Pillar Quartz Block
appliedenergistics2:facade:0, Cable Facade - White Terracotta
appliedenergistics2:facade:0, Cable Facade - Orange Terracotta
appliedenergistics2:facade:0, Cable Facade - Magenta Terracotta
appliedenergistics2:facade:0, Cable Facade - Light Blue Terracotta
appliedenergistics2:facade:0, Cable Facade - Yellow Terracotta
appliedenergistics2:facade:0, Cable Facade - Lime Terracotta
appliedenergistics2:facade:0, Cable Facade - Pink Terracotta
appliedenergistics2:facade:0, Cable Facade - Gray Terracotta
appliedenergistics2:facade:0, Cable Facade - Light Gray Terracotta
appliedenergistics2:facade:0, Cable Facade - Cyan Terracotta
appliedenergistics2:facade:0, Cable Facade - Purple Terracotta
appliedenergistics2:facade:0, Cable Facade - Blue Terracotta
appliedenergistics2:facade:0, Cable Facade - Brown Terracotta
appliedenergistics2:facade:0, Cable Facade - Green Terracotta
appliedenergistics2:facade:0, Cable Facade - Red Terracotta
appliedenergistics2:facade:0, Cable Facade - Black Terracotta
appliedenergistics2:facade:0, Cable Facade - Acacia Leaves
appliedenergistics2:facade:0, Cable Facade - Dark Oak Leaves
appliedenergistics2:facade:0, Cable Facade - Acacia Wood
appliedenergistics2:facade:0, Cable Facade - Dark Oak Wood
appliedenergistics2:facade:0, Cable Facade - Green Slime Block
appliedenergistics2:facade:0, Cable Facade - Prismarine
appliedenergistics2:facade:0, Cable Facade - Prismarine Bricks
appliedenergistics2:facade:0, Cable Facade - Dark Prismarine
appliedenergistics2:facade:0, Cable Facade - Sea Lantern
appliedenergistics2:facade:0, Cable Facade - Hay Bale
appliedenergistics2:facade:0, Cable Facade - Terracotta
appliedenergistics2:facade:0, Cable Facade - Block of Coal
appliedenergistics2:facade:0, Cable Facade - Packed Ice
appliedenergistics2:facade:0, Cable Facade - Red Sandstone
appliedenergistics2:facade:0, Cable Facade - Chiseled Red Sandstone
appliedenergistics2:facade:0, Cable Facade - Cut Red Sandstone
appliedenergistics2:facade:0, Cable Facade - Purpur Block
appliedenergistics2:facade:0, Cable Facade - Purpur Pillar
appliedenergistics2:facade:0, Cable Facade - End Stone Bricks
appliedenergistics2:facade:0, Cable Facade - Magma Block
appliedenergistics2:facade:0, Cable Facade - Nether Wart Block
appliedenergistics2:facade:0, Cable Facade - Red Nether Brick
appliedenergistics2:facade:0, Cable Facade - Bone Block
appliedenergistics2:facade:0, Cable Facade - Observer
appliedenergistics2:facade:0, Cable Facade - White Glazed Terracotta
appliedenergistics2:facade:0, Cable Facade - Orange Glazed Terracotta
appliedenergistics2:facade:0, Cable Facade - Magenta Glazed Terracotta
appliedenergistics2:facade:0, Cable Facade - Light Blue Glazed Terracotta
appliedenergistics2:facade:0, Cable Facade - Yellow Glazed Terracotta
appliedenergistics2:facade:0, Cable Facade - Lime Glazed Terracotta
appliedenergistics2:facade:0, Cable Facade - Pink Glazed Terracotta
appliedenergistics2:facade:0, Cable Facade - Gray Glazed Terracotta
appliedenergistics2:facade:0, Cable Facade - Light Gray Glazed Terracotta
appliedenergistics2:facade:0, Cable Facade - Cyan Glazed Terracotta
appliedenergistics2:facade:0, Cable Facade - Purple Glazed Terracotta
appliedenergistics2:facade:0, Cable Facade - Blue Glazed Terracotta
appliedenergistics2:facade:0, Cable Facade - Brown Glazed Terracotta
appliedenergistics2:facade:0, Cable Facade - Green Glazed Terracotta
appliedenergistics2:facade:0, Cable Facade - Red Glazed Terracotta
appliedenergistics2:facade:0, Cable Facade - Black Glazed Terracotta
appliedenergistics2:facade:0, Cable Facade - White Concrete
appliedenergistics2:facade:0, Cable Facade - Orange Concrete
appliedenergistics2:facade:0, Cable Facade - Magenta Concrete
appliedenergistics2:facade:0, Cable Facade - Light Blue Concrete
appliedenergistics2:facade:0, Cable Facade - Yellow Concrete
appliedenergistics2:facade:0, Cable Facade - Lime Concrete
appliedenergistics2:facade:0, Cable Facade - Pink Concrete
appliedenergistics2:facade:0, Cable Facade - Gray Concrete
appliedenergistics2:facade:0, Cable Facade - Light Gray Concrete
appliedenergistics2:facade:0, Cable Facade - Cyan Concrete
appliedenergistics2:facade:0, Cable Facade - Purple Concrete
appliedenergistics2:facade:0, Cable Facade - Blue Concrete
appliedenergistics2:facade:0, Cable Facade - Brown Concrete
appliedenergistics2:facade:0, Cable Facade - Green Concrete
appliedenergistics2:facade:0, Cable Facade - Red Concrete
appliedenergistics2:facade:0, Cable Facade - Black Concrete
appliedenergistics2:facade:0, Cable Facade - White Concrete Powder
appliedenergistics2:facade:0, Cable Facade - Orange Concrete Powder
appliedenergistics2:facade:0, Cable Facade - Magenta Concrete Powder
appliedenergistics2:facade:0, Cable Facade - Light Blue Concrete Powder
appliedenergistics2:facade:0, Cable Facade - Yellow Concrete Powder
appliedenergistics2:facade:0, Cable Facade - Lime Concrete Powder
appliedenergistics2:facade:0, Cable Facade - Pink Concrete Powder
appliedenergistics2:facade:0, Cable Facade - Gray Concrete Powder
appliedenergistics2:facade:0, Cable Facade - Light Gray Concrete Powder
appliedenergistics2:facade:0, Cable Facade - Cyan Concrete Powder
appliedenergistics2:facade:0, Cable Facade - Purple Concrete Powder
appliedenergistics2:facade:0, Cable Facade - Blue Concrete Powder
appliedenergistics2:facade:0, Cable Facade - Brown Concrete Powder
appliedenergistics2:facade:0, Cable Facade - Green Concrete Powder
appliedenergistics2:facade:0, Cable Facade - Red Concrete Powder
appliedenergistics2:facade:0, Cable Facade - Black Concrete Powder
appliedenergistics2:facade:0, Cable Facade - Eyeball Block
appliedenergistics2:facade:0, Cable Facade - Nether Moss
appliedenergistics2:facade:0, Cable Facade - Stalagnate Bark
appliedenergistics2:facade:0, Cable Facade - Stalagnate Planks
appliedenergistics2:facade:0, Cable Facade - Reeds Block
appliedenergistics2:facade:0, Cable Facade - Nether Mycelium
appliedenergistics2:facade:0, Cable Facade - Cincinnasite Ore
appliedenergistics2:facade:0, Cable Facade - Cincinnasite Block
appliedenergistics2:facade:0, Cable Facade - Forged Cincinnasite Block
appliedenergistics2:facade:0, Cable Facade - Cincinnasite Pillar
appliedenergistics2:facade:0, Cable Facade - Cincinnasite Bricks
appliedenergistics2:facade:0, Cable Facade - Cincinnasite Brick Plate
appliedenergistics2:facade:0, Cable Facade - Cincinnasite Lantern
appliedenergistics2:facade:0, Cable Facade - Large Cincinnasite Tile
appliedenergistics2:facade:0, Cable Facade - Small Cincinnasite Tile
appliedenergistics2:facade:0, Cable Facade - Cincinnasite Carved
appliedenergistics2:facade:0, Cable Facade - Large Nether Brick Tile
appliedenergistics2:facade:0, Cable Facade - Small Nether Brick Tile
appliedenergistics2:facade:0, Cable Facade - Bone Block
appliedenergistics2:facade:0, Cable Facade - Cincinnasite Brick Pillar
appliedenergistics2:facade:0, Cable Facade - Bone Tile
appliedenergistics2:facade:0, Cable Facade - Basalt
appliedenergistics2:facade:0, Cable Facade - Copper Ore
appliedenergistics2:facade:0, Cable Facade - Lead Ore
appliedenergistics2:facade:0, Cable Facade - Tin Ore
appliedenergistics2:facade:0, Cable Facade - Uranium Ore
appliedenergistics2:facade:0, Cable Facade - Bronze Block
appliedenergistics2:facade:0, Cable Facade - Copper Block
appliedenergistics2:facade:0, Cable Facade - Lead Block
appliedenergistics2:facade:0, Cable Facade - Steel Block
appliedenergistics2:facade:0, Cable Facade - Tin Block
appliedenergistics2:facade:0, Cable Facade - Uranium Block
appliedenergistics2:facade:0, Cable Facade - Reinforced Stone
appliedenergistics2:facade:0, Cable Facade - Basic Machine Casing
appliedenergistics2:facade:0, Cable Facade - Advanced Machine Casing
appliedenergistics2:facade:0, Cable Facade - Reactor Pressure Vessel
appliedenergistics2:facade:0, Cable Facade - Silver Block
appliedenergistics2:facade:0, Cable Facade - Rubber Tree Leaves
appliedenergistics2:facade:0, Cable Facade - Rubber Wood
appliedenergistics2:facade:0, Cable Facade - Scaffold
appliedenergistics2:facade:0, Cable Facade - Reinforced Scaffold
appliedenergistics2:facade:0, Cable Facade - Iron Scaffold
appliedenergistics2:facade:0, Cable Facade - Reinforced Iron Scaffold
appliedenergistics2:facade:0, Cable Facade - Construction Foam
appliedenergistics2:facade:0, Cable Facade - Reinforced Construction Foam
appliedenergistics2:facade:0, Cable Facade - Construction Foam Wall (Black)
appliedenergistics2:facade:0, Cable Facade - Construction Foam Wall (Blue)
appliedenergistics2:facade:0, Cable Facade - Construction Foam Wall (Brown)
appliedenergistics2:facade:0, Cable Facade - Construction Foam Wall (Cyan)
appliedenergistics2:facade:0, Cable Facade - Construction Foam Wall (Gray)
appliedenergistics2:facade:0, Cable Facade - Construction Foam Wall (Green)
appliedenergistics2:facade:0, Cable Facade - Construction Foam Wall (Light Blue)
appliedenergistics2:facade:0, Cable Facade - Construction Foam Wall (Light Gray)
appliedenergistics2:facade:0, Cable Facade - Construction Foam Wall (Lime)
appliedenergistics2:facade:0, Cable Facade - Construction Foam Wall (Magenta)
appliedenergistics2:facade:0, Cable Facade - Construction Foam Wall (Orange)
appliedenergistics2:facade:0, Cable Facade - Construction Foam Wall (Pink)
appliedenergistics2:facade:0, Cable Facade - Construction Foam Wall (Purple)
appliedenergistics2:facade:0, Cable Facade - Construction Foam Wall (Red)
appliedenergistics2:facade:0, Cable Facade - Construction Foam Wall (White)
appliedenergistics2:facade:0, Cable Facade - Construction Foam Wall (Yellow)
appliedenergistics2:facade:0, Cable Facade - Refractory Bricks
appliedenergistics2:facade:0, Cable Facade - Magical Planks
appliedenergistics2:facade:0, Cable Facade - Magical Wood
appliedenergistics2:facade:0, Cable Facade - Diagonal Wood
appliedenergistics2:facade:0, Cable Facade - Angel Block
appliedenergistics2:facade:0, Cable Facade - Cursed Earth
appliedenergistics2:facade:0, Cable Facade - Redstone Clock
appliedenergistics2:facade:0, Cable Facade - Compressed Cobblestone
appliedenergistics2:facade:0, Cable Facade - Double Compressed Cobblestone
appliedenergistics2:facade:0, Cable Facade - Triple Compressed Cobblestone
appliedenergistics2:facade:0, Cable Facade - Quadruple Compressed Cobblestone
appliedenergistics2:facade:0, Cable Facade - Quintuple Compressed Cobblestone
appliedenergistics2:facade:0, Cable Facade - Sextuple Compressed Cobblestone
appliedenergistics2:facade:0, Cable Facade - Septuple Compressed Cobblestone
appliedenergistics2:facade:0, Cable Facade - Octuple Compressed Cobblestone
appliedenergistics2:facade:0, Cable Facade - Compressed Dirt
appliedenergistics2:facade:0, Cable Facade - Double Compressed Dirt
appliedenergistics2:facade:0, Cable Facade - Triple Compressed Dirt
appliedenergistics2:facade:0, Cable Facade - Quadruple Compressed Dirt
appliedenergistics2:facade:0, Cable Facade - Compressed Sand
appliedenergistics2:facade:0, Cable Facade - Double Compressed Sand
appliedenergistics2:facade:0, Cable Facade - Compressed Gravel
appliedenergistics2:facade:0, Cable Facade - Double Compressed Gravel
appliedenergistics2:facade:0, Cable Facade - Compressed Netherrack
appliedenergistics2:facade:0, Cable Facade - Double Compressed Netherrack
appliedenergistics2:facade:0, Cable Facade - Triple Compressed Netherrack
appliedenergistics2:facade:0, Cable Facade - Quadruple Compressed Netherrack
appliedenergistics2:facade:0, Cable Facade - Quintuple Compressed Netherrack
appliedenergistics2:facade:0, Cable Facade - Sextuple Compressed Netherrack
appliedenergistics2:facade:0, Cable Facade - Border Stone
appliedenergistics2:facade:0, Cable Facade - Crossed Stone
appliedenergistics2:facade:0, Cable Facade - Polished Stone
appliedenergistics2:facade:0, Cable Facade - Stoneburnt
appliedenergistics2:facade:0, Cable Facade - Sandy Glass
appliedenergistics2:facade:0, Cable Facade - Truchet
appliedenergistics2:facade:0, Cable Facade - Blue Quartz
appliedenergistics2:facade:0, Cable Facade - Quartzburnt
appliedenergistics2:facade:0, Cable Facade - Rainbow Stone
appliedenergistics2:facade:0, Cable Facade - Thickened Glass
appliedenergistics2:facade:0, Cable Facade - Thickened Glass (Bordered)
appliedenergistics2:facade:0, Cable Facade - Thickened Glass (Patterned)
appliedenergistics2:facade:0, Cable Facade - Dark Glass
appliedenergistics2:facade:0, Cable Facade - Glowing Glass
appliedenergistics2:facade:0, Cable Facade - Redstone Glass
appliedenergistics2:facade:0, Cable Facade - Block of Enchanted Metal
appliedenergistics2:facade:0, Cable Facade - Block of Demon Metal
appliedenergistics2:facade:0, Cable Facade - Block of Evil Infused Iron
appliedenergistics2:facade:0, Cable Facade - Bedrock Bricks
appliedenergistics2:facade:0, Cable Facade - Bedrock Slabs
appliedenergistics2:facade:0, Cable Facade - Bedrock Cobblestone
appliedenergistics2:facade:0, Cable Facade - Ferrous-Juniper Log
appliedenergistics2:facade:0, Cable Facade - Ferrous-Juniper Log
appliedenergistics2:facade:0, Cable Facade - Ferrous-Juniper Planks
appliedenergistics2:facade:0, Cable Facade - Raw Ferrous-Juniper Planks
appliedenergistics2:facade:0, Cable Facade - Elevator
appliedenergistics2:facade:0, Cable Facade - Sponge
appliedenergistics2:facade:0, Cable Facade - Scaffolding
appliedenergistics2:facade:0, Cable Facade - Wicker Bundle
appliedenergistics2:facade:0, Cable Facade - Bloodied Wicker Bundle
appliedenergistics2:facade:0, Cable Facade - Perpetual Ice
appliedenergistics2:facade:0, Cable Facade - Dirt
appliedenergistics2:facade:0, Cable Facade - Podzol
appliedenergistics2:facade:0, Cable Facade - Grass
appliedenergistics2:facade:0, Cable Facade - Blood-stained Wool
appliedenergistics2:facade:0, Cable Facade - Mirror Wall
appliedenergistics2:facade:0, Cable Facade - Torment Stone
appliedenergistics2:facade:0, Cable Facade - Oak Stockade
appliedenergistics2:facade:0, Cable Facade - Spruce Stockade
appliedenergistics2:facade:0, Cable Facade - Birch Stockade
appliedenergistics2:facade:0, Cable Facade - Jungle Stockade
appliedenergistics2:facade:0, Cable Facade - Acacia Stockade
appliedenergistics2:facade:0, Cable Facade - Dark Oak Stockade
appliedenergistics2:facade:0, Cable Facade - Rowan Stockade
appliedenergistics2:facade:0, Cable Facade - Alder Stockade
appliedenergistics2:facade:0, Cable Facade - Hawthorn Stockade
appliedenergistics2:facade:0, Cable Facade - Ice Stockade
appliedenergistics2:facade:0, Cable Facade - Rowan Wood
appliedenergistics2:facade:0, Cable Facade - Rowan Wood Planks
appliedenergistics2:facade:0, Cable Facade - Rowan Leaves
appliedenergistics2:facade:0, Cable Facade - Alder Wood
appliedenergistics2:facade:0, Cable Facade - Alder Wood Planks
appliedenergistics2:facade:0, Cable Facade - Alder Leaves
appliedenergistics2:facade:0, Cable Facade - Hawthorn Wood
appliedenergistics2:facade:0, Cable Facade - Hawthorn Wood Planks
appliedenergistics2:facade:0, Cable Facade - Hawthorn Leaves
appliedenergistics2:facade:0, Cable Facade - Amber Bearing Stone
appliedenergistics2:facade:0, Cable Facade - Cinnabar Ore
appliedenergistics2:facade:0, Cable Facade - Quartz Ore
appliedenergistics2:facade:0, Cable Facade - Arcane Stone
appliedenergistics2:facade:0, Cable Facade - Arcane Stone Brick
appliedenergistics2:facade:0, Cable Facade - Ancient Stone
appliedenergistics2:facade:0, Cable Facade - Ancient Stone Tile
appliedenergistics2:facade:0, Cable Facade - Ancient Rock
appliedenergistics2:facade:0, Cable Facade - Glyphed Stone
appliedenergistics2:facade:0, Cable Facade - Ancient Barrier
appliedenergistics2:facade:0, Cable Facade - Eldritch Stone
appliedenergistics2:facade:0, Cable Facade - Porous Stone
appliedenergistics2:facade:0, Cable Facade - Greatwood Log
appliedenergistics2:facade:0, Cable Facade - Silverwood Log
appliedenergistics2:facade:0, Cable Facade - Greatwood Leaves
appliedenergistics2:facade:0, Cable Facade - Silverwood Leaves
appliedenergistics2:facade:0, Cable Facade - Greatwood Planks
appliedenergistics2:facade:0, Cable Facade - Silverwood Planks
appliedenergistics2:facade:0, Cable Facade - Amber Block
appliedenergistics2:facade:0, Cable Facade - Amber Bricks
appliedenergistics2:facade:0, Cable Facade - Block of Flesh
appliedenergistics2:facade:0, Cable Facade - Crusted Taint
appliedenergistics2:facade:0, Cable Facade - Tainted Soil
appliedenergistics2:facade:0, Cable Facade - Tainted Rock
appliedenergistics2:facade:0, Cable Facade - Taint Geyser
appliedenergistics2:facade:0, Cable Facade - Taintwood Log
appliedenergistics2:facade:0, Cable Facade - Ambient Grass Block
appliedenergistics2:facade:0, Cable Facade - Brass Block
appliedenergistics2:facade:0, Cable Facade - Thaumium Block
appliedenergistics2:facade:0, Cable Facade - Void Metal Block
appliedenergistics2:facade:0, Cable Facade - Alchemical Construct
appliedenergistics2:facade:0, Cable Facade - Advanced Alchemical Construct
appliedenergistics2:facade:0, Cable Facade - Infusion Speed Stone
appliedenergistics2:facade:0, Cable Facade - Infusion Cost Stone
appliedenergistics2:facade:0, Cable Facade - Vis Battery
appliedenergistics2:facade:0, Cable Facade - Empty Space
appliedenergistics2:facade:0, Cable Facade - Twilight Oak Wood
appliedenergistics2:facade:0, Cable Facade - Canopy Tree Wood
appliedenergistics2:facade:0, Cable Facade - Mangrove Wood
appliedenergistics2:facade:0, Cable Facade - Darkwood
appliedenergistics2:facade:0, Cable Facade - Roots
appliedenergistics2:facade:0, Cable Facade - Liveroots
appliedenergistics2:facade:0, Cable Facade - Twilight Oak Leaves
appliedenergistics2:facade:0, Cable Facade - Canopy Tree Leaves
appliedenergistics2:facade:0, Cable Facade - Mangrove Leaves
appliedenergistics2:facade:0, Cable Facade - Rainbow Oak Leaves
appliedenergistics2:facade:0, Cable Facade - Mazestone
appliedenergistics2:facade:0, Cable Facade - Mazestone Brick
appliedenergistics2:facade:0, Cable Facade - Chiseled Mazestone
appliedenergistics2:facade:0, Cable Facade - Decorative Mazestone Brick
appliedenergistics2:facade:0, Cable Facade - Cracked Mazestone Brick
appliedenergistics2:facade:0, Cable Facade - Mossy Mazestone Brick
appliedenergistics2:facade:0, Cable Facade - Mazestone Mosaic
appliedenergistics2:facade:0, Cable Facade - Mazestone Border
appliedenergistics2:facade:0, Cable Facade - Hedge
appliedenergistics2:facade:0, Cable Facade - Uncrafting Table
appliedenergistics2:facade:0, Cable Facade - Nagastone Head
appliedenergistics2:facade:0, Cable Facade - Nagastone
appliedenergistics2:facade:0, Cable Facade - Timewood
appliedenergistics2:facade:0, Cable Facade - Transwood
appliedenergistics2:facade:0, Cable Facade - Minewood
appliedenergistics2:facade:0, Cable Facade - Sortingwood
appliedenergistics2:facade:0, Cable Facade - Timewood Leaves
appliedenergistics2:facade:0, Cable Facade - Leaves of Transformation
appliedenergistics2:facade:0, Cable Facade - Miner's Leaves
appliedenergistics2:facade:0, Cable Facade - Sorting Leaves
appliedenergistics2:facade:0, Cable Facade - Timewood Clock
appliedenergistics2:facade:0, Cable Facade - Heart of Transformation
appliedenergistics2:facade:0, Cable Facade - Minewood Core
appliedenergistics2:facade:0, Cable Facade - Sortingwood Engine
appliedenergistics2:facade:0, Cable Facade - Towerwood Planks
appliedenergistics2:facade:0, Cable Facade - Encased Towerwood
appliedenergistics2:facade:0, Cable Facade - Cracked Towerwood
appliedenergistics2:facade:0, Cable Facade - Mossy Towerwood
appliedenergistics2:facade:0, Cable Facade - Infested Towerwood
appliedenergistics2:facade:0, Cable Facade - Reappearing Block
appliedenergistics2:facade:0, Cable Facade - Vanishing Block
appliedenergistics2:facade:0, Cable Facade - Locked Vanishing Block
appliedenergistics2:facade:0, Cable Facade - Unlocked Vanishing Block
appliedenergistics2:facade:0, Cable Facade - Carminite Builder
appliedenergistics2:facade:0, Cable Facade - Anti-builder
appliedenergistics2:facade:0, Cable Facade - Ghast Trap
appliedenergistics2:facade:0, Cable Facade - Carminite Reactor
appliedenergistics2:facade:0, Cable Facade - Stronghold Shield
appliedenergistics2:facade:0, Cable Facade - Aurora Block
appliedenergistics2:facade:0, Cable Facade - Underbrick
appliedenergistics2:facade:0, Cable Facade - Mossy Underbrick
appliedenergistics2:facade:0, Cable Facade - Cracked Underbrick
appliedenergistics2:facade:0, Cable Facade - Underbrick Floor
appliedenergistics2:facade:0, Cable Facade - Thorn Leaves
appliedenergistics2:facade:0, Cable Facade - Beanstalk Leaves
appliedenergistics2:facade:0, Cable Facade - Weathered Deadrock
appliedenergistics2:facade:0, Cable Facade - Cracked Deadrock
appliedenergistics2:facade:0, Cable Facade - Deadrock
appliedenergistics2:facade:0, Cable Facade - Darkwood Leaves
appliedenergistics2:facade:0, Cable Facade - Aurora Pillar
appliedenergistics2:facade:0, Cable Facade - Trollsteinn
appliedenergistics2:facade:0, Cable Facade - Wispy Cloud
appliedenergistics2:facade:0, Cable Facade - Fluffy Cloud
appliedenergistics2:facade:0, Cable Facade - Giant Cobblestone
appliedenergistics2:facade:0, Cable Facade - Giant Log
appliedenergistics2:facade:0, Cable Facade - Giant Leaves
appliedenergistics2:facade:0, Cable Facade - Giant Obsidian
appliedenergistics2:facade:0, Cable Facade - Huge Stalk
appliedenergistics2:facade:0, Cable Facade - Huge Mushgloom
appliedenergistics2:facade:0, Cable Facade - Castle Brick
appliedenergistics2:facade:0, Cable Facade - Worn Castle Brick
appliedenergistics2:facade:0, Cable Facade - Cracked Castle Brick
appliedenergistics2:facade:0, Cable Facade - Castle Roof Tile
appliedenergistics2:facade:0, Cable Facade - Mossy Castle Brick
appliedenergistics2:facade:0, Cable Facade - Thick Castle Brick
appliedenergistics2:facade:0, Cable Facade - Encased Castle Brick Pillar
appliedenergistics2:facade:0, Cable Facade - Encased Castle Brick Tile
appliedenergistics2:facade:0, Cable Facade - Bold Castle Brick Pillar
appliedenergistics2:facade:0, Cable Facade - Bold Castle Brick Tiles
appliedenergistics2:facade:0, Cable Facade - Pink Castle Rune Brick
appliedenergistics2:facade:0, Cable Facade - Blue Castle Rune Brick
appliedenergistics2:facade:0, Cable Facade - Yellow Castle Rune Brick
appliedenergistics2:facade:0, Cable Facade - Violet Castle Rune Brick
appliedenergistics2:facade:0, Cable Facade - Cinder Furnace [NYI]
appliedenergistics2:facade:0, Cable Facade - Cinder Log [NYI]
appliedenergistics2:facade:0, Cable Facade - Yellow Castle Door
appliedenergistics2:facade:0, Cable Facade - Violet Castle Door
appliedenergistics2:facade:0, Cable Facade - Pink Castle Door
appliedenergistics2:facade:0, Cable Facade - Blue Castle Door
appliedenergistics2:facade:0, Cable Facade - Block of Ironwood
appliedenergistics2:facade:0, Cable Facade - Block of Fiery Metal
appliedenergistics2:facade:0, Cable Facade - Block of Steeleaf
appliedenergistics2:facade:0, Cable Facade - Block of Arctic Fur
appliedenergistics2:facade:0, Cable Facade - Block of Carminite
appliedenergistics2:facade:0, Cable Facade - Etched Nagastone
appliedenergistics2:facade:0, Cable Facade - Nagastone Pillar
appliedenergistics2:facade:0, Cable Facade - Mossy Etched Nagastone
appliedenergistics2:facade:0, Cable Facade - Mossy Nagastone Pillar
appliedenergistics2:facade:0, Cable Facade - Ruined Etched Nagastone
appliedenergistics2:facade:0, Cable Facade - Ruined Nagastone Pillar
appliedenergistics2:facade:0, Cable Facade - Twilight Oak Planks
appliedenergistics2:facade:0, Cable Facade - Canopy Planks
appliedenergistics2:facade:0, Cable Facade - Mangrove Planks
appliedenergistics2:facade:0, Cable Facade - Darkwood Planks
appliedenergistics2:facade:0, Cable Facade - Timewood Planks
appliedenergistics2:facade:0, Cable Facade - Transwood Planks
appliedenergistics2:facade:0, Cable Facade - Minewood Planks
appliedenergistics2:facade:0, Cable Facade - Sortingwood Planks
appliedenergistics2:facade:0, Cable Facade - Terrorcotta (Circular)
appliedenergistics2:facade:0, Cable Facade - Terrorcotta (Diagonal)
appliedenergistics2:facade:0, Cable Facade - tile.twilightforest.StonePillar.name
appliedenergistics2:facade:0, Cable Facade - Block of Crystal Quartz
appliedenergistics2:facade:0, Cable Facade - Chiseled Crystal Quartz Block
appliedenergistics2:facade:0, Cable Facade - Pillar Crystal Quartz Block
appliedenergistics2:facade:0, Cable Facade - Certus Quartz Ore
appliedenergistics2:facade:0, Cable Facade - Charged Certus Quartz Ore
appliedenergistics2:facade:0, Cable Facade - Certus Quartz Block
appliedenergistics2:facade:0, Cable Facade - Certus Quartz Pillar
appliedenergistics2:facade:0, Cable Facade - Chiseled Certus Quartz Block
appliedenergistics2:facade:0, Cable Facade - Quartz Glass
appliedenergistics2:facade:0, Cable Facade - Vibrant Quartz Glass
appliedenergistics2:facade:0, Cable Facade - Fluix Block
appliedenergistics2:facade:0, Cable Facade - Sky Stone
appliedenergistics2:facade:0, Cable Facade - Sky Stone Block
appliedenergistics2:facade:0, Cable Facade - Sky Stone Brick
appliedenergistics2:facade:0, Cable Facade - Sky Stone Small Brick
appliedenergistics2:facade:0, Cable Facade - Sugar Block
appliedenergistics2:facade:0, Cable Facade - Red Slime Block
appliedenergistics2:facade:0, Cable Facade - Gravisand
appliedenergistics2:facade:0, Cable Facade - Spruce Bookshelf
appliedenergistics2:facade:0, Cable Facade - Lit Redstone Lamp
appliedenergistics2:facade:0, Cable Facade - Blaze Lantern
appliedenergistics2:facade:0, Cable Facade - Block of Charcoal
appliedenergistics2:facade:0, Cable Facade - Swamp Oak Leaves
appliedenergistics2:facade:0, Cable Facade - White Cave Crystal
appliedenergistics2:facade:0, Cable Facade - Ender Biotite Ore
appliedenergistics2:facade:0, Cable Facade - Block of Biotite
appliedenergistics2:facade:0, Cable Facade - Chiseled Biotite Block
appliedenergistics2:facade:0, Cable Facade - Pillar Biotite Block
appliedenergistics2:facade:0, Cable Facade - Basalt
appliedenergistics2:facade:0, Cable Facade - Marble
appliedenergistics2:facade:0, Cable Facade - Limestone
appliedenergistics2:facade:0, Cable Facade - Jasper
appliedenergistics2:facade:0, Cable Facade - Slate
appliedenergistics2:facade:0, Cable Facade - Brimstone
appliedenergistics2:facade:0, Cable Facade - Brimstone Bricks
appliedenergistics2:facade:0, Cable Facade - Elder Prismarine
appliedenergistics2:facade:0, Cable Facade - Elder Sea Lantern
appliedenergistics2:facade:0, Cable Facade - Glowcelium
appliedenergistics2:facade:0, Cable Facade - Glowshroom
appliedenergistics2:facade:0, Cable Facade - Polished Sandstone
appliedenergistics2:facade:0, Cable Facade - Polished Stone
appliedenergistics2:facade:0, Cable Facade - White Stained Planks
appliedenergistics2:facade:0, Cable Facade - Terracotta Shingles
appliedenergistics2:facade:0, Cable Facade - White Terracotta Shingles
appliedenergistics2:facade:0, Cable Facade - Oak Bark
appliedenergistics2:facade:0, Cable Facade - Sturdy Stone
appliedenergistics2:facade:0, Cable Facade - Iron Plate
appliedenergistics2:facade:0, Cable Facade - Sandy Bricks
appliedenergistics2:facade:0, Cable Facade - Thatch
appliedenergistics2:facade:0, Cable Facade - Charred Nether Brick
appliedenergistics2:facade:0, Cable Facade - Granite Bricks
appliedenergistics2:facade:0, Cable Facade - Chiseled Granite Bricks
appliedenergistics2:facade:0, Cable Facade - Midori Block
appliedenergistics2:facade:0, Cable Facade - Midori Pillar
appliedenergistics2:facade:0, Cable Facade - Magma Bricks
appliedenergistics2:facade:0, Cable Facade - Vertical Oak Wood Planks
appliedenergistics2:facade:0, Cable Facade - Vertical White Stained Planks
appliedenergistics2:facade:0, Cable Facade - Duskbound Block
appliedenergistics2:facade:0, Cable Facade - Duskbound Lantern
appliedenergistics2:facade:0, Cable Facade - Granite Pavement
appliedenergistics2:facade:0, Cable Facade - Sugar Cane Block
appliedenergistics2:facade:0, Cable Facade - Snow Bricks
appliedenergistics2:facade:0, Cable Facade - Carved Oak Wood
appliedenergistics2:facade:0, Cable Facade - Soul Sandstone
appliedenergistics2:facade:0, Cable Facade - Turf Block
appliedenergistics2:facade:0, Cable Facade - Netherwrought Stone
appliedenergistics2:facade:0, Cable Facade - White Quilted Wool
appliedenergistics2:facade:0, Cable Facade - Copper Block
appliedenergistics2:facade:0, Cable Facade - Tin Block
appliedenergistics2:facade:0, Cable Facade - Nether Emerald Ore
appliedenergistics2:facade:0, Cable Facade - Nether Diamond Ore
appliedenergistics2:facade:0, Cable Facade - Nether Redstone Ore
appliedenergistics2:facade:0, Cable Facade - Nether Lapis Ore
appliedenergistics2:facade:0, Cable Facade - Nether Coal Ore
appliedenergistics2:facade:0, Cable Facade - Nether Gold Ore
appliedenergistics2:facade:0, Cable Facade - Nether Iron Ore
appliedenergistics2:facade:0, Cable Facade - Nether Copper Ore
appliedenergistics2:facade:0, Cable Facade - Nether Tin Ore
appliedenergistics2:facade:0, Cable Facade - Pokey
appliedenergistics2:facade:0, Cable Facade - Skewer
appliedenergistics2:facade:0, Cable Facade - Block of Sticks
appliedenergistics2:facade:0, Cable Facade - Thatch
appliedenergistics2:facade:0, Cable Facade - Weeping Log
appliedenergistics2:facade:0, Cable Facade - Weeping Planks
appliedenergistics2:facade:0, Cable Facade - Weeping Leaves
appliedenergistics2:facade:0, Cable Facade - Gloomy Netherrack
appliedenergistics2:facade:0, Cable Facade - Lively Netherrack
appliedenergistics2:facade:0, Cable Facade - Fiery Netherrack
appliedenergistics2:facade:0, Cable Facade - Icy Netherrack
appliedenergistics2:facade:0, Cable Facade - Gloomy Nether Bricks
appliedenergistics2:facade:0, Cable Facade - Lively Nether Bricks
appliedenergistics2:facade:0, Cable Facade - Fiery Nether Bricks
appliedenergistics2:facade:0, Cable Facade - Icy Nether Bricks
appliedenergistics2:facade:0, Cable Facade - Basalt
appliedenergistics2:facade:0, Cable Facade - Smooth Basalt
appliedenergistics2:facade:0, Cable Facade - Basalt Bricks
appliedenergistics2:facade:0, Cable Facade - Basalt Pillar
appliedenergistics2:facade:0, Cable Facade - Hyphae
appliedenergistics2:facade:0, Cable Facade - Frostburn Ice
appliedenergistics2:facade:0, Cable Facade - Nether Amethyst Block
appliedenergistics2:facade:0, Cable Facade - Nether Rime Block
appliedenergistics2:facade:0, Cable Facade - Worn Iron Block
appliedenergistics2:facade:0, Cable Facade - Nether Quartz Ore
appliedenergistics2:facade:0, Cable Facade - Nether Amethyst Ore
appliedenergistics2:facade:0, Cable Facade - Nether Rime Ore
appliedenergistics2:facade:0, Cable Facade - Brown Elder Mushroom Cap
appliedenergistics2:facade:0, Cable Facade - Red Elder Mushroom Cap
appliedenergistics2:facade:0, Cable Facade - Elder Mushroom Stem
appliedenergistics2:facade:0, Cable Facade - Basalt
appliedenergistics2:facade:0, Cable Facade - Polished Basalt
appliedenergistics2:facade:0, Cable Facade - Smooth Basalt
appliedenergistics2:facade:0, Cable Facade - Blackstone
appliedenergistics2:facade:0, Cable Facade - Polished Blackstone Bricks
appliedenergistics2:facade:0, Cable Facade - Cracked Polished Blackstone Bricks
appliedenergistics2:facade:0, Cable Facade - Polished Blackstone
appliedenergistics2:facade:0, Cable Facade - Chiseled Polished Blackstone
appliedenergistics2:facade:0, Cable Facade - Crimson Stem
appliedenergistics2:facade:0, Cable Facade - Crimson Hyphae
appliedenergistics2:facade:0, Cable Facade - Crimson Planks
appliedenergistics2:facade:0, Cable Facade - Crimson Nylium
appliedenergistics2:facade:0, Cable Facade - Crimson Wart Block
appliedenergistics2:facade:0, Cable Facade - Crying Obsidian
appliedenergistics2:facade:0, Cable Facade - Gilded Blackstone
appliedenergistics2:facade:0, Cable Facade - Lodestone
appliedenergistics2:facade:0, Cable Facade - Nether Gold Ore
appliedenergistics2:facade:0, Cable Facade - Quartz Bricks
appliedenergistics2:facade:0, Cable Facade - Respawn Anchor
appliedenergistics2:facade:0, Cable Facade - Shroomlight
appliedenergistics2:facade:0, Cable Facade - Soul Soil
appliedenergistics2:facade:0, Cable Facade - Warped Stem
appliedenergistics2:facade:0, Cable Facade - Warped Hyphae
appliedenergistics2:facade:0, Cable Facade - Warped Planks
appliedenergistics2:facade:0, Cable Facade - Warped Nylium
appliedenergistics2:facade:0, Cable Facade - Warped Wart Block
appliedenergistics2:facade:0, Cable Facade - Crystal Moss
appliedenergistics2:facade:0, Cable Facade - End Mycelium
appliedenergistics2:facade:0, Cable Facade - End Moss
appliedenergistics2:facade:0, Cable Facade - Chorus Nylium
appliedenergistics2:facade:0, Cable Facade - Cave Moss
appliedenergistics2:facade:0, Cable Facade - Shadow Grass
appliedenergistics2:facade:0, Cable Facade - Pink Moss
appliedenergistics2:facade:0, Cable Facade - Amber Moss
appliedenergistics2:facade:0, Cable Facade - Jungle Moss
appliedenergistics2:facade:0, Cable Facade - Sangnum
appliedenergistics2:facade:0, Cable Facade - Rutiscus
appliedenergistics2:facade:0, Cable Facade - Full Pallidium Cover
appliedenergistics2:facade:0, Cable Facade - Heavy Pallidium Cover
appliedenergistics2:facade:0, Cable Facade - Thin Pallidium Cover
appliedenergistics2:facade:0, Cable Facade - Tiny Pallidium Cover
appliedenergistics2:facade:0, Cable Facade - End Stone Dust
appliedenergistics2:facade:0, Cable Facade - Mossy Obsidian
appliedenergistics2:facade:0, Cable Facade - Dragon Bone Block
appliedenergistics2:facade:0, Cable Facade - Mossy Dragon Bone
appliedenergistics2:facade:0, Cable Facade - Aeternium Block
appliedenergistics2:facade:0, Cable Facade - Ender Block
appliedenergistics2:facade:0, Cable Facade - Amber Block
appliedenergistics2:facade:0, Cable Facade - Smaragdant Crystal
appliedenergistics2:facade:0, Cable Facade - Ender Ore
appliedenergistics2:facade:0, Cable Facade - Amber Ore
appliedenergistics2:facade:0, Cable Facade - Brimstone
appliedenergistics2:facade:0, Cable Facade - Runed Flavolite
appliedenergistics2:facade:0, Cable Facade - Eternal Runed Flavolite
appliedenergistics2:facade:0, Cable Facade - Charcoal Block
appliedenergistics2:facade:0, Cable Facade - Blue Vine Lantern
appliedenergistics2:facade:0, Cable Facade - Hydralux Petal Block
appliedenergistics2:facade:0, Cable Facade - Glowing Pillar Luminophor
appliedenergistics2:facade:0, Cable Facade - Neon Cactus Block
appliedenergistics2:facade:0, Cable Facade - Mossy Glowshroom Cap
appliedenergistics2:facade:0, Cable Facade - Mossy Glowshroom Hymenophore
appliedenergistics2:facade:0, Cable Facade - Helix Tree Leaves
appliedenergistics2:facade:0, Cable Facade - Umbrella Tree Cluster
appliedenergistics2:facade:0, Cable Facade - Empty Umbrella Tree Cluster
appliedenergistics2:facade:0, Cable Facade - Amaranita Stem
appliedenergistics2:facade:0, Cable Facade - Amaranita Hyphae
appliedenergistics2:facade:0, Cable Facade - Amaranita Hymenophore
appliedenergistics2:facade:0, Cable Facade - Amaranita Lantern
appliedenergistics2:facade:0, Cable Facade - Amaranita Cap
appliedenergistics2:facade:0, Cable Facade - Purple Jellyshroom Cap
appliedenergistics2:facade:0, Cable Facade - Dense Snow
appliedenergistics2:facade:0, Cable Facade - Emerald Ice
appliedenergistics2:facade:0, Cable Facade - Dense Emerald Ice
appliedenergistics2:facade:0, Cable Facade - Ancient Emerald Ice
appliedenergistics2:facade:0, Cable Facade - Missing Tile
appliedenergistics2:facade:0, Cable Facade - Mossy Glowshroom Stripped Log
appliedenergistics2:facade:0, Cable Facade - Mossy Glowshroom Stripped Bark
appliedenergistics2:facade:0, Cable Facade - Mossy Glowshroom Log
appliedenergistics2:facade:0, Cable Facade - Mossy Glowshroom Bark
appliedenergistics2:facade:0, Cable Facade - Mossy Glowshroom Planks
appliedenergistics2:facade:0, Cable Facade - Mossy Glowshroom Bookshelf
appliedenergistics2:facade:0, Cable Facade - Lacugrove Stripped Log
appliedenergistics2:facade:0, Cable Facade - Lacugrove Stripped Bark
appliedenergistics2:facade:0, Cable Facade - Lacugrove Log
appliedenergistics2:facade:0, Cable Facade - Lacugrove Bark
appliedenergistics2:facade:0, Cable Facade - Lacugrove Planks
appliedenergistics2:facade:0, Cable Facade - Lacugrove Bookshelf
appliedenergistics2:facade:0, Cable Facade - End Lotus Stripped Log
appliedenergistics2:facade:0, Cable Facade - End Lotus Stripped Bark
appliedenergistics2:facade:0, Cable Facade - End Lotus Log
appliedenergistics2:facade:0, Cable Facade - End Lotus Bark
appliedenergistics2:facade:0, Cable Facade - End Lotus Planks
appliedenergistics2:facade:0, Cable Facade - End Lotus Bookshelf
appliedenergistics2:facade:0, Cable Facade - Pythadendron Stripped Log
appliedenergistics2:facade:0, Cable Facade - Pythadendron Stripped Bark
appliedenergistics2:facade:0, Cable Facade - Pythadendron Log
appliedenergistics2:facade:0, Cable Facade - Pythadendron Bark
appliedenergistics2:facade:0, Cable Facade - Pythadendron Planks
appliedenergistics2:facade:0, Cable Facade - Pythadendron Bookshelf
appliedenergistics2:facade:0, Cable Facade - Dragon Tree Stripped Log
appliedenergistics2:facade:0, Cable Facade - Dragon Tree Stripped Bark
appliedenergistics2:facade:0, Cable Facade - Dragon Tree Log
appliedenergistics2:facade:0, Cable Facade - Dragon Tree Bark
appliedenergistics2:facade:0, Cable Facade - Dragon Tree Planks
appliedenergistics2:facade:0, Cable Facade - Dragon Tree Bookshelf
appliedenergistics2:facade:0, Cable Facade - Stripped Tenanea Log
appliedenergistics2:facade:0, Cable Facade - Stripped Tenanea Bark
appliedenergistics2:facade:0, Cable Facade - Tenanea Log
appliedenergistics2:facade:0, Cable Facade - Tenanea Bark
appliedenergistics2:facade:0, Cable Facade - Tenanea Planks
appliedenergistics2:facade:0, Cable Facade - Tenanea Bookshelf
appliedenergistics2:facade:0, Cable Facade - Stripped Helix Tree Log
appliedenergistics2:facade:0, Cable Facade - Stripped Helix Tree Bark
appliedenergistics2:facade:0, Cable Facade - Helix Tree Log
appliedenergistics2:facade:0, Cable Facade - Helix Tree Bark
appliedenergistics2:facade:0, Cable Facade - Helix Tree Planks
appliedenergistics2:facade:0, Cable Facade - Helix Tree Bookshelf
appliedenergistics2:facade:0, Cable Facade - Stripped Umbrella Tree Log
appliedenergistics2:facade:0, Cable Facade - Stripped Umbrella Tree Bark
appliedenergistics2:facade:0, Cable Facade - Umbrella Tree Log
appliedenergistics2:facade:0, Cable Facade - Umbrella Tree Bark
appliedenergistics2:facade:0, Cable Facade - Umbrella Tree Planks
appliedenergistics2:facade:0, Cable Facade - Umbrella Tree Bookshelf
appliedenergistics2:facade:0, Cable Facade - Stripped Jellyshroom Log
appliedenergistics2:facade:0, Cable Facade - Stripped Jellyshroom Bark
appliedenergistics2:facade:0, Cable Facade - Jellyshroom Log
appliedenergistics2:facade:0, Cable Facade - Jellyshroom Bark
appliedenergistics2:facade:0, Cable Facade - Jellyshroom Planks
appliedenergistics2:facade:0, Cable Facade - Jellyshroom Bookshelf
appliedenergistics2:facade:0, Cable Facade - Stripped Lucernia Log
appliedenergistics2:facade:0, Cable Facade - Stripped Lucernia Bark
appliedenergistics2:facade:0, Cable Facade - Lucernia Log
appliedenergistics2:facade:0, Cable Facade - Lucernia Bark
appliedenergistics2:facade:0, Cable Facade - Lucernia Planks
appliedenergistics2:facade:0, Cable Facade - Lucernia Bookshelf
appliedenergistics2:facade:0, Cable Facade - Filalux Lantern
appliedenergistics2:facade:0, Cable Facade - Flavolite
appliedenergistics2:facade:0, Cable Facade - Polished Flavolite
appliedenergistics2:facade:0, Cable Facade - Flavolite Tiles
appliedenergistics2:facade:0, Cable Facade - Flavolite Pillar
appliedenergistics2:facade:0, Cable Facade - Flavolite Bricks
appliedenergistics2:facade:0, Cable Facade - Violecite
appliedenergistics2:facade:0, Cable Facade - Polished Violecite
appliedenergistics2:facade:0, Cable Facade - Violecite Tiles
appliedenergistics2:facade:0, Cable Facade - Violecite Pillar
appliedenergistics2:facade:0, Cable Facade - Violecite Bricks
appliedenergistics2:facade:0, Cable Facade - Sulfuric Rock
appliedenergistics2:facade:0, Cable Facade - Polished Sulfuric Rock
appliedenergistics2:facade:0, Cable Facade - Sulfuric Rock Tiles
appliedenergistics2:facade:0, Cable Facade - Sulfuric Rock Pillar
appliedenergistics2:facade:0, Cable Facade - Sulfuric Rock Bricks
appliedenergistics2:facade:0, Cable Facade - Virid Jadestone
appliedenergistics2:facade:0, Cable Facade - Polished Virid Jadestone
appliedenergistics2:facade:0, Cable Facade - Virid Jadestone Tiles
appliedenergistics2:facade:0, Cable Facade - Virid Jadestone Pillar
appliedenergistics2:facade:0, Cable Facade - Virid Jadestone Bricks
appliedenergistics2:facade:0, Cable Facade - Azure Jadestone
appliedenergistics2:facade:0, Cable Facade - Azure Jadestone Polished
appliedenergistics2:facade:0, Cable Facade - Azure Jadestone Tiles
appliedenergistics2:facade:0, Cable Facade - Azure Jadestone Pillar
appliedenergistics2:facade:0, Cable Facade - Azure Jadestone Bricks
appliedenergistics2:facade:0, Cable Facade - Sandy Jadestone
appliedenergistics2:facade:0, Cable Facade - Sandy Jadestone Polished
appliedenergistics2:facade:0, Cable Facade - Sandy Jadestone Tiles
appliedenergistics2:facade:0, Cable Facade - Sandy Jadestone Pillar
appliedenergistics2:facade:0, Cable Facade - Sandy Jadestone Bricks
appliedenergistics2:facade:0, Cable Facade - Umbralith
appliedenergistics2:facade:0, Cable Facade - Umbralith Polished
appliedenergistics2:facade:0, Cable Facade - Umbralith Tiles
appliedenergistics2:facade:0, Cable Facade - Umbralith Pillar
appliedenergistics2:facade:0, Cable Facade - Umbralith Bricks
appliedenergistics2:facade:0, Cable Facade - Thallasium Ore
appliedenergistics2:facade:0, Cable Facade - Thallasium Block
appliedenergistics2:facade:0, Cable Facade - Thallasium Tile
appliedenergistics2:facade:0, Cable Facade - Terminite Block
appliedenergistics2:facade:0, Cable Facade - Terminite Tile
appliedenergistics2:facade:0, Cable Facade - White Petal Block
appliedenergistics2:facade:0, Cable Facade - Orange Petal Block
appliedenergistics2:facade:0, Cable Facade - Magenta Petal Block
appliedenergistics2:facade:0, Cable Facade - Light Blue Petal Block
appliedenergistics2:facade:0, Cable Facade - Yellow Petal Block
appliedenergistics2:facade:0, Cable Facade - Lime Petal Block
appliedenergistics2:facade:0, Cable Facade - Pink Petal Block
appliedenergistics2:facade:0, Cable Facade - Gray Petal Block
appliedenergistics2:facade:0, Cable Facade - Light Gray Petal Block
appliedenergistics2:facade:0, Cable Facade - Cyan Petal Block
appliedenergistics2:facade:0, Cable Facade - Purple Petal Block
appliedenergistics2:facade:0, Cable Facade - Blue Petal Block
appliedenergistics2:facade:0, Cable Facade - Brown Petal Block
appliedenergistics2:facade:0, Cable Facade - Green Petal Block
appliedenergistics2:facade:0, Cable Facade - Red Petal Block
appliedenergistics2:facade:0, Cable Facade - Black Petal Block
appliedenergistics2:facade:0, Cable Facade - Block of Smokey Quartz
appliedenergistics2:facade:0, Cable Facade - Chiseled Smokey Quartz Block
appliedenergistics2:facade:0, Cable Facade - Pillar Smokey Quartz Block
appliedenergistics2:facade:0, Cable Facade - Block of Mana Quartz
appliedenergistics2:facade:0, Cable Facade - Chiseled Mana Quartz Block
appliedenergistics2:facade:0, Cable Facade - Pillar Mana Quartz Block
appliedenergistics2:facade:0, Cable Facade - Block of Blaze Quartz
appliedenergistics2:facade:0, Cable Facade - Chiseled Blaze Quartz Block
appliedenergistics2:facade:0, Cable Facade - Pillar Blaze Quartz Block
appliedenergistics2:facade:0, Cable Facade - Block of Lavender Quartz
appliedenergistics2:facade:0, Cable Facade - Chiseled Lavender Quartz Block
appliedenergistics2:facade:0, Cable Facade - Pillar Lavender Quartz Block
appliedenergistics2:facade:0, Cable Facade - Block of Redquartz
appliedenergistics2:facade:0, Cable Facade - Chiseled Redquartz Block
appliedenergistics2:facade:0, Cable Facade - Pillar Redquartz Block
appliedenergistics2:facade:0, Cable Facade - Block of Elven Quartz
appliedenergistics2:facade:0, Cable Facade - Chiseled Elven Quartz Block
appliedenergistics2:facade:0, Cable Facade - Pillar Elven Quartz Block
appliedenergistics2:facade:0, Cable Facade - Block of Sunny Quartz
appliedenergistics2:facade:0, Cable Facade - Chiseled Sunny Quartz Block
appliedenergistics2:facade:0, Cable Facade - Pillar Sunny Quartz Block
appliedenergistics2:facade:0, Cable Facade - Metamorphic Forest Stone
appliedenergistics2:facade:0, Cable Facade - Metamorphic Plains Stone
appliedenergistics2:facade:0, Cable Facade - Metamorphic Mountain Stone
appliedenergistics2:facade:0, Cable Facade - Metamorphic Fungal Stone
appliedenergistics2:facade:0, Cable Facade - Metamorphic Swamp Stone
appliedenergistics2:facade:0, Cable Facade - Metamorphic Desert Stone
appliedenergistics2:facade:0, Cable Facade - Metamorphic Taiga Stone
appliedenergistics2:facade:0, Cable Facade - Metamorphic Mesa Stone
appliedenergistics2:facade:0, Cable Facade - Metamorphic Forest Cobblestone
appliedenergistics2:facade:0, Cable Facade - Metamorphic Plains Cobblestone
appliedenergistics2:facade:0, Cable Facade - Metamorphic Mountain Cobblestone
appliedenergistics2:facade:0, Cable Facade - Metamorphic Fungal Cobblestone
appliedenergistics2:facade:0, Cable Facade - Metamorphic Swamp Cobblestone
appliedenergistics2:facade:0, Cable Facade - Metamorphic Desert Cobblestone
appliedenergistics2:facade:0, Cable Facade - Metamorphic Taiga Cobblestone
appliedenergistics2:facade:0, Cable Facade - Metamorphic Mesa Cobblestone
appliedenergistics2:facade:0, Cable Facade - Metamorphic Forest Stone Bricks
appliedenergistics2:facade:0, Cable Facade - Metamorphic Plains Stone Bricks
appliedenergistics2:facade:0, Cable Facade - Metamorphic Mountain Stone Bricks
appliedenergistics2:facade:0, Cable Facade - Metamorphic Fungal Stone Bricks
appliedenergistics2:facade:0, Cable Facade - Metamorphic Swamp Stone Bricks
appliedenergistics2:facade:0, Cable Facade - Metamorphic Desert Stone Bricks
appliedenergistics2:facade:0, Cable Facade - Metamorphic Taiga Stone Bricks
appliedenergistics2:facade:0, Cable Facade - Metamorphic Mesa Stone Bricks
appliedenergistics2:facade:0, Cable Facade - Chiseled Metamorphic Forest Stone Brick
appliedenergistics2:facade:0, Cable Facade - Chiseled Metamorphic Plains Stone Brick
appliedenergistics2:facade:0, Cable Facade - Chiseled Metamorphic Mountain Stone Brick
appliedenergistics2:facade:0, Cable Facade - Chiseled Metamorphic Fungal Stone Brick
appliedenergistics2:facade:0, Cable Facade - Chiseled Metamorphic Swamp Stone Brick
appliedenergistics2:facade:0, Cable Facade - Chiseled Metamorphic Desert Stone Brick
appliedenergistics2:facade:0, Cable Facade - Chiseled Metamorphic Taiga Stone Brick
appliedenergistics2:facade:0, Cable Facade - Chiseled Metamorphic Mesa Stone Brick
appliedenergistics2:facade:0, Cable Facade - White Portuguese Pavement
appliedenergistics2:facade:0, Cable Facade - Black Portuguese Pavement
appliedenergistics2:facade:0, Cable Facade - Blue Portuguese Pavement
appliedenergistics2:facade:0, Cable Facade - Red Portuguese Pavement
appliedenergistics2:facade:0, Cable Facade - Yellow Portuguese Pavement
appliedenergistics2:facade:0, Cable Facade - Green Portuguese Pavement
appliedenergistics2:facade:0, Cable Facade - Livingrock
appliedenergistics2:facade:0, Cable Facade - Livingrock Brick
appliedenergistics2:facade:0, Cable Facade - Mossy Livingrock Brick
appliedenergistics2:facade:0, Cable Facade - Cracked Livingrock Brick
appliedenergistics2:facade:0, Cable Facade - Chiseled Livingrock Brick
appliedenergistics2:facade:0, Cable Facade - Livingwood
appliedenergistics2:facade:0, Cable Facade - Livingwood Planks
appliedenergistics2:facade:0, Cable Facade - Mossy Livingwood Planks
appliedenergistics2:facade:0, Cable Facade - Framed Livingwood
appliedenergistics2:facade:0, Cable Facade - Pattern Framed Livingwood
appliedenergistics2:facade:0, Cable Facade - Glimmering Livingwood
appliedenergistics2:facade:0, Cable Facade - Force Relay
appliedenergistics2:facade:0, Cable Facade - Alchemy Catalyst
appliedenergistics2:facade:0, Cable Facade - Block of Manasteel
appliedenergistics2:facade:0, Cable Facade - Block of Terrasteel
appliedenergistics2:facade:0, Cable Facade - Block of Elementium
appliedenergistics2:facade:0, Cable Facade - Block of Mana Diamond
appliedenergistics2:facade:0, Cable Facade - Block of Dragonstone
appliedenergistics2:facade:0, Cable Facade - Dreamwood
appliedenergistics2:facade:0, Cable Facade - Dreamwood Planks
appliedenergistics2:facade:0, Cable Facade - Mossy Dreamwood Planks
appliedenergistics2:facade:0, Cable Facade - Framed Dreamwood
appliedenergistics2:facade:0, Cable Facade - Pattern Framed Dreamwood
appliedenergistics2:facade:0, Cable Facade - Glimmering Dreamwood
appliedenergistics2:facade:0, Cable Facade - Conjuration Catalyst
appliedenergistics2:facade:0, Cable Facade - Azulejo
appliedenergistics2:facade:0, Cable Facade - Azulejo
appliedenergistics2:facade:0, Cable Facade - Azulejo
appliedenergistics2:facade:0, Cable Facade - Azulejo
appliedenergistics2:facade:0, Cable Facade - Azulejo
appliedenergistics2:facade:0, Cable Facade - Azulejo
appliedenergistics2:facade:0, Cable Facade - Azulejo
appliedenergistics2:facade:0, Cable Facade - Azulejo
appliedenergistics2:facade:0, Cable Facade - Azulejo
appliedenergistics2:facade:0, Cable Facade - Azulejo
appliedenergistics2:facade:0, Cable Facade - Azulejo
appliedenergistics2:facade:0, Cable Facade - Azulejo
appliedenergistics2:facade:0, Cable Facade - Azulejo
appliedenergistics2:facade:0, Cable Facade - Azulejo
appliedenergistics2:facade:0, Cable Facade - Azulejo
appliedenergistics2:facade:0, Cable Facade - Azulejo
appliedenergistics2:facade:0, Cable Facade - Enchanted Soil
appliedenergistics2:facade:0, Cable Facade - White Petal Block
appliedenergistics2:facade:0, Cable Facade - Orange Petal Block
appliedenergistics2:facade:0, Cable Facade - Magenta Petal Block
appliedenergistics2:facade:0, Cable Facade - Light Blue Petal Block
appliedenergistics2:facade:0, Cable Facade - Yellow Petal Block
appliedenergistics2:facade:0, Cable Facade - Lime Petal Block
appliedenergistics2:facade:0, Cable Facade - Pink Petal Block
appliedenergistics2:facade:0, Cable Facade - Gray Petal Block
appliedenergistics2:facade:0, Cable Facade - Light Gray Petal Block
appliedenergistics2:facade:0, Cable Facade - Cyan Petal Block
appliedenergistics2:facade:0, Cable Facade - Purple Petal Block
appliedenergistics2:facade:0, Cable Facade - Blue Petal Block
appliedenergistics2:facade:0, Cable Facade - Brown Petal Block
appliedenergistics2:facade:0, Cable Facade - Green Petal Block
appliedenergistics2:facade:0, Cable Facade - Red Petal Block
appliedenergistics2:facade:0, Cable Facade - Black Petal Block
appliedenergistics2:facade:0, Cable Facade - Blaze Mesh
appliedenergistics2:facade:0, Cable Facade - Living Root
appliedenergistics2:facade:0, Cable Facade - Fel Pumpkin
appliedenergistics2:facade:0, Cable Facade - Manastorm Charge
appliedenergistics2:facade:0, Cable Facade - Shimmerrock
appliedenergistics2:facade:0, Cable Facade - Shimmerwood Planks
appliedenergistics2:facade:0, Cable Facade - Dry Grass
appliedenergistics2:facade:0, Cable Facade - Golden Grass
appliedenergistics2:facade:0, Cable Facade - Vivid Grass
appliedenergistics2:facade:0, Cable Facade - Scorched Grass
appliedenergistics2:facade:0, Cable Facade - Infused Grass
appliedenergistics2:facade:0, Cable Facade - Mutated Grass
appliedenergistics2:facade:0, Cable Facade - Deepslate
appliedenergistics2:facade:0, Cable Facade - Infested Deepslate
appliedenergistics2:facade:0, Cable Facade - Tuff
appliedenergistics2:facade:0, Cable Facade - Polished Tuff
appliedenergistics2:facade:0, Cable Facade - Chiseled Tuff
appliedenergistics2:facade:0, Cable Facade - Tuff Bricks
appliedenergistics2:facade:0, Cable Facade - Chiseled Tuff Bricks
appliedenergistics2:facade:0, Cable Facade - Calcite
appliedenergistics2:facade:0, Cable Facade - Cobbled Deepslate
appliedenergistics2:facade:0, Cable Facade - Chiseled Deepslate
appliedenergistics2:facade:0, Cable Facade - Polished Deepslate
appliedenergistics2:facade:0, Cable Facade - Deepslate Bricks
appliedenergistics2:facade:0, Cable Facade - Cracked Deepslate Bricks
appliedenergistics2:facade:0, Cable Facade - Deepslate Tiles
appliedenergistics2:facade:0, Cable Facade - Cracked Deepslate Tiles
appliedenergistics2:facade:0, Cable Facade - Reinforced Deepslate
appliedenergistics2:facade:0, Cable Facade - Copper Ore
appliedenergistics2:facade:0, Cable Facade - Block of Copper
appliedenergistics2:facade:0, Cable Facade - Exposed Copper
appliedenergistics2:facade:0, Cable Facade - Weathered Copper
appliedenergistics2:facade:0, Cable Facade - Oxidized Copper
appliedenergistics2:facade:0, Cable Facade - Waxed Block of Copper
appliedenergistics2:facade:0, Cable Facade - Waxed Exposed Copper
appliedenergistics2:facade:0, Cable Facade - Waxed Weathered Copper
appliedenergistics2:facade:0, Cable Facade - Waxed Oxidized Copper
appliedenergistics2:facade:0, Cable Facade - Cut Copper
appliedenergistics2:facade:0, Cable Facade - Exposed Cut Copper
appliedenergistics2:facade:0, Cable Facade - Weathered Cut Copper
appliedenergistics2:facade:0, Cable Facade - Oxidized Cut Copper
appliedenergistics2:facade:0, Cable Facade - Waxed Cut Copper
appliedenergistics2:facade:0, Cable Facade - Waxed Exposed Cut Copper
appliedenergistics2:facade:0, Cable Facade - Waxed Weathered Cut Copper
appliedenergistics2:facade:0, Cable Facade - Waxed Oxidized Cut Copper
appliedenergistics2:facade:0, Cable Facade - Chiseled Copper
appliedenergistics2:facade:0, Cable Facade - Exposed Chiseled Copper
appliedenergistics2:facade:0, Cable Facade - Weathered Chiseled Copper
appliedenergistics2:facade:0, Cable Facade - Oxidized Chiseled Copper
appliedenergistics2:facade:0, Cable Facade - Waxed Chiseled Copper
appliedenergistics2:facade:0, Cable Facade - Waxed Exposed Chiseled Copper
appliedenergistics2:facade:0, Cable Facade - Waxed Weathered Chiseled Copper
appliedenergistics2:facade:0, Cable Facade - Waxed Oxidized Chiseled Copper
appliedenergistics2:facade:0, Cable Facade - Copper Bulb
appliedenergistics2:facade:0, Cable Facade - Exposed Copper Bulb
appliedenergistics2:facade:0, Cable Facade - Weathered Copper Bulb
appliedenergistics2:facade:0, Cable Facade - Oxidized Copper Bulb
appliedenergistics2:facade:0, Cable Facade - Waxed Copper Bulb
appliedenergistics2:facade:0, Cable Facade - Waxed Exposed Copper Bulb
appliedenergistics2:facade:0, Cable Facade - Waxed Weathered Copper Bulb
appliedenergistics2:facade:0, Cable Facade - Waxed Oxidized Copper Bulb
appliedenergistics2:facade:0, Cable Facade - Amethyst Block
appliedenergistics2:facade:0, Cable Facade - Budding Amethyst
appliedenergistics2:facade:0, Cable Facade - Nest Block
appliedenergistics2:facade:0, Cable Facade - Block of Dragon Scale
appliedenergistics2:facade:0, Cable Facade - Block of Dragon Scale
appliedenergistics2:facade:0, Cable Facade - Block of Dragon Scale
appliedenergistics2:facade:0, Cable Facade - Block of Dragon Scale
appliedenergistics2:facade:0, Cable Facade - Block of Dragon Scale
appliedenergistics2:facade:0, Cable Facade - Block of Dragon Scale
appliedenergistics2:facade:0, Cable Facade - Block of Dragon Scale
appliedenergistics2:facade:0, Cable Facade - Block of Dragon Scale
appliedenergistics2:facade:0, Cable Facade - Block of Dragon Scale
appliedenergistics2:facade:0, Cable Facade - Block of Dragon Scale
appliedenergistics2:facade:0, Cable Facade - Block of Dragon Scale
appliedenergistics2:facade:0, Cable Facade - Block of Dragon Scale
appliedenergistics2:facade:0, Cable Facade - Block of Dragon Scale
appliedenergistics2:facade:0, Cable Facade - Block of Dragon Scale
appliedenergistics2:facade:0, Cable Facade - Tin Decoration Block
appliedenergistics2:facade:0, Cable Facade - Tin Wall Block
appliedenergistics2:facade:0, Cable Facade - Copper Ore
appliedenergistics2:facade:0, Cable Facade - Tin Ore
appliedenergistics2:facade:0, Cable Facade - Aluminum Ore
appliedenergistics2:facade:0, Cable Facade - Silicon Ore
appliedenergistics2:facade:0, Cable Facade - Copper Block
appliedenergistics2:facade:0, Cable Facade - Block of Tin
appliedenergistics2:facade:0, Cable Facade - Aluminum Block
appliedenergistics2:facade:0, Cable Facade - Solid Meteoric Iron
appliedenergistics2:facade:0, Cable Facade - Silicon Block
appliedenergistics2:facade:0, Cable Facade - Copper Ore
appliedenergistics2:facade:0, Cable Facade - Tin Ore
appliedenergistics2:facade:0, Cable Facade - Cheese Ore
appliedenergistics2:facade:0, Cable Facade - Moon Dirt
appliedenergistics2:facade:0, Cable Facade - Moon Rock
appliedenergistics2:facade:0, Cable Facade - Moon Turf
appliedenergistics2:facade:0, Cable Facade - Sapphire Ore
appliedenergistics2:facade:0, Cable Facade - Moon Dungeon Brick
appliedenergistics2:facade:0, Cable Facade - tile.slab_gc_double.tin_slab_1.name
appliedenergistics2:facade:0, Cable Facade - tile.slab_gc_double.tin_slab_2.name
appliedenergistics2:facade:0, Cable Facade - tile.slab_gc_double.moon_slab.name
appliedenergistics2:facade:0, Cable Facade - tile.slab_gc_double.moon_bricks_slab.name
appliedenergistics2:facade:0, Cable Facade - tile.slab_gc_double.mars_slab.name
appliedenergistics2:facade:0, Cable Facade - tile.slab_gc_double.mars_bricks_slab.name
appliedenergistics2:facade:0, Cable Facade - tile.slab_gc_double.asteroids_slab.name
appliedenergistics2:facade:0, Cable Facade - Hidden Redstone Wire
appliedenergistics2:facade:0, Cable Facade - tile.concealed_repeater_pow.name
appliedenergistics2:facade:0, Cable Facade - Hidden Redstone Repeater
appliedenergistics2:facade:0, Cable Facade - Copper Ore
appliedenergistics2:facade:0, Cable Facade - Tin Ore
appliedenergistics2:facade:0, Cable Facade - Desh Ore
appliedenergistics2:facade:0, Cable Facade - Iron Ore
appliedenergistics2:facade:0, Cable Facade - Mars Cobblestone
appliedenergistics2:facade:0, Cable Facade - Mars Fine Regolith
appliedenergistics2:facade:0, Cable Facade - Mars Regolith
appliedenergistics2:facade:0, Cable Facade - Mars Dungeon Brick
appliedenergistics2:facade:0, Cable Facade - Block of Desh
appliedenergistics2:facade:0, Cable Facade - Mars Stone
appliedenergistics2:facade:0, Cable Facade - Asteroid Rock
appliedenergistics2:facade:0, Cable Facade - Asteroid Rock
appliedenergistics2:facade:0, Cable Facade - Asteroid Rock
appliedenergistics2:facade:0, Cable Facade - Aluminum Ore
appliedenergistics2:facade:0, Cable Facade - Ilmenite Ore
appliedenergistics2:facade:0, Cable Facade - Iron Ore
appliedenergistics2:facade:0, Cable Facade - Dark Decoration Block
appliedenergistics2:facade:0, Cable Facade - Titanium Block
appliedenergistics2:facade:0, Cable Facade - Dense Ice
appliedenergistics2:facade:0, Cable Facade - Venus Soft Rock
appliedenergistics2:facade:0, Cable Facade - Venus Hard Rock
appliedenergistics2:facade:0, Cable Facade - Venus Volcanic Rock
appliedenergistics2:facade:0, Cable Facade - Pumice
appliedenergistics2:facade:0, Cable Facade - Venus Dungeon Brick I
appliedenergistics2:facade:0, Cable Facade - Venus Dungeon Brick II
appliedenergistics2:facade:0, Cable Facade - Aluminum Ore
appliedenergistics2:facade:0, Cable Facade - Copper Ore
appliedenergistics2:facade:0, Cable Facade - Galena Ore
appliedenergistics2:facade:0, Cable Facade - Quartz Ore
appliedenergistics2:facade:0, Cable Facade - Silicon Ore
appliedenergistics2:facade:0, Cable Facade - Tin Ore
appliedenergistics2:facade:0, Cable Facade - Lead Block
appliedenergistics2:facade:0, Cable Facade - Solar Ore
appliedenergistics2:facade:0, Cable Facade - Scorched Venus Rock
appliedenergistics2:facade:0, Cable Facade - Electrical Steel Block
appliedenergistics2:facade:0, Cable Facade - Infinity Dust Block
appliedenergistics2:facade:0, Cable Facade - Compressed Infinity Dust Block
appliedenergistics2:facade:0, Cable Facade - Double Compressed Infinity Dust Block
appliedenergistics2:facade:0, Cable Facade - Reinforced Obsidian
appliedenergistics2:facade:0, Cable Facade - Machine Chassis (decoration block)
appliedenergistics2:facade:0, Cable Facade - Blank Machine (decoration block)
appliedenergistics2:facade:0, Cable Facade - Machine Tops (decoration block)
appliedenergistics2:facade:0, Cable Facade - Machine Sides (decoration block)
appliedenergistics2:facade:0, Cable Facade - Machine Backs (decoration block)
appliedenergistics2:facade:0, Cable Facade - Machine with sides (decoration block)
appliedenergistics2:facade:0, Cable Facade - Machine width backs (decoration block)
appliedenergistics2:facade:0, Cable Facade - Blank Soul Machine (decoration block)
appliedenergistics2:facade:0, Cable Facade - Soul Machine Tops (decoration block)
appliedenergistics2:facade:0, Cable Facade - Soul Machine Sides (decoration block)
appliedenergistics2:facade:0, Cable Facade - Soul Machine Backs (decoration block)
appliedenergistics2:facade:0, Cable Facade - Soul Machine with sides (decoration block)
appliedenergistics2:facade:0, Cable Facade - Soul Machine width backs (decoration block)
appliedenergistics2:facade:0, Cable Facade - Red Machine (decoration block)
appliedenergistics2:facade:0, Cable Facade - Broken Spawner (decoration block)
appliedenergistics2:facade:0, Cable Facade - Invisible Block (decoration block)
appliedenergistics2:facade:0, Cable Facade - Alloy Smelter (decoration block)
appliedenergistics2:facade:0, Cable Facade - Item Buffer (decoration block)
appliedenergistics2:facade:0, Cable Facade - Power Buffer (decoration block)
appliedenergistics2:facade:0, Cable Facade - Omni Buffer (decoration block)
appliedenergistics2:facade:0, Cable Facade - Creative Buffer (decoration block)
appliedenergistics2:facade:0, Cable Facade - Crafter (decoration block)
appliedenergistics2:facade:0, Cable Facade - Painting Machine (decoration block)
appliedenergistics2:facade:0, Cable Facade - Power Monitor (decoration block)
appliedenergistics2:facade:0, Cable Facade - SAG Mill (decoration block)
appliedenergistics2:facade:0, Cable Facade - Slice'N'Splice (decoration block)
appliedenergistics2:facade:0, Cable Facade - Stirling Generator (decoration block)
appliedenergistics2:facade:0, Cable Facade - Fluid Tank (decoration block)
appliedenergistics2:facade:0, Cable Facade - Pressurized Fluid Tank (decoration block)
appliedenergistics2:facade:0, Cable Facade - Travel Anchor (decoration block)
appliedenergistics2:facade:0, Cable Facade - Vacuum Chest (decoration block)
appliedenergistics2:facade:0, Cable Facade - Wireless Charger (decoration block)
appliedenergistics2:facade:0, Cable Facade - XP Vacuum (decoration block)
appliedenergistics2:facade:0, Cable Facade - Simple Alloy Smelter (decoration block)
appliedenergistics2:facade:0, Cable Facade - Simple Stirling Generator (decoration block)
appliedenergistics2:facade:0, Cable Facade - Wired Charger (decoration block)
appliedenergistics2:facade:0, Cable Facade - Simple Sagmill (decoration block)
appliedenergistics2:facade:0, Cable Facade - Industrial Insulation
appliedenergistics2:facade:0, Cable Facade - Confusion Charge
appliedenergistics2:facade:0, Cable Facade - Concussion Charge
appliedenergistics2:facade:0, Cable Facade - Ender Charge
appliedenergistics2:facade:0, Cable Facade - Crude Steel Block
appliedenergistics2:facade:0, Cable Facade - Wireless Charging Antenna Extension
appliedenergistics2:facade:0, Cable Facade - Grout
appliedenergistics2:facade:0, Cable Facade - Green Slimy Mud
appliedenergistics2:facade:0, Cable Facade - Blue Slimy Mud
appliedenergistics2:facade:0, Cable Facade - Graveyard Soil
appliedenergistics2:facade:0, Cable Facade - Consecrated Soil
appliedenergistics2:facade:0, Cable Facade - Slimy Magma Mud
appliedenergistics2:facade:0, Cable Facade - Congealed Slime Block
appliedenergistics2:facade:0, Cable Facade - Congealed Slime Block
appliedenergistics2:facade:0, Cable Facade - Congealed Slime Block
appliedenergistics2:facade:0, Cable Facade - Congealed Bloodblock
appliedenergistics2:facade:0, Cable Facade - Congealed Slime Block
appliedenergistics2:facade:0, Cable Facade - Cobalt Ore
appliedenergistics2:facade:0, Cable Facade - Ardite Ore
appliedenergistics2:facade:0, Cable Facade - Lavawood
appliedenergistics2:facade:0, Cable Facade - Firewood
appliedenergistics2:facade:0, Cable Facade - Mud Bricks
appliedenergistics2:facade:0, Cable Facade - Block of Cobalt
appliedenergistics2:facade:0, Cable Facade - Block of Ardite
appliedenergistics2:facade:0, Cable Facade - Block of Manyullyn
appliedenergistics2:facade:0, Cable Facade - Block of Knightslime
appliedenergistics2:facade:0, Cable Facade - Block of Pigiron
appliedenergistics2:facade:0, Cable Facade - Silky Block of Jewel
appliedenergistics2:facade:0, Cable Facade - Green Slimy Dirt
appliedenergistics2:facade:0, Cable Facade - Blue Slimy Dirt
appliedenergistics2:facade:0, Cable Facade - Purple Slimy Dirt
appliedenergistics2:facade:0, Cable Facade - Magma Slimy Dirt
appliedenergistics2:facade:0, Cable Facade - Slimy Grass
appliedenergistics2:facade:0, Cable Facade - Green Slimy Grass
appliedenergistics2:facade:0, Cable Facade - Blue Slimy Grass
appliedenergistics2:facade:0, Cable Facade - Purple Slimy Grass
appliedenergistics2:facade:0, Cable Facade - Magma Slimy Grass
appliedenergistics2:facade:0, Cable Facade - Slimy Grass
appliedenergistics2:facade:0, Cable Facade - Green Slimy Grass
appliedenergistics2:facade:0, Cable Facade - Blue Slimy Grass
appliedenergistics2:facade:0, Cable Facade - Purple Slimy Grass
appliedenergistics2:facade:0, Cable Facade - Magma Slimy Grass
appliedenergistics2:facade:0, Cable Facade - Slimy Grass
appliedenergistics2:facade:0, Cable Facade - Green Slimy Grass
appliedenergistics2:facade:0, Cable Facade - Blue Slimy Grass
appliedenergistics2:facade:0, Cable Facade - Purple Slimy Grass
appliedenergistics2:facade:0, Cable Facade - Magma Slimy Grass
appliedenergistics2:facade:0, Cable Facade - Slimy Leaves
appliedenergistics2:facade:0, Cable Facade - Slimy Leaves
appliedenergistics2:facade:0, Cable Facade - Slimy Leaves
appliedenergistics2:facade:0, Cable Facade - Dried Clay
appliedenergistics2:facade:0, Cable Facade - Dried Bricks
appliedenergistics2:facade:0, Cable Facade - Smooth Brownstone
appliedenergistics2:facade:0, Cable Facade - Rough Brownstone
appliedenergistics2:facade:0, Cable Facade - Brownstone Paver
appliedenergistics2:facade:0, Cable Facade - Brownstone Bricks
appliedenergistics2:facade:0, Cable Facade - Cracked Brownstone Bricks
appliedenergistics2:facade:0, Cable Facade - Fancy Brownstone Bricks
appliedenergistics2:facade:0, Cable Facade - Square Brownstone Bricks
appliedenergistics2:facade:0, Cable Facade - Brownstone Road
appliedenergistics2:facade:0, Cable Facade - Brownstone Creeperface
appliedenergistics2:facade:0, Cable Facade - Triangle Brownstone Bricks
appliedenergistics2:facade:0, Cable Facade - Small Brownstone Bricks
appliedenergistics2:facade:0, Cable Facade - Brownstone Tiles
appliedenergistics2:facade:0, Cable Facade - Slime Block
appliedenergistics2:facade:0, Cable Facade - Slime Block
appliedenergistics2:facade:0, Cable Facade - Blood Slime Block
appliedenergistics2:facade:0, Cable Facade - Slime Block
appliedenergistics2:facade:0, Cable Facade - Blue Ice
appliedenergistics2:facade:0, Cable Facade - Coquina
appliedenergistics2:facade:0, Cable Facade - Coquina Brick
appliedenergistics2:facade:0, Cable Facade - Coquina Brick Slab
appliedenergistics2:facade:0, Cable Facade - Dried Dulse Block
appliedenergistics2:facade:0, Cable Facade - Tube Coral Block
appliedenergistics2:facade:0, Cable Facade - Brain Coral Block
appliedenergistics2:facade:0, Cable Facade - Bubble Coral Block
appliedenergistics2:facade:0, Cable Facade - Fire Coral Block
appliedenergistics2:facade:0, Cable Facade - Horn Coral Block
appliedenergistics2:facade:0, Cable Facade - Dead Tube Coral Block
appliedenergistics2:facade:0, Cable Facade - Dead Brain Coral Block
appliedenergistics2:facade:0, Cable Facade - Dead Bubble Coral Block
appliedenergistics2:facade:0, Cable Facade - Dead Fire Coral Block
appliedenergistics2:facade:0, Cable Facade - Dead Horn Coral Block
appliedenergistics2:facade:0, Cable Facade - Dried Kelp Block
appliedenergistics2:facade:0, Cable Facade - Palm Leaves
appliedenergistics2:facade:0, Cable Facade - Flowering Palm Leaves
appliedenergistics2:facade:0, Cable Facade - Palm Log
appliedenergistics2:facade:0, Cable Facade - Palm Wood
appliedenergistics2:facade:0, Cable Facade - Stripped Palm Log
appliedenergistics2:facade:0, Cable Facade - Stripped Palm Wood
appliedenergistics2:facade:0, Cable Facade - Palm Planks
appliedenergistics2:facade:0, Cable Facade - Palm Slab
appliedenergistics2:facade:0, Cable Facade - Nacre Block
appliedenergistics2:facade:0, Cable Facade - Smooth Nacre Block
appliedenergistics2:facade:0, Cable Facade - Shelly Sand
appliedenergistics2:facade:0, Cable Facade - Underwater TNT
appliedenergistics2:facade:0, Cable Facade - Carrot Crate
appliedenergistics2:facade:0, Cable Facade - Potato Crate
appliedenergistics2:facade:0, Cable Facade - Beetroot Crate
appliedenergistics2:facade:0, Cable Facade - Cabbage Crate
appliedenergistics2:facade:0, Cable Facade - Tomato Crate
appliedenergistics2:facade:0, Cable Facade - Onion Crate
appliedenergistics2:facade:0, Cable Facade - Rice Bale
appliedenergistics2:facade:0, Cable Facade - Bag of Rice
appliedenergistics2:facade:0, Cable Facade - Straw Bale
appliedenergistics2:facade:0, Cable Facade - Organic Compost
appliedenergistics2:facade:0, Cable Facade - Rich Soil
appliedenergistics2:facade:0, Cable Facade - Tatami Block
appliedenergistics2:facade:0, Cable Facade - Loom
appliedenergistics2:facade:0, Cable Facade - Fletching Table
appliedenergistics2:facade:0, Cable Facade - Smithing Table
appliedenergistics2:facade:0, Cable Facade - Cartography Table
appliedenergistics2:facade:0, Cable Facade - Honeycomb Block
appliedenergistics2:facade:0, Cable Facade - Smooth Stone
appliedenergistics2:facade:0, Cable Facade - Smooth Sandstone
appliedenergistics2:facade:0, Cable Facade - Smooth Quartz
appliedenergistics2:facade:0, Cable Facade - Smooth Red Sandstone
appliedenergistics2:facade:0, Cable Facade - Soul Soil
appliedenergistics2:facade:0, Cable Facade - Block of Netherite
appliedenergistics2:facade:0, Cable Facade - Ancient Debris
appliedenergistics2:facade:0, Cable Facade - Chorus Fruit Crate
appliedenergistics2:facade:0, Cable Facade - Glow Shroom Stem
appliedenergistics2:facade:0, Cable Facade - Glow Shroom Cap
appliedenergistics2:facade:0, Cable Facade - Diseased Hay Block
appliedenergistics2:facade:0, Cable Facade - Block of Ectoplasm
appliedenergistics2:facade:0, Cable Facade - Block of Molten Alloy
appliedenergistics2:facade:0, Cable Facade - Scythe Claw Barrel
appliedenergistics2:facade:0, Cable Facade - Vespa Carapace Barrel
appliedenergistics2:facade:0, Cable Facade - Molten Meat Barrel
appliedenergistics2:facade:0, Cable Facade - Fossil
appliedenergistics2:facade:0, Cable Facade - Amber Ore
appliedenergistics2:facade:0, Cable Facade - Skull Block
appliedenergistics2:facade:0, Cable Facade - Skull Lantern
appliedenergistics2:facade:0, Cable Facade - Permafrost
appliedenergistics2:facade:0, Cable Facade - Iced Stone
appliedenergistics2:facade:0, Cable Facade - Dense Sand
appliedenergistics2:facade:0, Cable Facade - Ancient Stone
appliedenergistics2:facade:0, Cable Facade - Ancient Stone Brick
appliedenergistics2:facade:0, Cable Facade - Ancient Stone Slab
appliedenergistics2:facade:0, Cable Facade - Volcanic Ash
appliedenergistics2:facade:0, Cable Facade - Volcanic Brick
appliedenergistics2:facade:0, Cable Facade - Volcanic Rock
appliedenergistics2:facade:0, Cable Facade - Volcanic Stone Slab
appliedenergistics2:facade:0, Cable Facade - Drum
appliedenergistics2:facade:0, Cable Facade - Palaeoraphe Log
appliedenergistics2:facade:0, Cable Facade - Palaeoraphe Leaves
appliedenergistics2:facade:0, Cable Facade - Palaeoraphe Planks
appliedenergistics2:facade:0, Cable Facade - Palaeoraphe Planks Slab
appliedenergistics2:facade:0, Cable Facade - Calamites Log
appliedenergistics2:facade:0, Cable Facade - Calamites Leaves
appliedenergistics2:facade:0, Cable Facade - Calamites Planks
appliedenergistics2:facade:0, Cable Facade - Calamites Planks Slab
appliedenergistics2:facade:0, Cable Facade - Sigillaria Log
appliedenergistics2:facade:0, Cable Facade - Sigillaria Leaves
appliedenergistics2:facade:0, Cable Facade - Sigillaria Planks
appliedenergistics2:facade:0, Cable Facade - Sigillaria Planks Slab
appliedenergistics2:facade:0, Cable Facade - Cordaites Log
appliedenergistics2:facade:0, Cable Facade - Cordaites Leaves
appliedenergistics2:facade:0, Cable Facade - Cordaites Planks
appliedenergistics2:facade:0, Cable Facade - Cordaites Planks Slab
appliedenergistics2:facade:0, Cable Facade - Ancient Wood
appliedenergistics2:facade:0, Cable Facade - Ancient Wood Pillar
appliedenergistics2:facade:0, Cable Facade - Ancient Wood Slab
appliedenergistics2:facade:0, Cable Facade - Obsidian
appliedenergistics2:facade:0, Cable Facade - Centennial Trophy
appliedenergistics2:facade:0, Cable Facade - Oak Rail Bridge
appliedenergistics2:facade:0, Cable Facade - Oak Rail Bridge End
appliedenergistics2:facade:0, Cable Facade - Spruce Rail Bridge
appliedenergistics2:facade:0, Cable Facade - Spruce Rail Bridge End
appliedenergistics2:facade:0, Cable Facade - Birch Rail Bridge
appliedenergistics2:facade:0, Cable Facade - Birch Rail Bridge End
appliedenergistics2:facade:0, Cable Facade - Jungle Rail Bridge
appliedenergistics2:facade:0, Cable Facade - Jungle Rail Bridge End
appliedenergistics2:facade:0, Cable Facade - Acacia Rail Bridge
appliedenergistics2:facade:0, Cable Facade - Acacia Rail Bridge End
appliedenergistics2:facade:0, Cable Facade - Dark Oak Rail Bridge
appliedenergistics2:facade:0, Cable Facade - Dark Oak Rail Bridge End
appliedenergistics2:facade:0, Cable Facade - Wyvdirt
appliedenergistics2:facade:0, Cable Facade - Firestone [NYI]
appliedenergistics2:facade:0, Cable Facade - Wyvgrass Block
appliedenergistics2:facade:0, Cable Facade - Wyvwood Leaves
appliedenergistics2:facade:0, Cable Facade - Wyvwood Log
appliedenergistics2:facade:0, Cable Facade - Block of Ancient Silver
appliedenergistics2:facade:0, Cable Facade - Wyvern Nest Block [NYI]
appliedenergistics2:facade:0, Cable Facade - Ancient Ore [NYI]
appliedenergistics2:facade:0, Cable Facade - Wyvern Diamond Ore [NYI]
appliedenergistics2:facade:0, Cable Facade - Wyvern Emerald Ore [NYI]
appliedenergistics2:facade:0, Cable Facade - Wyvern Gold Ore [NYI]
appliedenergistics2:facade:0, Cable Facade - Wyvern Iron Ore [NYI]
appliedenergistics2:facade:0, Cable Facade - Wyvern Lapis Lazuli Ore [NYI]
appliedenergistics2:facade:0, Cable Facade - Wyvwood Planks
appliedenergistics2:facade:0, Cable Facade - Chiseled Silver Sandstone
appliedenergistics2:facade:0, Cable Facade - Silver Sandstone
appliedenergistics2:facade:0, Cable Facade - Cut Silver Sandstone
appliedenergistics2:facade:0, Cable Facade - Cobbled Deep Wyvstone [NYI]
appliedenergistics2:facade:0, Cable Facade - Cobbled Wyvstone
appliedenergistics2:facade:0, Cable Facade - Deep Wyvstone [NYI]
appliedenergistics2:facade:0, Cable Facade - Mossy Cobbled Deep Wyvstone [NYI]
appliedenergistics2:facade:0, Cable Facade - Mossy Cobbled Wyvstone
appliedenergistics2:facade:0, Cable Facade - Wyvstone
appliedenergistics2:facade:0, Cable Facade - Silver Sand
appliedenergistics2:facade:0, Cable Facade - Block of Fine Silver
appliedenergistics2:facade:0, Cable Facade - Painted Acacia Wood
appliedenergistics2:facade:0, Cable Facade - Soul Compost
appliedenergistics2:facade:0, Cable Facade - Rich Soul Soil
appliedenergistics2:facade:0, Cable Facade - Green Olive Leaves
appliedenergistics2:facade:0, Cable Facade - Yellow Conifer Leaves
appliedenergistics2:facade:0, Cable Facade - Orange Conifer Leaves
appliedenergistics2:facade:0, Cable Facade - Cherry Leaves
appliedenergistics2:facade:0, Cable Facade - Cherry Leaves
appliedenergistics2:facade:0, Cable Facade - Cherry Leaves
appliedenergistics2:facade:0, Cable Facade - Maple Leaves
appliedenergistics2:facade:0, Cable Facade - Jacaranda Leaves
appliedenergistics2:facade:0, Cable Facade - Red Spruce Leaves
appliedenergistics2:facade:0, Cable Facade - Blue Spruce Leaves
appliedenergistics2:facade:0, Cable Facade - Red Oak Leaves
appliedenergistics2:facade:0, Cable Facade - Autumn Leaves
appliedenergistics2:facade:0, Cable Facade - Autumn Leaves
appliedenergistics2:facade:0, Cable Facade - Autumn Leaves
appliedenergistics2:facade:0, Cable Facade - Autumn Leaves
appliedenergistics2:facade:0, Cable Facade - Paulownia Leaves
appliedenergistics2:facade:0, Cable Facade - White Leaves
appliedenergistics2:facade:0, Cable Facade - White Myrtle Leaves
appliedenergistics2:facade:0, Cable Facade - Sand
appliedenergistics2:facade:0, Cable Facade - Sandstone
appliedenergistics2:facade:0, Cable Facade - Sandstone
appliedenergistics2:facade:0, Cable Facade - Sandstone
appliedenergistics2:facade:0, Cable Facade - Sandstone
appliedenergistics2:facade:0, Cable Facade - Sandstone
appliedenergistics2:facade:0, Cable Facade - Sand
appliedenergistics2:facade:0, Cable Facade - Sandstone
appliedenergistics2:facade:0, Cable Facade - Smooth Sandstone
appliedenergistics2:facade:0, Cable Facade - Carved Sandstone
appliedenergistics2:facade:0, Cable Facade - Face Sandstone
appliedenergistics2:facade:0, Cable Facade - Glyph Sandstone
appliedenergistics2:facade:0, Cable Facade - Sand
appliedenergistics2:facade:0, Cable Facade - Sandstone
appliedenergistics2:facade:0, Cable Facade - Smooth Sandstone
appliedenergistics2:facade:0, Cable Facade - Carved Sandstone
appliedenergistics2:facade:0, Cable Facade - Face Sandstone
appliedenergistics2:facade:0, Cable Facade - Glyph Sandstone
appliedenergistics2:facade:0, Cable Facade - Sand
appliedenergistics2:facade:0, Cable Facade - Sandstone
appliedenergistics2:facade:0, Cable Facade - Smooth Sandstone
appliedenergistics2:facade:0, Cable Facade - Carved Sandstone
appliedenergistics2:facade:0, Cable Facade - Face Sandstone
appliedenergistics2:facade:0, Cable Facade - Glyph Sandstone
appliedenergistics2:facade:0, Cable Facade - Sand
appliedenergistics2:facade:0, Cable Facade - Sandstone
appliedenergistics2:facade:0, Cable Facade - Smooth Sandstone
appliedenergistics2:facade:0, Cable Facade - Carved Sandstone
appliedenergistics2:facade:0, Cable Facade - Face Sandstone
appliedenergistics2:facade:0, Cable Facade - Glyph Sandstone
appliedenergistics2:facade:0, Cable Facade - Sand
appliedenergistics2:facade:0, Cable Facade - Sandstone
appliedenergistics2:facade:0, Cable Facade - Smooth Sandstone
appliedenergistics2:facade:0, Cable Facade - Carved Sandstone
appliedenergistics2:facade:0, Cable Facade - Face Sandstone
appliedenergistics2:facade:0, Cable Facade - Glyph Sandstone
appliedenergistics2:facade:0, Cable Facade - Sand
appliedenergistics2:facade:0, Cable Facade - Sandstone
appliedenergistics2:facade:0, Cable Facade - Smooth Sandstone
appliedenergistics2:facade:0, Cable Facade - Carved Sandstone
appliedenergistics2:facade:0, Cable Facade - Face Sandstone
appliedenergistics2:facade:0, Cable Facade - Glyph Sandstone
appliedenergistics2:facade:0, Cable Facade - Sand
appliedenergistics2:facade:0, Cable Facade - Sandstone
appliedenergistics2:facade:0, Cable Facade - Smooth Sandstone
appliedenergistics2:facade:0, Cable Facade - Carved Sandstone
appliedenergistics2:facade:0, Cable Facade - Face Sandstone
appliedenergistics2:facade:0, Cable Facade - Glyph Sandstone
appliedenergistics2:facade:0, Cable Facade - Sand
appliedenergistics2:facade:0, Cable Facade - Sandstone
appliedenergistics2:facade:0, Cable Facade - Smooth Sandstone
appliedenergistics2:facade:0, Cable Facade - Carved Sandstone
appliedenergistics2:facade:0, Cable Facade - Face Sandstone
appliedenergistics2:facade:0, Cable Facade - Glyph Sandstone
appliedenergistics2:facade:0, Cable Facade - Podzol
appliedenergistics2:facade:0, Cable Facade - Podzol
appliedenergistics2:facade:0, Cable Facade - Block of Cheese
appliedenergistics2:facade:0, Cable Facade - Barrel of Fish
appliedenergistics2:facade:0, Cable Facade - Garbage Pile
appliedenergistics2:facade:0, Cable Facade - Raw Marbled Cheese
appliedenergistics2:facade:0, Cable Facade - Marbled Cheese
appliedenergistics2:facade:0, Cable Facade - Marbled Cheese Slab
appliedenergistics2:facade:0, Cable Facade - Marbled Cheese Tile
appliedenergistics2:facade:0, Cable Facade - Chiseled Marbled Cheese
appliedenergistics2:facade:0, Cable Facade - Marbled Cheese Pillar
appliedenergistics2:facade:0, Cable Facade - Marbled Cheese Brick
appliedenergistics2:facade:0, Cable Facade - Marbled Cheese Brick Slab
appliedenergistics2:facade:0, Cable Facade - Chiseled Marbled Cheese Brick
appliedenergistics2:facade:0, Cable Facade - Cracked Marbled Cheese Brick
appliedenergistics2:facade:0, Cable Facade - Mossy Marbled Cheese Brick
appliedenergistics2:facade:0, Cable Facade - Marbled Cheese Dirt
appliedenergistics2:facade:0, Cable Facade - Marbled Cheese Grass
appliedenergistics2:facade:0, Cable Facade - Ratlantean Automaton Core
appliedenergistics2:facade:0, Cable Facade - Block of Ratglove
appliedenergistics2:facade:0, Cable Facade - Brain Block
appliedenergistics2:facade:0, Cable Facade - Jack O' Ratern
appliedenergistics2:facade:0, Cable Facade - Oak Trim
appliedenergistics2:facade:0, Cable Facade - Spruce Trim
appliedenergistics2:facade:0, Cable Facade - Birch Trim
appliedenergistics2:facade:0, Cable Facade - Jungle Trim
appliedenergistics2:facade:0, Cable Facade - Acacia Trim
appliedenergistics2:facade:0, Cable Facade - Dark Oak Trim
appliedenergistics2:facade:0, Cable Facade - Potassium Stone
appliedenergistics2:facade:0, Cable Facade - Sulfur Ore
appliedenergistics2:facade:0, Cable Facade - Sulfur Nether Ore
appliedenergistics2:facade:0, Cable Facade - Aurora Ice Cream Block
appliedenergistics2:facade:0, Cable Facade - Torchberry Ice Cream Block
appliedenergistics2:facade:0, Cable Facade - Phytochemical Ice Cream Block
appliedenergistics2:facade:0, Cable Facade - Glacier Ice Cream Block
appliedenergistics2:facade:0, Cable Facade - Torchberries Crate
appliedenergistics2:facade:0, Cable Facade - Ironwood Log
appliedenergistics2:facade:0, Cable Facade - Ironwood Leaves
appliedenergistics2:facade:0, Cable Facade - Darkstone
appliedenergistics2:facade:0, Cable Facade - §9Abyssal Stone
appliedenergistics2:facade:0, Cable Facade - Dreadstone
appliedenergistics2:facade:0, Cable Facade - Abyssalnite Stone
appliedenergistics2:facade:0, Cable Facade - Coralium Stone
appliedenergistics2:facade:0, Cable Facade - §bEthaxium
appliedenergistics2:facade:0, Cable Facade - Omothol Stone
appliedenergistics2:facade:0, Cable Facade - Monolith Stone
appliedenergistics2:facade:0, Cable Facade - Darkstone Cobblestone
appliedenergistics2:facade:0, Cable Facade - §9Abyssal Cobblestone
appliedenergistics2:facade:0, Cable Facade - Dreadstone Cobblestone
appliedenergistics2:facade:0, Cable Facade - Abyssalnite Cobblestone
appliedenergistics2:facade:0, Cable Facade - Coralium Cobblestone
appliedenergistics2:facade:0, Cable Facade - Darkstone Bricks
appliedenergistics2:facade:0, Cable Facade - Chiseled Darkstone Bricks
appliedenergistics2:facade:0, Cable Facade - Cracked Darkstone Bricks
appliedenergistics2:facade:0, Cable Facade - Glowing Darkstone Bricks
appliedenergistics2:facade:0, Cable Facade - Darkstone Brick Slab
appliedenergistics2:facade:0, Cable Facade - Darkstone Cobblestone Slab
appliedenergistics2:facade:0, Cable Facade - Darklands Oak Leaves
appliedenergistics2:facade:0, Cable Facade - Darklands Oak Wood
appliedenergistics2:facade:0, Cable Facade - Darklands Oak Wood
appliedenergistics2:facade:0, Cable Facade - §9Abyssal Stone Bricks
appliedenergistics2:facade:0, Cable Facade - §9Chiseled Abyssal Stone Bricks
appliedenergistics2:facade:0, Cable Facade - §9Cracked Abyssal Stone Bricks
appliedenergistics2:facade:0, Cable Facade - §9Abyssal Stone Brick Slab
appliedenergistics2:facade:0, Cable Facade - Coralium Ore
appliedenergistics2:facade:0, Cable Facade - Abyssalnite Ore
appliedenergistics2:facade:0, Cable Facade - §3Block of Abyssalnite
appliedenergistics2:facade:0, Cable Facade - §bBlock of Refined Coralium
appliedenergistics2:facade:0, Cable Facade - §4Block of Dreadium
appliedenergistics2:facade:0, Cable Facade - §bBlock of Ethaxium
appliedenergistics2:facade:0, Cable Facade - Coralium Infused Stone
appliedenergistics2:facade:0, Cable Facade - Darkstone Slab
appliedenergistics2:facade:0, Cable Facade - Darklands Oak Wood Planks
appliedenergistics2:facade:0, Cable Facade - Darklands Oak Wood Slab
appliedenergistics2:facade:0, Cable Facade - Abyssal Coralium Ore
appliedenergistics2:facade:0, Cable Facade - Dreadlands Abyssalnite Ore
appliedenergistics2:facade:0, Cable Facade - Dreaded Abyssalnite Ore
appliedenergistics2:facade:0, Cable Facade - Dreadstone Bricks
appliedenergistics2:facade:0, Cable Facade - Chiseled Dreadstone Bricks
appliedenergistics2:facade:0, Cable Facade - Cracked Dreadstone Bricks
appliedenergistics2:facade:0, Cable Facade - Abyssalnite Stone Bricks
appliedenergistics2:facade:0, Cable Facade - Chiseled Abyssalnite Stone Bricks
appliedenergistics2:facade:0, Cable Facade - Cracked Abyssalnite Stone Bricks
appliedenergistics2:facade:0, Cable Facade - Dreadlands Grass
appliedenergistics2:facade:0, Cable Facade - Dreadlands Wood Log
appliedenergistics2:facade:0, Cable Facade - Dreadlands Wood Leaves
appliedenergistics2:facade:0, Cable Facade - Dreadlands Wood Planks
appliedenergistics2:facade:0, Cable Facade - Dreadstone Brick Slab
appliedenergistics2:facade:0, Cable Facade - Abyssalnite Stone Brick Slab
appliedenergistics2:facade:0, Cable Facade - Coralium Bricks
appliedenergistics2:facade:0, Cable Facade - Chiseled Coralium Bricks
appliedenergistics2:facade:0, Cable Facade - Cracked Coralium Bricks
appliedenergistics2:facade:0, Cable Facade - Coralium Brick Slab
appliedenergistics2:facade:0, Cable Facade - Nitre Ore
appliedenergistics2:facade:0, Cable Facade - Abyssal Iron Ore
appliedenergistics2:facade:0, Cable Facade - Abyssal Gold Ore
appliedenergistics2:facade:0, Cable Facade - Abyssal Diamond Ore
appliedenergistics2:facade:0, Cable Facade - Abyssal Nitre Ore
appliedenergistics2:facade:0, Cable Facade - Abyssal Tin Ore
appliedenergistics2:facade:0, Cable Facade - Abyssal Copper Ore
appliedenergistics2:facade:0, Cable Facade - Pearlescent Coralium Ore
appliedenergistics2:facade:0, Cable Facade - Liquified Coralium Ore
appliedenergistics2:facade:0, Cable Facade - Solid lava
appliedenergistics2:facade:0, Cable Facade - §bEthaxium Bricks
appliedenergistics2:facade:0, Cable Facade - §bChiseled Ethaxium Bricks
appliedenergistics2:facade:0, Cable Facade - §bCracked Ethaxium Bricks
appliedenergistics2:facade:0, Cable Facade - §bEthaxium Pillar
appliedenergistics2:facade:0, Cable Facade - §bEthaxium Brick Slab
appliedenergistics2:facade:0, Cable Facade - §4Dark Ethaxium Bricks
appliedenergistics2:facade:0, Cable Facade - §4Chiseled Dark Ethaxium Bricks
appliedenergistics2:facade:0, Cable Facade - §4Cracked Dark Ethaxium Bricks
appliedenergistics2:facade:0, Cable Facade - §4Dark Ethaxium Pillar
appliedenergistics2:facade:0, Cable Facade - §bDark Ethaxium Brick Slab
appliedenergistics2:facade:0, Cable Facade - Abyssal Sand
appliedenergistics2:facade:0, Cable Facade - Fused Abyssal Sand
appliedenergistics2:facade:0, Cable Facade - Dreadlands Dirt
appliedenergistics2:facade:0, Cable Facade - Abyssal Cobblestone Slab
appliedenergistics2:facade:0, Cable Facade - Dreadstone Cobblestone Slab
appliedenergistics2:facade:0, Cable Facade - Abyssalnite Cobblestone Slab
appliedenergistics2:facade:0, Cable Facade - Coralium Cobblestone Slab
appliedenergistics2:facade:0, Cable Facade - Calcified Stone
appliedenergistics2:facade:0, Cable Facade - Aether Grass
appliedenergistics2:facade:0, Cable Facade - Enchanted Aether Grass
appliedenergistics2:facade:0, Cable Facade - Aether Dirt
appliedenergistics2:facade:0, Cable Facade - Holystone
appliedenergistics2:facade:0, Cable Facade - Mossy Holystone
appliedenergistics2:facade:0, Cable Facade - Holystone Brick
appliedenergistics2:facade:0, Cable Facade - Quicksoil
appliedenergistics2:facade:0, Cable Facade - Icestone
appliedenergistics2:facade:0, Cable Facade - Ambrosium Ore
appliedenergistics2:facade:0, Cable Facade - Zanite Ore
appliedenergistics2:facade:0, Cable Facade - Gravitite Ore
appliedenergistics2:facade:0, Cable Facade - Skyroot Leaves
appliedenergistics2:facade:0, Cable Facade - Golden Oak Leaves
appliedenergistics2:facade:0, Cable Facade - Skyroot Log
appliedenergistics2:facade:0, Cable Facade - Golden Oak Log
appliedenergistics2:facade:0, Cable Facade - Skyroot Plank
appliedenergistics2:facade:0, Cable Facade - Aerogel
appliedenergistics2:facade:0, Cable Facade - Enchanted Gravitite
appliedenergistics2:facade:0, Cable Facade - Zanite Block
appliedenergistics2:facade:0, Cable Facade - Carved Stone
appliedenergistics2:facade:0, Cable Facade - Sentry Stone
appliedenergistics2:facade:0, Cable Facade - Angelic Stone
appliedenergistics2:facade:0, Cable Facade - Light Angelic Stone
appliedenergistics2:facade:0, Cable Facade - Hellfire Stone
appliedenergistics2:facade:0, Cable Facade - Light Hellfire Stone
appliedenergistics2:facade:0, Cable Facade - Carved Stone
appliedenergistics2:facade:0, Cable Facade - Sentry Stone
appliedenergistics2:facade:0, Cable Facade - Angelic Stone
appliedenergistics2:facade:0, Cable Facade - Light Angelic Stone
appliedenergistics2:facade:0, Cable Facade - Hellfire Stone
appliedenergistics2:facade:0, Cable Facade - Light Hellfire Stone
appliedenergistics2:facade:0, Cable Facade - Carved Stone
appliedenergistics2:facade:0, Cable Facade - Sentry Stone
appliedenergistics2:facade:0, Cable Facade - Angelic Stone
appliedenergistics2:facade:0, Cable Facade - Light Angelic Stone
appliedenergistics2:facade:0, Cable Facade - Hellfire Stone
appliedenergistics2:facade:0, Cable Facade - Light Hellfire Stone
appliedenergistics2:facade:0, Cable Facade - Crystal Leaves
appliedenergistics2:facade:0, Cable Facade - Crystal Fruit Leaves
appliedenergistics2:facade:0, Cable Facade - Holiday Leaves
appliedenergistics2:facade:0, Cable Facade - Decorated Holiday Leaves
appliedenergistics2:facade:0, Cable Facade - Present
appliedenergistics2:facade:0, Cable Facade - Pillar
appliedenergistics2:facade:0, Cable Facade - Pillar Top
appliedenergistics2:facade:0, Cable Facade - Skyroot Double Slab
appliedenergistics2:facade:0, Cable Facade - Carved Double Slab
appliedenergistics2:facade:0, Cable Facade - Angelic Double Slab
appliedenergistics2:facade:0, Cable Facade - Hellfire Double Slab
appliedenergistics2:facade:0, Cable Facade - Holystone Double Slab
appliedenergistics2:facade:0, Cable Facade - Mossy Holystone Double Slab
appliedenergistics2:facade:0, Cable Facade - Holystone Brick Double Slab
appliedenergistics2:facade:0, Cable Facade - Sun Altar
appliedenergistics2:facade:0, Cable Facade - Skyroot Bookshelf
appliedenergistics2:facade:0, Cable Facade - Rock Crystal Ore
appliedenergistics2:facade:0, Cable Facade - Starmetal Ore
appliedenergistics2:facade:0, Cable Facade - Aquamarine Shale
appliedenergistics2:facade:0, Cable Facade - Marble
appliedenergistics2:facade:0, Cable Facade - Marble Bricks
appliedenergistics2:facade:0, Cable Facade - Marble Pillar
appliedenergistics2:facade:0, Cable Facade - Marble Arch
appliedenergistics2:facade:0, Cable Facade - Chiseled Marble
appliedenergistics2:facade:0, Cable Facade - Engraved Marble
appliedenergistics2:facade:0, Cable Facade - Runed Marble
appliedenergistics2:facade:0, Cable Facade - Sooty Marble
appliedenergistics2:facade:0, Cable Facade - Sooty Marble Bricks
appliedenergistics2:facade:0, Cable Facade - Sooty Marble Pillar
appliedenergistics2:facade:0, Cable Facade - Sooty Marble Arch
appliedenergistics2:facade:0, Cable Facade - Chiseled Sooty Marble
appliedenergistics2:facade:0, Cable Facade - Engraved Sooty Marble
appliedenergistics2:facade:0, Cable Facade - Runed Sooty Marble
appliedenergistics2:facade:0, Cable Facade - Infused Wood
appliedenergistics2:facade:0, Cable Facade - Infused Wood Planks
appliedenergistics2:facade:0, Cable Facade - Infused Wood Column
appliedenergistics2:facade:0, Cable Facade - Infused Wood Arch
appliedenergistics2:facade:0, Cable Facade - Engraved Infused Wood
appliedenergistics2:facade:0, Cable Facade - Enriched Infused Wood
appliedenergistics2:facade:0, Cable Facade - Vibrant Infused Wood
appliedenergistics2:facade:0, Cable Facade - Neromantic Prime
appliedenergistics2:facade:0, Cable Facade - Fysallidic Prime
appliedenergistics2:facade:0, Cable Facade - Water Spring
appliedenergistics2:facade:0, Cable Facade - Oil Spring
appliedenergistics2:facade:0, Cable Facade - tile.decorated.destroy.name
appliedenergistics2:facade:0, Cable Facade - Blueprint (Decoration)
appliedenergistics2:facade:0, Cable Facade - Template (Decoration)
appliedenergistics2:facade:0, Cable Facade - tile.decorated.paper.name
appliedenergistics2:facade:0, Cable Facade - tile.decorated.leather.name
appliedenergistics2:facade:0, Cable Facade - Laser (Decoration)
appliedenergistics2:facade:0, Cable Facade - Compact Raw Porkchop
appliedenergistics2:facade:0, Cable Facade - Dungeon gen
appliedenergistics2:facade:0, Cable Facade - stairsgen
appliedenergistics2:facade:0, Cable Facade - topgen
appliedenergistics2:facade:0, Cable Facade - Door closed
appliedenergistics2:facade:0, Cable Facade - DoorUnlock
appliedenergistics2:facade:0, Cable Facade - Door Unlocked
appliedenergistics2:facade:0, Cable Facade - Door Unlocked
appliedenergistics2:facade:0, Cable Facade - DoorUnlock
appliedenergistics2:facade:0, Cable Facade - DoorUnlock
appliedenergistics2:facade:0, Cable Facade - DoorUnlock
appliedenergistics2:facade:0, Cable Facade - Middleind
appliedenergistics2:facade:0, Cable Facade - Roguelike grass
appliedenergistics2:facade:0, Cable Facade - Roguelike Dirt
appliedenergistics2:facade:0, Cable Facade - Roguelike Leaves
appliedenergistics2:facade:0, Cable Facade - Roguelike stone
appliedenergistics2:facade:0, Cable Facade - Roguelike grass
appliedenergistics2:facade:0, Cable Facade - Roguelike grass
appliedenergistics2:facade:0, Cable Facade - Roguelike grass
appliedenergistics2:facade:0, Cable Facade - Roguelike grass
appliedenergistics2:facade:0, Cable Facade - Roguelike stone
appliedenergistics2:facade:0, Cable Facade - Roguelike stone
appliedenergistics2:facade:0, Cable Facade - Roguelike stone
appliedenergistics2:facade:0, Cable Facade - Roguelike stonebrick
appliedenergistics2:facade:0, Cable Facade - chestgen
appliedenergistics2:facade:0, Cable Facade - Roguelike stonebrick
appliedenergistics2:facade:0, Cable Facade - Roguelike stonebrick
appliedenergistics2:facade:0, Cable Facade - Portal Block
appliedenergistics2:facade:0, Cable Facade - chestgen
appliedenergistics2:facade:0, Cable Facade - chestgen
appliedenergistics2:facade:0, Cable Facade - chestgen
appliedenergistics2:facade:0, Cable Facade - Roguelike stonebrick
appliedenergistics2:facade:0, Cable Facade - Factory Wall
appliedenergistics2:facade:0, Cable Facade - Factory Wall
appliedenergistics2:facade:0, Cable Facade - Factory Wall
appliedenergistics2:facade:0, Cable Facade - Factory Wall
appliedenergistics2:facade:0, Cable Facade - Factory Pipe
appliedenergistics2:facade:0, Cable Facade - Factory Pipe closed
appliedenergistics2:facade:0, Cable Facade - Saw Blade Block
appliedenergistics2:facade:0, Cable Facade - Saw Blade Block
appliedenergistics2:facade:0, Cable Facade - Factory Wall
appliedenergistics2:facade:0, Cable Facade - Gears
appliedenergistics2:facade:0, Cable Facade - chestgen
appliedenergistics2:facade:0, Cable Facade - random lootchest gen
appliedenergistics2:facade:0, Cable Facade - Saw Blade Block
appliedenergistics2:facade:0, Cable Facade - Saw Blade Block
appliedenergistics2:facade:0, Cable Facade - Saw Blade Block
appliedenergistics2:facade:0, Cable Facade - Saw Blade Block
appliedenergistics2:facade:0, Cable Facade - Saw Blade Block
appliedenergistics2:facade:0, Cable Facade - Saw Blade Block
appliedenergistics2:facade:0, Cable Facade - Factory Wall
appliedenergistics2:facade:0, Cable Facade - Factory Wall
appliedenergistics2:facade:0, Cable Facade - Factory Wall
appliedenergistics2:facade:0, Cable Facade - Factory Wall
appliedenergistics2:facade:0, Cable Facade - Factory Wall
appliedenergistics2:facade:0, Cable Facade - Factory Wall
appliedenergistics2:facade:0, Cable Facade - Factory Wall
appliedenergistics2:facade:0, Cable Facade - Saw Blade Block
appliedenergistics2:facade:0, Cable Facade - Gears
appliedenergistics2:facade:0, Cable Facade - DoorUnlock
appliedenergistics2:facade:0, Cable Facade - DoorUnlock
appliedenergistics2:facade:0, Cable Facade - DoorUnlock
appliedenergistics2:facade:0, Cable Facade - DoorUnlock
appliedenergistics2:facade:0, Cable Facade - Door closed
appliedenergistics2:facade:0, Cable Facade - chestgen
appliedenergistics2:facade:0, Cable Facade - Castle Bricks
appliedenergistics2:facade:0, Cable Facade - Castle Skull
appliedenergistics2:facade:0, Cable Facade - Castle Trap
appliedenergistics2:facade:0, Cable Facade - Castle Bricks
appliedenergistics2:facade:0, Cable Facade - Castle Bricks
appliedenergistics2:facade:0, Cable Facade - Castle Bricks
appliedenergistics2:facade:0, Cable Facade - Castle Skull trap
appliedenergistics2:facade:0, Cable Facade - Castle Skull active trap
appliedenergistics2:facade:0, Cable Facade - Castle Bricks
appliedenergistics2:facade:0, Cable Facade - Castle Bricks
appliedenergistics2:facade:0, Cable Facade - chestgen
appliedenergistics2:facade:0, Cable Facade - Castle Bricks
appliedenergistics2:facade:0, Cable Facade - Castle Bricks
appliedenergistics2:facade:0, Cable Facade - Castle Bricks
appliedenergistics2:facade:0, Cable Facade - Castle Bricks
appliedenergistics2:facade:0, Cable Facade - Castle Bricks
appliedenergistics2:facade:0, Cable Facade - Portal Block
appliedenergistics2:facade:0, Cable Facade - Portal Block
appliedenergistics2:facade:0, Cable Facade - Portal Block
appliedenergistics2:facade:0, Cable Facade - Portal Block
appliedenergistics2:facade:0, Cable Facade - Portal Block
appliedenergistics2:facade:0, Cable Facade - Portal Block
appliedenergistics2:facade:0, Cable Facade - Portal Block
appliedenergistics2:facade:0, Cable Facade - Portal Block
appliedenergistics2:facade:0, Cable Facade - portalspawn
appliedenergistics2:facade:0, Cable Facade - teleskulllock
appliedenergistics2:facade:0, Cable Facade - Dungeon spawn
appliedenergistics2:facade:0, Cable Facade - Dungeonstairs
appliedenergistics2:facade:0, Cable Facade - hallwayspawn
appliedenergistics2:facade:0, Cable Facade - 8x8 room
appliedenergistics2:facade:0, Cable Facade - 16x16 room
appliedenergistics2:facade:0, Cable Facade - roomspawnergen
appliedenergistics2:facade:0, Cable Facade - roomspawnlayer1
appliedenergistics2:facade:0, Cable Facade - chestgen
appliedenergistics2:facade:0, Cable Facade - 1to2
appliedenergistics2:facade:0, Cable Facade - 1to2
appliedenergistics2:facade:0, Cable Facade - chestgen
appliedenergistics2:facade:0, Cable Facade - hallwayspawn
appliedenergistics2:facade:0, Cable Facade - chestgen
appliedenergistics2:facade:0, Cable Facade - chestgen
appliedenergistics2:facade:0, Cable Facade - chestgen
appliedenergistics2:facade:0, Cable Facade - 1to2
appliedenergistics2:facade:0, Cable Facade - 1to2
appliedenergistics2:facade:0, Cable Facade - 1to2
appliedenergistics2:facade:0, Cable Facade - 1to2
appliedenergistics2:facade:0, Cable Facade - 1to2
appliedenergistics2:facade:0, Cable Facade - 1to2
appliedenergistics2:facade:0, Cable Facade - 1to2
appliedenergistics2:facade:0, Cable Facade - 1to2
appliedenergistics2:facade:0, Cable Facade - roomspawnlayer1
appliedenergistics2:facade:0, Cable Facade - chestgen
appliedenergistics2:facade:0, Cable Facade - chestgen
appliedenergistics2:facade:0, Cable Facade - Nether Dungeon Spawn
appliedenergistics2:facade:0, Cable Facade - chestgen
appliedenergistics2:facade:0, Cable Facade - Dungeonspawn2
appliedenergistics2:facade:0, Cable Facade - Dungeonspawn2
appliedenergistics2:facade:0, Cable Facade - roomspawnlayer1
appliedenergistics2:facade:0, Cable Facade - roomspawnlayer1
appliedenergistics2:facade:0, Cable Facade - DungeonMazeSpawn
appliedenergistics2:facade:0, Cable Facade - Decaying Gen
appliedenergistics2:facade:0, Cable Facade - Cracked Sandstone
appliedenergistics2:facade:0, Cable Facade - Mossy Sandstone
appliedenergistics2:facade:0, Cable Facade - OutsideGen
appliedenergistics2:facade:0, Cable Facade - Marker
appliedenergistics2:facade:0, Cable Facade - Thatch
appliedenergistics2:facade:0, Cable Facade - Charred Log
appliedenergistics2:facade:0, Cable Facade - Charred Planks
appliedenergistics2:facade:0, Cable Facade - Mud Block
appliedenergistics2:facade:0, Cable Facade - Mud Brick
appliedenergistics2:facade:0, Cable Facade - Pearl Block
appliedenergistics2:facade:0, Cable Facade - Block of Copper
appliedenergistics2:facade:0, Cable Facade - Copper Ore
appliedenergistics2:facade:0, Cable Facade - Block of Silver
appliedenergistics2:facade:0, Cable Facade - Silver Ore
appliedenergistics2:facade:0, Cable Facade - Block of Amethyst
appliedenergistics2:facade:0, Cable Facade - Amethyst Ore
appliedenergistics2:facade:0, Cable Facade - Quartz Ore
appliedenergistics2:facade:0, Cable Facade - Quartz Ore
appliedenergistics2:facade:0, Cable Facade - Turquoise Grass Block
appliedenergistics2:facade:0, Cable Facade - Turquoise Dirt
appliedenergistics2:facade:0, Cable Facade - Coarse Turquoise Dirt
appliedenergistics2:facade:0, Cable Facade - Turquoise Stone
appliedenergistics2:facade:0, Cable Facade - Turquoise Cobblestone
appliedenergistics2:facade:0, Cable Facade - Mossy Turquoise Cobblestone
appliedenergistics2:facade:0, Cable Facade - Bluebright Leaves
appliedenergistics2:facade:0, Cable Facade - Bluebright Wood
appliedenergistics2:facade:0, Cable Facade - Bluebright Wood Planks
appliedenergistics2:facade:0, Cable Facade - Turquoise Stone Bricks
appliedenergistics2:facade:0, Cable Facade - Mossy Turquoise Stone Bricks
appliedenergistics2:facade:0, Cable Facade - Cracked Turquoise Stone Bricks
appliedenergistics2:facade:0, Cable Facade - Starlit Leaves
appliedenergistics2:facade:0, Cable Facade - Starlit Wood
appliedenergistics2:facade:0, Cable Facade - Starlit Wood Planks
appliedenergistics2:facade:0, Cable Facade - Frostbright Leaves
appliedenergistics2:facade:0, Cable Facade - Frostbright Wood
appliedenergistics2:facade:0, Cable Facade - Frostbright Wood Planks
appliedenergistics2:facade:0, Cable Facade - Bluebright Crafting Table
appliedenergistics2:facade:0, Cable Facade - Starlit Crafting Table
appliedenergistics2:facade:0, Cable Facade - Frostbright Crafting Table
appliedenergistics2:facade:0, Cable Facade - Midnight Sand
appliedenergistics2:facade:0, Cable Facade - Midnight Sandstone
appliedenergistics2:facade:0, Cable Facade - Chiseled Midnight Sandstone
appliedenergistics2:facade:0, Cable Facade - Smooth Midnight Sandstone
appliedenergistics2:facade:0, Cable Facade - Diopside Ore
appliedenergistics2:facade:0, Cable Facade - Pyrope Ore
appliedenergistics2:facade:0, Cable Facade - Turquoise Ore
appliedenergistics2:facade:0, Cable Facade - Charoite Ore
appliedenergistics2:facade:0, Cable Facade - Moonstone Ore
appliedenergistics2:facade:0, Cable Facade - Emerald Ore
appliedenergistics2:facade:0, Cable Facade - Falsite Ore
appliedenergistics2:facade:0, Cable Facade - Ventium Ore
appliedenergistics2:facade:0, Cable Facade - Lunar Grass Block
appliedenergistics2:facade:0, Cable Facade - Lunar Dirt
appliedenergistics2:facade:0, Cable Facade - Coarse Lunar Dirt
appliedenergistics2:facade:0, Cable Facade - Lunar Stone
appliedenergistics2:facade:0, Cable Facade - Lunar Cobblestone
appliedenergistics2:facade:0, Cable Facade - Mossy Lunar Cobblestone
appliedenergistics2:facade:0, Cable Facade - Lunar Leaves
appliedenergistics2:facade:0, Cable Facade - Lunar Wood
appliedenergistics2:facade:0, Cable Facade - Lunar Wood Planks
appliedenergistics2:facade:0, Cable Facade - Lunar Stone Bricks
appliedenergistics2:facade:0, Cable Facade - Mossy Lunar Stone Bricks
appliedenergistics2:facade:0, Cable Facade - Cracked Lunar Stone Bricks
appliedenergistics2:facade:0, Cable Facade - Lunar Crafting Table
appliedenergistics2:facade:0, Cable Facade - Dusk Crafting Table
appliedenergistics2:facade:0, Cable Facade - Maple Crafting Table
appliedenergistics2:facade:0, Cable Facade - Dusk Leaves
appliedenergistics2:facade:0, Cable Facade - Dusk Wood
appliedenergistics2:facade:0, Cable Facade - Dusk Wood Planks
appliedenergistics2:facade:0, Cable Facade - Maple Leaves
appliedenergistics2:facade:0, Cable Facade - Maple Wood
appliedenergistics2:facade:0, Cable Facade - Maple Wood Planks
appliedenergistics2:facade:0, Cable Facade - Crystal Sand
appliedenergistics2:facade:0, Cable Facade - Raw Moonstone Block
appliedenergistics2:facade:0, Cable Facade - Hidden Spike Block
appliedenergistics2:facade:0, Cable Facade - Crystal Sandstone
appliedenergistics2:facade:0, Cable Facade - Chiseled Crystal Sandstone
appliedenergistics2:facade:0, Cable Facade - Smooth Crystal Sandstone
appliedenergistics2:facade:0, Cable Facade - Diopside Ore
appliedenergistics2:facade:0, Cable Facade - Pyrope Ore
appliedenergistics2:facade:0, Cable Facade - Turquoise Ore
appliedenergistics2:facade:0, Cable Facade - Charoite Ore
appliedenergistics2:facade:0, Cable Facade - Moonstone Ore
appliedenergistics2:facade:0, Cable Facade - Emerald Ore
appliedenergistics2:facade:0, Cable Facade - Horizonite Ore
appliedenergistics2:facade:0, Cable Facade - Cherry Grass Block
appliedenergistics2:facade:0, Cable Facade - Cherry Grass Block
appliedenergistics2:facade:0, Cable Facade - Cherry Leaves
appliedenergistics2:facade:0, Cable Facade - Cherry Wood
appliedenergistics2:facade:0, Cable Facade - Cherry Wood Planks
appliedenergistics2:facade:0, Cable Facade - Cherry Crafting Table
appliedenergistics2:facade:0, Cable Facade - Nectarine Leaves
appliedenergistics2:facade:0, Cable Facade - Charoite Block
appliedenergistics2:facade:0, Cable Facade - Diopside Block
appliedenergistics2:facade:0, Cable Facade - Pyrope Block
appliedenergistics2:facade:0, Cable Facade - Turquoise Block
appliedenergistics2:facade:0, Cable Facade - Horizonite Block
appliedenergistics2:facade:0, Cable Facade - Moonstone Block
appliedenergistics2:facade:0, Cable Facade - Moonstone Lantern
appliedenergistics2:facade:0, Cable Facade - Bluebright Bookshelf
appliedenergistics2:facade:0, Cable Facade - Starlit Bookshelf
appliedenergistics2:facade:0, Cable Facade - Frostbright Bookshelf
appliedenergistics2:facade:0, Cable Facade - Lunar Bookshelf
appliedenergistics2:facade:0, Cable Facade - Dusk Bookshelf
appliedenergistics2:facade:0, Cable Facade - Maple Bookshelf
appliedenergistics2:facade:0, Cable Facade - Cherry Bookshelf
appliedenergistics2:facade:0, Cable Facade - §5Poison Stone
appliedenergistics2:facade:0, Cable Facade - §5Glowing Poison Stone
appliedenergistics2:facade:0, Cable Facade - §7Blinding Stone
appliedenergistics2:facade:0, Cable Facade - §7Glowing Blinding Stone
appliedenergistics2:facade:0, Cable Facade - §2Nature Stone
appliedenergistics2:facade:0, Cable Facade - §2Glowing Nature Stone
appliedenergistics2:facade:0, Cable Facade - §cLife Stone
appliedenergistics2:facade:0, Cable Facade - §cGlowing Life Stone
appliedenergistics2:facade:0, Cable Facade - §9Aquatic Stone
appliedenergistics2:facade:0, Cable Facade - §9Glowing Aquatic Stone
appliedenergistics2:facade:0, Cable Facade - Protection Broadstone
appliedenergistics2:facade:0, Cable Facade - Songstone
appliedenergistics2:facade:0, Cable Facade - Gale Stone
appliedenergistics2:facade:0, Cable Facade - Light Gale Stone
appliedenergistics2:facade:0, Cable Facade - Locked Gale Stone
appliedenergistics2:facade:0, Cable Facade - Locked Light Gale Stone
appliedenergistics2:facade:0, Cable Facade - tile.gale_double_slab.name
appliedenergistics2:crystal_seed:0, Certus Quartz Seed
appliedenergistics2:crystal_seed:600, Nether Quartz Seed
appliedenergistics2:crystal_seed:1200, Fluix Seed
appliedenergistics2:crystal_seed:0, Certus Quartz Seed
appliedenergistics2:crystal_seed:600, Nether Quartz Seed
appliedenergistics2:crystal_seed:1200, Fluix Seed
appliedenergistics2:crystal_seed:0, Certus Quartz Seed
appliedenergistics2:crystal_seed:600, Nether Quartz Seed
appliedenergistics2:crystal_seed:1200, Fluix Seed
appliedenergistics2:encoded_pattern, Encoded Pattern
appliedenergistics2:paint_ball:0, Paint Ball - White
appliedenergistics2:paint_ball:1, Paint Ball - Orange
appliedenergistics2:paint_ball:2, Paint Ball - Magenta
appliedenergistics2:paint_ball:3, Paint Ball - Light Blue
appliedenergistics2:paint_ball:4, Paint Ball - Yellow
appliedenergistics2:paint_ball:5, Paint Ball - Lime
appliedenergistics2:paint_ball:6, Paint Ball - Pink
appliedenergistics2:paint_ball:7, Paint Ball - Gray
appliedenergistics2:paint_ball:8, Paint Ball - Light Gray
appliedenergistics2:paint_ball:9, Paint Ball - Cyan
appliedenergistics2:paint_ball:10, Paint Ball - Purple
appliedenergistics2:paint_ball:11, Paint Ball - Blue
appliedenergistics2:paint_ball:12, Paint Ball - Brown
appliedenergistics2:paint_ball:13, Paint Ball - Green
appliedenergistics2:paint_ball:14, Paint Ball - Red
appliedenergistics2:paint_ball:15, Paint Ball - Black
appliedenergistics2:paint_ball:20, Paint Ball - Lumen White
appliedenergistics2:paint_ball:21, Paint Ball - Lumen Orange
appliedenergistics2:paint_ball:22, Paint Ball - Lumen Magenta
appliedenergistics2:paint_ball:23, Paint Ball - Lumen Light Blue
appliedenergistics2:paint_ball:24, Paint Ball - Lumen Yellow
appliedenergistics2:paint_ball:25, Paint Ball - Lumen Lime
appliedenergistics2:paint_ball:26, Paint Ball - Lumen Pink
appliedenergistics2:paint_ball:27, Paint Ball - Lumen Gray
appliedenergistics2:paint_ball:28, Paint Ball - Lumen Light Gray
appliedenergistics2:paint_ball:29, Paint Ball - Lumen Cyan
appliedenergistics2:paint_ball:30, Paint Ball - Lumen Purple
appliedenergistics2:paint_ball:31, Paint Ball - Lumen Blue
appliedenergistics2:paint_ball:32, Paint Ball - Lumen Brown
appliedenergistics2:paint_ball:33, Paint Ball - Lumen Green
appliedenergistics2:paint_ball:34, Paint Ball - Lumen Red
appliedenergistics2:paint_ball:35, Paint Ball - Lumen Black
appliedenergistics2:dummy_fluid_item, item.appliedenergistics2.dummy_fluid_item.name
appliedenergistics2:material:28, Advanced Card
appliedenergistics2:material:44, Annihilation Core
appliedenergistics2:material:25, Basic Card
appliedenergistics2:material:52, Blank Pattern
appliedenergistics2:material:23, Calculation Processor
appliedenergistics2:material:13, Inscriber Calculation Press
appliedenergistics2:material:16, Printed Calculation Circuit
appliedenergistics2:material:27, Capacity Card
appliedenergistics2:material:53, Crafting Card
appliedenergistics2:material:29, Fuzzy Card
appliedenergistics2:material:31, Inverter Card
appliedenergistics2:material:60, Magnet Card
appliedenergistics2:material:58, Pattern Expansion Card
appliedenergistics2:material:59, Quantum Link Card
appliedenergistics2:material:26, Redstone Card
appliedenergistics2:material:30, Acceleration Card
appliedenergistics2:material:61, Sticky Card
appliedenergistics2:material:34, §d128³§r Spatial Component
appliedenergistics2:material:37, §a16k§r ME Storage Component
appliedenergistics2:material:33, §916³§r Spatial Component
appliedenergistics2:material:35, §61k§r ME Storage Component
appliedenergistics2:material:32, §62³§r Spatial Component
appliedenergistics2:material:36, §e4k§r ME Storage Component
appliedenergistics2:material:38, §b64k§r ME Storage Component
appliedenergistics2:material:0, Certus Quartz Crystal
appliedenergistics2:material:1, Charged Certus Quartz Crystal
appliedenergistics2:material:2, Certus Quartz Dust
appliedenergistics2:material:39, ME Storage Housing
appliedenergistics2:material:46, Ender Dust
appliedenergistics2:material:24, Engineering Processor
appliedenergistics2:material:14, Inscriber Engineering Press
appliedenergistics2:material:17, Printed Engineering Circuit
appliedenergistics2:material:4, Flour
appliedenergistics2:material:56, §a16k§r ME Fluid Storage Component
appliedenergistics2:material:54, §61k§r ME Fluid Storage Component
appliedenergistics2:material:55, §e4k§r ME Fluid Storage Component
appliedenergistics2:material:57, §b64k§r ME Fluid Storage Component
appliedenergistics2:material:7, Fluix Crystal
appliedenergistics2:material:8, Fluix Dust
appliedenergistics2:material:9, Fluix Pearl
appliedenergistics2:material:43, Formation Core
appliedenergistics2:material:51, Gold Dust
appliedenergistics2:material:49, Iron Dust
appliedenergistics2:material:22, Logic Processor
appliedenergistics2:material:15, Inscriber Logic Press
appliedenergistics2:material:18, Printed Logic Circuit
appliedenergistics2:material:6, Matter Ball
appliedenergistics2:material:21, Inscriber Name Press
appliedenergistics2:material:3, Nether Quartz Dust
appliedenergistics2:material:10, Pure Certus Quartz Crystal
appliedenergistics2:material:12, Pure Fluix Crystal
appliedenergistics2:material:11, Pure Nether Quartz Crystal
appliedenergistics2:material:48, Quantum Entangled Singularity
appliedenergistics2:material:5, Silicon
appliedenergistics2:material:19, Inscriber Silicon Press
appliedenergistics2:material:20, Printed Silicon
appliedenergistics2:material:47, Singularity
appliedenergistics2:material:45, Sky Stone Dust
appliedenergistics2:material:41, Wireless Receiver
appliedenergistics2:material:42, Wireless Booster
appliedenergistics2:material:40, Wooden Gear
appliedenergistics2:part:300, ME Annihilation Plane
appliedenergistics2:part:120, Cable Anchor
appliedenergistics2:part:20, ME Covered Cable - White
appliedenergistics2:part:21, ME Covered Cable - Orange
appliedenergistics2:part:22, ME Covered Cable - Magenta
appliedenergistics2:part:23, ME Covered Cable - Light Blue
appliedenergistics2:part:24, ME Covered Cable - Yellow
appliedenergistics2:part:25, ME Covered Cable - Lime
appliedenergistics2:part:26, ME Covered Cable - Pink
appliedenergistics2:part:27, ME Covered Cable - Gray
appliedenergistics2:part:28, ME Covered Cable - Light Gray
appliedenergistics2:part:29, ME Covered Cable - Cyan
appliedenergistics2:part:30, ME Covered Cable - Purple
appliedenergistics2:part:31, ME Covered Cable - Blue
appliedenergistics2:part:32, ME Covered Cable - Brown
appliedenergistics2:part:33, ME Covered Cable - Green
appliedenergistics2:part:34, ME Covered Cable - Red
appliedenergistics2:part:35, ME Covered Cable - Black
appliedenergistics2:part:36, ME Covered Cable - Fluix
appliedenergistics2:part:500, ME Dense Covered Cable - White
appliedenergistics2:part:501, ME Dense Covered Cable - Orange
appliedenergistics2:part:502, ME Dense Covered Cable - Magenta
appliedenergistics2:part:503, ME Dense Covered Cable - Light Blue
appliedenergistics2:part:504, ME Dense Covered Cable - Yellow
appliedenergistics2:part:505, ME Dense Covered Cable - Lime
appliedenergistics2:part:506, ME Dense Covered Cable - Pink
appliedenergistics2:part:507, ME Dense Covered Cable - Gray
appliedenergistics2:part:508, ME Dense Covered Cable - Light Gray
appliedenergistics2:part:509, ME Dense Covered Cable - Cyan
appliedenergistics2:part:510, ME Dense Covered Cable - Purple
appliedenergistics2:part:511, ME Dense Covered Cable - Blue
appliedenergistics2:part:512, ME Dense Covered Cable - Brown
appliedenergistics2:part:513, ME Dense Covered Cable - Green
appliedenergistics2:part:514, ME Dense Covered Cable - Red
appliedenergistics2:part:515, ME Dense Covered Cable - Black
appliedenergistics2:part:516, ME Dense Covered Cable - Fluix
appliedenergistics2:part:60, ME Dense Smart Cable - White
appliedenergistics2:part:61, ME Dense Smart Cable - Orange
appliedenergistics2:part:62, ME Dense Smart Cable - Magenta
appliedenergistics2:part:63, ME Dense Smart Cable - Light Blue
appliedenergistics2:part:64, ME Dense Smart Cable - Yellow
appliedenergistics2:part:65, ME Dense Smart Cable - Lime
appliedenergistics2:part:66, ME Dense Smart Cable - Pink
appliedenergistics2:part:67, ME Dense Smart Cable - Gray
appliedenergistics2:part:68, ME Dense Smart Cable - Light Gray
appliedenergistics2:part:69, ME Dense Smart Cable - Cyan
appliedenergistics2:part:70, ME Dense Smart Cable - Purple
appliedenergistics2:part:71, ME Dense Smart Cable - Blue
appliedenergistics2:part:72, ME Dense Smart Cable - Brown
appliedenergistics2:part:73, ME Dense Smart Cable - Green
appliedenergistics2:part:74, ME Dense Smart Cable - Red
appliedenergistics2:part:75, ME Dense Smart Cable - Black
appliedenergistics2:part:76, ME Dense Smart Cable - Fluix
appliedenergistics2:part:0, ME Glass Cable - White
appliedenergistics2:part:1, ME Glass Cable - Orange
appliedenergistics2:part:2, ME Glass Cable - Magenta
appliedenergistics2:part:3, ME Glass Cable - Light Blue
appliedenergistics2:part:4, ME Glass Cable - Yellow
appliedenergistics2:part:5, ME Glass Cable - Lime
appliedenergistics2:part:6, ME Glass Cable - Pink
appliedenergistics2:part:7, ME Glass Cable - Gray
appliedenergistics2:part:8, ME Glass Cable - Light Gray
appliedenergistics2:part:9, ME Glass Cable - Cyan
appliedenergistics2:part:10, ME Glass Cable - Purple
appliedenergistics2:part:11, ME Glass Cable - Blue
appliedenergistics2:part:12, ME Glass Cable - Brown
appliedenergistics2:part:13, ME Glass Cable - Green
appliedenergistics2:part:14, ME Glass Cable - Red
appliedenergistics2:part:15, ME Glass Cable - Black
appliedenergistics2:part:16, ME Glass Cable - Fluix
appliedenergistics2:part:40, ME Smart Cable - White
appliedenergistics2:part:41, ME Smart Cable - Orange
appliedenergistics2:part:42, ME Smart Cable - Magenta
appliedenergistics2:part:43, ME Smart Cable - Light Blue
appliedenergistics2:part:44, ME Smart Cable - Yellow
appliedenergistics2:part:45, ME Smart Cable - Lime
appliedenergistics2:part:46, ME Smart Cable - Pink
appliedenergistics2:part:47, ME Smart Cable - Gray
appliedenergistics2:part:48, ME Smart Cable - Light Gray
appliedenergistics2:part:49, ME Smart Cable - Cyan
appliedenergistics2:part:50, ME Smart Cable - Purple
appliedenergistics2:part:51, ME Smart Cable - Blue
appliedenergistics2:part:52, ME Smart Cable - Brown
appliedenergistics2:part:53, ME Smart Cable - Green
appliedenergistics2:part:54, ME Smart Cable - Red
appliedenergistics2:part:55, ME Smart Cable - Black
appliedenergistics2:part:56, ME Smart Cable - Fluix
appliedenergistics2:part:420, ME Conversion Monitor
appliedenergistics2:part:360, ME Crafting Terminal
appliedenergistics2:part:200, Dark Illuminated Panel
appliedenergistics2:part:341, ME Extended Processing Pattern Terminal
appliedenergistics2:part:260, ME Export Bus
appliedenergistics2:part:302, ME Fluid Annihilation Plane
appliedenergistics2:part:261, ME Fluid Export Bus
appliedenergistics2:part:321, ME Fluid Formation Plane
appliedenergistics2:part:241, ME Fluid Import Bus
appliedenergistics2:part:441, ME Fluid Interface
appliedenergistics2:part:522, ME Fluid Interface Configuration Terminal
appliedenergistics2:part:281, ME Fluid Level Emitter
appliedenergistics2:part:221, ME Fluid Storage Bus
appliedenergistics2:part:520, ME Fluid Terminal
appliedenergistics2:part:320, ME Formation Plane
appliedenergistics2:part:301, ME Identity Annihilation Plane
appliedenergistics2:part:240, ME Import Bus
appliedenergistics2:part:440, ME Interface
appliedenergistics2:part:521, ME Interface Configuration Terminal
appliedenergistics2:part:480, ME Interface Terminal
appliedenergistics2:part:100, ME Inverted Toggle Bus
appliedenergistics2:part:280, ME Level Emitter
appliedenergistics2:part:160, Bright Illuminated Panel
appliedenergistics2:part:222, ME OreDict Storage Bus
appliedenergistics2:part:469, P2P Tunnel - FE
appliedenergistics2:part:463, P2P Tunnel - Fluid
appliedenergistics2:part:465, P2P Tunnel - EU
appliedenergistics2:part:462, P2P Tunnel - Item
appliedenergistics2:part:467, P2P Tunnel - Light
appliedenergistics2:part:460, P2P Tunnel - ME
appliedenergistics2:part:461, P2P Tunnel - Redstone
appliedenergistics2:part:340, ME Pattern Terminal
appliedenergistics2:part:140, Quartz Fiber
appliedenergistics2:part:180, Illuminated Panel
appliedenergistics2:part:220, ME Storage Bus
appliedenergistics2:part:400, ME Storage Monitor
appliedenergistics2:part:380, ME Terminal
appliedenergistics2:part:80, ME Toggle Bus
artifacts:shiny_red_balloon, Shiny Red Balloon
artifacts:obsidian_skull, Obsidian Skull
artifacts:snorkel, Snorkel
artifacts:shock_pendant, Shock Pendant
artifacts:flame_pendant, Flame Pendant
artifacts:thorn_pendant, Thorn Pendant
artifacts:ultimate_pendant, Pendant of Ultimate Wrath
artifacts:panic_necklace, Panic Necklace
artifacts:lucky_horseshoe, Lucky Horseshoe
artifacts:cobalt_shield, Cobalt Shield
artifacts:whoopie_cushion, Whoopie Cushion
artifacts:bottled_cloud, Cloud in a Bottle
artifacts:bottled_fart, Fart in a Jar
artifacts:magma_stone, Magma Stone
artifacts:feral_claws, Feral Claws
artifacts:power_glove, Power Glove
artifacts:mechanical_glove, Mechanical Glove
artifacts:fire_gauntlet, Fire Gauntlet
artifacts:drinking_hat, Drinking Hat
artifacts:star_cloak, Star Cloak
artifacts:pocket_piston, Pocket Piston
artifacts:night_vision_goggles, Night Vision Goggles
artifacts:tiny_shirt, Tiny Shirt
artifacts:everlasting_porkchop, Everlasting Raw Porkchop
artifacts:everlasting_cooked_porkchop, Everlasting Cooked Porkchop
artifacts:everlasting_beef, Everlasting Raw Beef
artifacts:everlasting_cooked_beef, Everlasting Steak
artifacts:everlasting_chicken, Everlasting Raw Chicken
artifacts:everlasting_cooked_chicken, Everlasting Cooked Chicken
artifacts:everlasting_rotten_flesh, Everlasting Rotten Flesh
artifacts:everlasting_spider_eye, Everlasting Spider Eye
artifacts:everlasting_rabbit, Everlasting Raw Rabbit
artifacts:everlasting_cooked_rabbit, Everlasting Cooked Rabbit
artifacts:everlasting_mutton, Everlasting Raw Mutton
artifacts:everlasting_cooked_mutton, Everlasting Cooked Mutton
artifacts:everlasting_rabbit_stew, Everlasting Rabbit Stew
artifacts:everlasting_cod, Everlasting Raw Cod
artifacts:everlasting_cooked_cod, Everlasting Cooked Cod
artifacts:everlasting_salmon, Everlasting Raw Salmon
artifacts:everlasting_cooked_salmon, Everlasting Cooked Salmon
artifacts:everlasting_clownfish, Everlasting Clownfish
quark:chute, tile.chute.name
quark:sugar_block, tile.sugar_block.name
quark:redstone_randomizer, tile.redstone_randomizer.name
quark:iron_button, tile.iron_button.name
quark:gold_button, tile.gold_button.name
quark:iron_rod, tile.iron_rod.name
quark:color_slime:0, Red Slime Block
quark:color_slime:1, Blue Slime Block
quark:color_slime:2, Cyan Slime Block
quark:color_slime:3, Magenta Slime Block
quark:color_slime:4, Yellow Slime Block
quark:gravisand, tile.gravisand.name
quark:redstone_inductor, tile.redstone_inductor.name
quark:obsidian_pressure_plate, tile.obsidian_pressure_plate.name
quark:rain_detector, tile.rain_detector.name
quark:chain, item.chain.name
quark:glass_shards:0, Glass Shard
quark:glass_shards:1, White Glass Shard
quark:glass_shards:2, Orange Glass Shard
quark:glass_shards:3, Magenta Glass Shard
quark:glass_shards:4, Light Blue Glass Shard
quark:glass_shards:5, Yellow Glass Shard
quark:glass_shards:6, Lime Glass Shard
quark:glass_shards:7, Pink Glass Shard
quark:glass_shards:8, Gray Glass Shard
quark:glass_shards:9, Light Gray Glass Shard
quark:glass_shards:10, Cyan Glass Shard
quark:glass_shards:11, Purple Glass Shard
quark:glass_shards:12, Blue Glass Shard
quark:glass_shards:13, Brown Glass Shard
quark:glass_shards:14, Green Glass Shard
quark:glass_shards:15, Red Glass Shard
quark:glass_shards:16, Black Glass Shard
quark:spruce_trapdoor, tile.spruce_trapdoor.name
quark:birch_trapdoor, tile.birch_trapdoor.name
quark:jungle_trapdoor, tile.jungle_trapdoor.name
quark:acacia_trapdoor, tile.acacia_trapdoor.name
quark:dark_oak_trapdoor, tile.dark_oak_trapdoor.name
quark:paper_wall, tile.paper_wall.name
quark:paper_wall_big, tile.paper_wall_big.name
quark:paper_wall_sakura, tile.paper_wall_sakura.name
quark:iron_ladder, tile.iron_ladder.name
quark:paper_lantern:0, Paper Lamp
quark:paper_lantern:1, Decorated Paper Lamp
quark:colored_flowerpot_white, tile.colored_flowerpot_white.name
quark:colored_flowerpot_orange, tile.colored_flowerpot_orange.name
quark:colored_flowerpot_magenta, tile.colored_flowerpot_magenta.name
quark:colored_flowerpot_light_blue, tile.colored_flowerpot_light_blue.name
quark:colored_flowerpot_yellow, tile.colored_flowerpot_yellow.name
quark:colored_flowerpot_lime, tile.colored_flowerpot_lime.name
quark:colored_flowerpot_pink, tile.colored_flowerpot_pink.name
quark:colored_flowerpot_gray, tile.colored_flowerpot_gray.name
quark:colored_flowerpot_silver, tile.colored_flowerpot_silver.name
quark:colored_flowerpot_cyan, tile.colored_flowerpot_cyan.name
quark:colored_flowerpot_purple, tile.colored_flowerpot_purple.name
quark:colored_flowerpot_blue, tile.colored_flowerpot_blue.name
quark:colored_flowerpot_brown, tile.colored_flowerpot_brown.name
quark:colored_flowerpot_green, tile.colored_flowerpot_green.name
quark:colored_flowerpot_red, tile.colored_flowerpot_red.name
quark:colored_flowerpot_black, tile.colored_flowerpot_black.name
quark:custom_bookshelf:0, Spruce Bookshelf
quark:custom_bookshelf:1, Birch Bookshelf
quark:custom_bookshelf:2, Jungle Bookshelf
quark:custom_bookshelf:3, Acacia Bookshelf
quark:custom_bookshelf:4, Dark Oak Bookshelf
quark:colored_item_frame:0, White Item Frame
quark:colored_item_frame:1, Orange Item Frame
quark:colored_item_frame:2, Magenta Item Frame
quark:colored_item_frame:3, Light Blue Item Frame
quark:colored_item_frame:4, Yellow Item Frame
quark:colored_item_frame:5, Lime Item Frame
quark:colored_item_frame:6, Pink Item Frame
quark:colored_item_frame:7, Gray Item Frame
quark:colored_item_frame:8, Light Gray Item Frame
quark:colored_item_frame:9, Cyan Item Frame
quark:colored_item_frame:10, Purple Item Frame
quark:colored_item_frame:11, Blue Item Frame
quark:colored_item_frame:12, Brown Item Frame
quark:colored_item_frame:13, Green Item Frame
quark:colored_item_frame:14, Red Item Frame
quark:colored_item_frame:15, Black Item Frame
quark:lit_lamp, tile.lit_lamp.name
quark:custom_chest:0, Spruce Chest
quark:custom_chest:1, Birch Chest
quark:custom_chest:2, Jungle Chest
quark:custom_chest:3, Acacia Chest
quark:custom_chest:4, Dark Oak Chest
quark:custom_chest_trap:0, Spruce Trapped Chest
quark:custom_chest_trap:1, Birch Trapped Chest
quark:custom_chest_trap:2, Jungle Trapped Chest
quark:custom_chest_trap:3, Acacia Trapped Chest
quark:custom_chest_trap:4, Dark Oak Trapped Chest
quark:candle:0, White Candle
quark:candle:1, Orange Candle
quark:candle:2, Magenta Candle
quark:candle:3, Light Blue Candle
quark:candle:4, Yellow Candle
quark:candle:5, Lime Candle
quark:candle:6, Pink Candle
quark:candle:7, Gray Candle
quark:candle:8, Light Gray Candle
quark:candle:9, Cyan Candle
quark:candle:10, Purple Candle
quark:candle:11, Blue Candle
quark:candle:12, Brown Candle
quark:candle:13, Green Candle
quark:candle:14, Red Candle
quark:candle:15, Black Candle
quark:tallow, Magic Tallow
quark:rope, tile.rope.name
quark:blaze_lantern, tile.blaze_lantern.name
quark:nether_brick_fence_gate, tile.nether_brick_fence_gate.name
quark:leaf_carpet:0, Oak Leaf Carpet
quark:leaf_carpet:1, Spruce Leaf Carpet
quark:leaf_carpet:2, Birch Leaf Carpet
quark:leaf_carpet:3, Jungle Leaf Carpet
quark:leaf_carpet:4, Acacia Leaf Carpet
quark:leaf_carpet:5, Dark Oak Leaf Carpet
quark:leaf_carpet:6, Swamp Oak Leaf Carpet
quark:leaf_carpet:7, Blossoming Leaf Carpet
quark:spruce_pressure_plate, tile.spruce_pressure_plate.name
quark:birch_pressure_plate, tile.birch_pressure_plate.name
quark:jungle_pressure_plate, tile.jungle_pressure_plate.name
quark:acacia_pressure_plate, tile.acacia_pressure_plate.name
quark:dark_oak_pressure_plate, tile.dark_oak_pressure_plate.name
quark:spruce_button, tile.spruce_button.name
quark:birch_button, tile.birch_button.name
quark:jungle_button, tile.jungle_button.name
quark:acacia_button, tile.acacia_button.name
quark:dark_oak_button, tile.dark_oak_button.name
quark:grate, tile.grate.name
quark:charcoal_block, tile.charcoal_block.name
quark:glass_item_frame, item.glass_item_frame.name
quark:pickarang, item.pickarang.name
quark:arrow_ender, item.arrow_ender.name
quark:arrow_explosive, item.arrow_explosive.name
quark:arrow_torch, item.arrow_torch.name
quark:slime_bucket:0, Slime in a Bucket
quark:rune:0, White Rune
quark:rune:1, Orange Rune
quark:rune:2, Magenta Rune
quark:rune:3, Light Blue Rune
quark:rune:4, Yellow Rune
quark:rune:5, Lime Rune
quark:rune:6, Pink Rune
quark:rune:7, Gray Rune
quark:rune:8, Light Gray Rune
quark:rune:9, Cyan Rune
quark:rune:10, Purple Rune
quark:rune:11, Blue Rune
quark:rune:12, Brown Rune
quark:rune:13, Green Rune
quark:rune:14, Red Rune
quark:rune:15, Black Rune
quark:rune:16, Rainbow Rune
quark:black_ash, tile.black_ash.name
quark:ancient_tome, item.ancient_tome.name
quark:horse_whistle, item.horse_whistle.name
quark:soul_powder, item.soul_powder.name
quark:parrot_egg:0, Red Parrot Egg
quark:parrot_egg:1, Blue Parrot Egg
quark:parrot_egg:2, Green Parrot Egg
quark:parrot_egg:3, Cyan Parrot Egg
quark:parrot_egg:4, Gray Parrot Egg
quark:enderdragon_scale, item.enderdragon_scale.name
quark:roots, tile.roots.name
quark:root, item.root.name
quark:roots_blue_flower, tile.roots_blue_flower.name
quark:roots_black_flower, tile.roots_black_flower.name
quark:roots_white_flower, tile.roots_white_flower.name
quark:root_flower:0, Blue Sprout
quark:root_flower:1, Black Sprout
quark:root_flower:2, White Sprout
quark:root_dye:0, Blue Dye
quark:root_dye:1, Black Dye
quark:root_dye:2, White Dye
quark:diamond_heart, item.diamond_heart.name
quark:archaeologist_hat, item.archaeologist_hat.name
quark:variant_leaves:0, Swamp Oak Leaves
quark:variant_leaves:1, Blossoming Leaves
quark:variant_sapling:0, Swamp Oak Sapling
quark:variant_sapling:1, Blossoming Sapling
quark:crystal:0, White Cave Crystal
quark:crystal:1, Red Cave Crystal
quark:crystal:2, Orange Cave Crystal
quark:crystal:3, Yellow Cave Crystal
quark:crystal:4, Green Cave Crystal
quark:crystal:5, Blue Cave Crystal
quark:crystal:6, Indigo Cave Crystal
quark:crystal:7, Violet Cave Crystal
quark:crystal:8, Black Cave Crystal
quark:crystal_pane:0, White Cave Crystal Sheet
quark:crystal_pane:1, Red Cave Crystal Sheet
quark:crystal_pane:2, Orange Cave Crystal Sheet
quark:crystal_pane:3, Yellow Cave Crystal Sheet
quark:crystal_pane:4, Green Cave Crystal Sheet
quark:crystal_pane:5, Blue Cave Crystal Sheet
quark:crystal_pane:6, Indigo Cave Crystal Sheet
quark:crystal_pane:7, Violet Cave Crystal Sheet
quark:crystal_pane:8, Black Cave Crystal Sheet
quark:stone_speleothem, tile.stone_speleothem.name
quark:granite_speleothem, tile.granite_speleothem.name
quark:diorite_speleothem, tile.diorite_speleothem.name
quark:andesite_speleothem, tile.andesite_speleothem.name
quark:netherrack_speleothem, tile.netherrack_speleothem.name
quark:basalt_speleothem, tile.basalt_speleothem.name
quark:marble_speleothem, tile.marble_speleothem.name
quark:limestone_speleothem, tile.limestone_speleothem.name
quark:jasper_speleothem, tile.jasper_speleothem.name
quark:slate_speleothem, tile.slate_speleothem.name
quark:biotite_ore, tile.biotite_ore.name
quark:biotite_block:0, Block of Biotite
quark:biotite_block:1, Chiseled Biotite Block
quark:biotite_block:2, Pillar Biotite Block
quark:biotite, item.biotite.name
quark:biotite_slab:0, Biotite Slab
quark:biotite_stairs, tile.biotite_stairs.name
quark:biotite_wall, tile.biotite_wall.name
quark:monster_box, tile.monster_box.name
quark:basalt:0, Basalt
quark:basalt:1, Polished Basalt
quark:stone_basalt_slab:0, Basalt Slab
quark:stone_basalt_stairs, tile.stone_basalt_stairs.name
quark:basalt_wall, tile.basalt_wall.name
quark:frog_leg, item.frog_leg.name
quark:cooked_frog_leg, item.cooked_frog_leg.name
quark:golden_frog_leg, item.golden_frog_leg.name
quark:pirate_hat, item.pirate_hat.name
quark:crab_leg, item.crab_leg.name
quark:cooked_crab_leg, item.cooked_crab_leg.name
quark:crab_shell, item.crab_shell.name
quark:marble:0, Marble
quark:marble:1, Polished Marble
quark:stone_marble_slab:0, Marble Slab
quark:stone_marble_stairs, tile.stone_marble_stairs.name
quark:marble_wall, tile.marble_wall.name
quark:limestone:0, Limestone
quark:limestone:1, Polished Limestone
quark:stone_limestone_slab:0, Limestone Slab
quark:stone_limestone_stairs, tile.stone_limestone_stairs.name
quark:limestone_wall, tile.limestone_wall.name
quark:jasper:0, Jasper
quark:jasper:1, Polished Jasper
quark:stone_jasper_slab:0, Jasper Slab
quark:stone_jasper_stairs, tile.stone_jasper_stairs.name
quark:jasper_wall, tile.jasper_wall.name
quark:slate:0, Slate
quark:slate:1, Polished Slate
quark:stone_slate_slab:0, Slate Slab
quark:stone_slate_stairs, tile.stone_slate_stairs.name
quark:slate_wall, tile.slate_wall.name
quark:biome_cobblestone:0, Brimstone
quark:biome_cobblestone:1, Permafrost
quark:biome_cobblestone:2, Cobbedstone
quark:biome_brick:0, Brimstone Bricks
quark:biome_brick:1, Permafrost Bricks
quark:elder_prismarine:0, Elder Prismarine
quark:elder_prismarine:1, Elder Prismarine Bricks
quark:elder_prismarine:2, Dark Elder Prismarine
quark:elder_sea_lantern, tile.elder_sea_lantern.name
quark:fire_stone_slab:0, Brimstone Slab
quark:fire_stone_stairs, tile.fire_stone_stairs.name
quark:fire_stone_brick_slab:0, Brimstone Bricks Slab
quark:fire_stone_brick_stairs, tile.fire_stone_brick_stairs.name
quark:icy_stone_slab:0, Permafrost Slab
quark:icy_stone_stairs, tile.icy_stone_stairs.name
quark:icy_stone_brick_slab:0, Permafrost Bricks Slab
quark:icy_stone_brick_stairs, tile.icy_stone_brick_stairs.name
quark:cobbed_stone_slab:0, Cobbedstone Slab
quark:cobbed_stone_stairs, tile.cobbed_stone_stairs.name
quark:elder_prismarine_slab:0, Elder Prismarine Slab
quark:elder_prismarine_stairs, tile.elder_prismarine_stairs.name
quark:elder_prismarine_bricks_slab:0, Elder Prismarine Brick Slab
quark:elder_prismarine_bricks_stairs, tile.elder_prismarine_bricks_stairs.name
quark:elder_prismarine_dark_slab:0, Dark Elder Prismarine Slab
quark:elder_prismarine_dark_stairs, tile.elder_prismarine_dark_stairs.name
quark:fire_stone_wall, tile.fire_stone_wall.name
quark:icy_stone_wall, tile.icy_stone_wall.name
quark:cobbed_stone_wall, tile.cobbed_stone_wall.name
quark:fire_stone_brick_wall, tile.fire_stone_brick_wall.name
quark:icy_stone_brick_wall, tile.icy_stone_brick_wall.name
quark:elder_prismarine_wall, tile.elder_prismarine_wall.name
quark:elder_prismarine_bricks_wall, tile.elder_prismarine_bricks_wall.name
quark:elder_prismarine_dark_wall, tile.elder_prismarine_dark_wall.name
quark:glowcelium, tile.glowcelium.name
quark:glowshroom, tile.glowshroom.name
quark:glowshroom_block, tile.glowshroom_block.name
quark:soul_bead, item.soul_bead.name
quark:smoker, Smoker
quark:sandstone_new:0, Polished Sandstone
quark:sandstone_new:1, Sandstone Bricks
quark:sandstone_new:2, Polished Red Sandstone
quark:sandstone_new:3, Red Sandstone Bricks
quark:sandstone_new:4, Polished Soul Sandstone
quark:sandstone_new:5, Soul Sandstone Bricks
quark:sandstone_bricks_stairs, tile.sandstone_bricks_stairs.name
quark:red_sandstone_bricks_stairs, tile.red_sandstone_bricks_stairs.name
quark:soul_sandstone_bricks_stairs, tile.soul_sandstone_bricks_stairs.name
quark:sandstone_smooth_slab:0, Polished Sandstone Slab
quark:sandstone_bricks_slab:0, Sandstone Brick Slab
quark:red_sandstone_smooth_slab:0, Polished Red Sandstone Slab
quark:red_sandstone_bricks_slab:0, Red Sandstone Brick Slab
quark:soul_sandstone_smooth_slab:0, Polished Soul Sandstone Slab
quark:soul_sandstone_bricks_slab:0, Soul Sandstone Brick Slab
quark:polished_stone, tile.polished_stone.name
quark:stone_wall, tile.stone_wall.name
quark:stone_granite_wall, tile.stone_granite_wall.name
quark:stone_diorite_wall, tile.stone_diorite_wall.name
quark:stone_andesite_wall, tile.stone_andesite_wall.name
quark:sandstone_wall, tile.sandstone_wall.name
quark:red_sandstone_wall, tile.red_sandstone_wall.name
quark:stonebrick_wall, tile.stonebrick_wall.name
quark:brick_wall, tile.brick_wall.name
quark:quartz_wall, tile.quartz_wall.name
quark:prismarine_rough_wall, tile.prismarine_rough_wall.name
quark:prismarine_bricks_wall, tile.prismarine_bricks_wall.name
quark:dark_prismarine_wall, tile.dark_prismarine_wall.name
quark:purpur_block_wall, tile.purpur_block_wall.name
quark:end_bricks_wall, tile.end_bricks_wall.name
quark:stonebrick_mossy_wall, tile.stonebrick_mossy_wall.name
quark:stained_planks:0, White Stained Planks
quark:stained_planks:1, Orange Stained Planks
quark:stained_planks:2, Magenta Stained Planks
quark:stained_planks:3, Light Blue Stained Planks
quark:stained_planks:4, Yellow Stained Planks
quark:stained_planks:5, Lime Stained Planks
quark:stained_planks:6, Pink Stained Planks
quark:stained_planks:7, Gray Stained Planks
quark:stained_planks:8, Light Gray Stained Planks
quark:stained_planks:9, Cyan Stained Planks
quark:stained_planks:10, Purple Stained Planks
quark:stained_planks:11, Blue Stained Planks
quark:stained_planks:12, Brown Stained Planks
quark:stained_planks:13, Green Stained Planks
quark:stained_planks:14, Red Stained Planks
quark:stained_planks:15, Black Stained Planks
quark:stained_planks_white_stairs, tile.stained_planks_white_stairs.name
quark:stained_planks_orange_stairs, tile.stained_planks_orange_stairs.name
quark:stained_planks_magenta_stairs, tile.stained_planks_magenta_stairs.name
quark:stained_planks_light_blue_stairs, tile.stained_planks_light_blue_stairs.name
quark:stained_planks_yellow_stairs, tile.stained_planks_yellow_stairs.name
quark:stained_planks_lime_stairs, tile.stained_planks_lime_stairs.name
quark:stained_planks_pink_stairs, tile.stained_planks_pink_stairs.name
quark:stained_planks_gray_stairs, tile.stained_planks_gray_stairs.name
quark:stained_planks_silver_stairs, tile.stained_planks_silver_stairs.name
quark:stained_planks_cyan_stairs, tile.stained_planks_cyan_stairs.name
quark:stained_planks_purple_stairs, tile.stained_planks_purple_stairs.name
quark:stained_planks_blue_stairs, tile.stained_planks_blue_stairs.name
quark:stained_planks_brown_stairs, tile.stained_planks_brown_stairs.name
quark:stained_planks_green_stairs, tile.stained_planks_green_stairs.name
quark:stained_planks_red_stairs, tile.stained_planks_red_stairs.name
quark:stained_planks_black_stairs, tile.stained_planks_black_stairs.name
quark:stained_planks_white_slab:0, White Stained Wood Slab
quark:stained_planks_orange_slab:0, Orange Stained Wood Slab
quark:stained_planks_magenta_slab:0, Magenta Stained Wood Slab
quark:stained_planks_light_blue_slab:0, Light Blue Stained Wood Slab
quark:stained_planks_yellow_slab:0, Yellow Stained Wood Slab
quark:stained_planks_lime_slab:0, Lime Stained Wood Slab
quark:stained_planks_pink_slab:0, Pink Stained Wood Slab
quark:stained_planks_gray_slab:0, Gray Stained Wood Slab
quark:stained_planks_silver_slab:0, Light Gray Stained Wood Slab
quark:stained_planks_cyan_slab:0, Cyan Stained Wood Slab
quark:stained_planks_purple_slab:0, Purple Stained Wood Slab
quark:stained_planks_blue_slab:0, Blue Stained Wood Slab
quark:stained_planks_brown_slab:0, Brown Stained Wood Slab
quark:stained_planks_green_slab:0, Green Stained Wood Slab
quark:stained_planks_red_slab:0, Red Stained Wood Slab
quark:stained_planks_black_slab:0, Black Stained Wood Slab
quark:hardened_clay_tiles, tile.hardened_clay_tiles.name
quark:hardened_clay_tiles_stairs, tile.hardened_clay_tiles_stairs.name
quark:hardened_clay_tiles_slab:0, Terracotta Shingle Slab
quark:stained_clay_tiles:0, White Terracotta Shingles
quark:stained_clay_tiles:1, Orange Terracotta Shingles
quark:stained_clay_tiles:2, Magenta Terracotta Shingles
quark:stained_clay_tiles:3, Light Blue Terracotta Shingles
quark:stained_clay_tiles:4, Yellow Terracotta Shingles
quark:stained_clay_tiles:5, Lime Terracotta Shingles
quark:stained_clay_tiles:6, Pink Terracotta Shingles
quark:stained_clay_tiles:7, Gray Terracotta Shingles
quark:stained_clay_tiles:8, Light Gray Terracotta Shingles
quark:stained_clay_tiles:9, Cyan Terracotta Shingles
quark:stained_clay_tiles:10, Purple Terracotta Shingles
quark:stained_clay_tiles:11, Blue Terracotta Shingles
quark:stained_clay_tiles:12, Brown Terracotta Shingles
quark:stained_clay_tiles:13, Green Terracotta Shingles
quark:stained_clay_tiles:14, Red Terracotta Shingles
quark:stained_clay_tiles:15, Black Terracotta Shingles
quark:stained_clay_tiles_white_stairs, tile.stained_clay_tiles_white_stairs.name
quark:stained_clay_tiles_orange_stairs, tile.stained_clay_tiles_orange_stairs.name
quark:stained_clay_tiles_magenta_stairs, tile.stained_clay_tiles_magenta_stairs.name
quark:stained_clay_tiles_light_blue_stairs, tile.stained_clay_tiles_light_blue_stairs.name
quark:stained_clay_tiles_yellow_stairs, tile.stained_clay_tiles_yellow_stairs.name
quark:stained_clay_tiles_lime_stairs, tile.stained_clay_tiles_lime_stairs.name
quark:stained_clay_tiles_pink_stairs, tile.stained_clay_tiles_pink_stairs.name
quark:stained_clay_tiles_gray_stairs, tile.stained_clay_tiles_gray_stairs.name
quark:stained_clay_tiles_silver_stairs, tile.stained_clay_tiles_silver_stairs.name
quark:stained_clay_tiles_cyan_stairs, tile.stained_clay_tiles_cyan_stairs.name
quark:stained_clay_tiles_purple_stairs, tile.stained_clay_tiles_purple_stairs.name
quark:stained_clay_tiles_blue_stairs, tile.stained_clay_tiles_blue_stairs.name
quark:stained_clay_tiles_brown_stairs, tile.stained_clay_tiles_brown_stairs.name
quark:stained_clay_tiles_green_stairs, tile.stained_clay_tiles_green_stairs.name
quark:stained_clay_tiles_red_stairs, tile.stained_clay_tiles_red_stairs.name
quark:stained_clay_tiles_black_stairs, tile.stained_clay_tiles_black_stairs.name
quark:stained_clay_tiles_white_slab:0, White Terracotta Shingle Slab
quark:stained_clay_tiles_orange_slab:0, Orange Terracotta Shingle Slab
quark:stained_clay_tiles_magenta_slab:0, Magenta Terracotta Shingle Slab
quark:stained_clay_tiles_light_blue_slab:0, Light Blue Terracotta Shingle Slab
quark:stained_clay_tiles_yellow_slab:0, Yellow Terracotta Shingle Slab
quark:stained_clay_tiles_lime_slab:0, Lime Terracotta Shingle Slab
quark:stained_clay_tiles_pink_slab:0, Pink Terracotta Shingle Slab
quark:stained_clay_tiles_gray_slab:0, Gray Terracotta Shingle Slab
quark:stained_clay_tiles_silver_slab:0, Light Gray Terracotta Shingle Slab
quark:stained_clay_tiles_cyan_slab:0, Cyan Terracotta Shingle Slab
quark:stained_clay_tiles_purple_slab:0, Purple Terracotta Shingle Slab
quark:stained_clay_tiles_blue_slab:0, Blue Terracotta Shingle Slab
quark:stained_clay_tiles_brown_slab:0, Brown Terracotta Shingle Slab
quark:stained_clay_tiles_green_slab:0, Green Terracotta Shingle Slab
quark:stained_clay_tiles_red_slab:0, Red Terracotta Shingle Slab
quark:stained_clay_tiles_black_slab:0, Black Terracotta Shingle Slab
quark:bark:0, Oak Bark
quark:bark:1, Spruce Bark
quark:bark:2, Birch Bark
quark:bark:3, Jungle Bark
quark:bark:4, Acacia Bark
quark:bark:5, Dark Oak Bark
quark:bark_oak_wall, tile.bark_oak_wall.name
quark:bark_oak_stairs, tile.bark_oak_stairs.name
quark:bark_oak_slab:0, Oak Bark Slab
quark:bark_spruce_wall, tile.bark_spruce_wall.name
quark:bark_spruce_stairs, tile.bark_spruce_stairs.name
quark:bark_spruce_slab:0, Spruce Bark Slab
quark:bark_birch_wall, tile.bark_birch_wall.name
quark:bark_birch_stairs, tile.bark_birch_stairs.name
quark:bark_birch_slab:0, Birch Bark Slab
quark:bark_jungle_wall, tile.bark_jungle_wall.name
quark:bark_jungle_stairs, tile.bark_jungle_stairs.name
quark:bark_jungle_slab:0, Jungle Bark Slab
quark:bark_acacia_wall, tile.bark_acacia_wall.name
quark:bark_acacia_stairs, tile.bark_acacia_stairs.name
quark:bark_acacia_slab:0, Acacia Bark Slab
quark:bark_dark_oak_wall, tile.bark_dark_oak_wall.name
quark:bark_dark_oak_stairs, tile.bark_dark_oak_stairs.name
quark:bark_dark_oak_slab:0, Dark Oak Bark Slab
quark:sturdy_stone, tile.sturdy_stone.name
quark:iron_plate:0, Iron Plate
quark:iron_plate:1, Rusty Iron Plate
quark:iron_plate_stairs, tile.iron_plate_stairs.name
quark:iron_plate_slab:0, Iron Plate Slab
quark:sandy_bricks, tile.sandy_bricks.name
quark:sandy_bricks_stairs, tile.sandy_bricks_stairs.name
quark:sandy_bricks_slab:0, Sandy Brick Slab
quark:sandy_bricks_wall, tile.sandy_bricks_wall.name
quark:stone_stairs, tile.stone_stairs.name
quark:stone_granite_stairs, tile.stone_granite_stairs.name
quark:stone_granite_slab:0, Granite Slab
quark:stone_diorite_stairs, tile.stone_diorite_stairs.name
quark:stone_diorite_slab:0, Diorite Slab
quark:stone_andesite_stairs, tile.stone_andesite_stairs.name
quark:stone_andesite_slab:0, Andesite Slab
quark:end_bricks_stairs, tile.end_bricks_stairs.name
quark:end_bricks_slab:0, End Brick Slab
quark:prismarine_stairs, tile.prismarine_stairs.name
quark:prismarine_slab:0, Prismarine Slab
quark:prismarine_bricks_stairs, tile.prismarine_bricks_stairs.name
quark:prismarine_bricks_slab:0, Prismarine Brick Slab
quark:prismarine_dark_stairs, tile.prismarine_dark_stairs.name
quark:prismarine_dark_slab:0, Dark Prismarine Slab
quark:red_nether_brick_stairs, tile.red_nether_brick_stairs.name
quark:red_nether_brick_slab:0, Red Nether Brick Slab
quark:cobblestone_mossy_stairs, tile.cobblestone_mossy_stairs.name
quark:cobblestone_mossy_slab:0, Moss Stone Slab
quark:stonebrick_mossy_stairs, tile.stonebrick_mossy_stairs.name
quark:stonebrick_mossy_slab:0, Mossy Stone Brick Slab
quark:thatch, Thatch
quark:thatch_stairs, Thatch Stairs
quark:thatch_slab:0, Thatch Slab
quark:charred_nether_bricks, tile.charred_nether_bricks.name
quark:charred_nether_brick_stairs, tile.charred_nether_brick_stairs.name
quark:charred_nether_brick_slab:0, Charred Nether Brick Slab
quark:world_stone_bricks:0, Granite Bricks
quark:world_stone_bricks:1, Diorite Bricks
quark:world_stone_bricks:2, Andesite Bricks
quark:world_stone_bricks:3, Basalt Bricks
quark:world_stone_bricks:4, Marble Bricks
quark:world_stone_bricks:5, Limestone Bricks
quark:world_stone_bricks:6, Jasper Bricks
quark:world_stone_bricks:7, Slate Bricks
quark:world_stone_carved:0, Chiseled Granite Bricks
quark:world_stone_carved:1, Chiseled Diorite Bricks
quark:world_stone_carved:2, Chiseled Andesite Bricks
quark:world_stone_carved:3, Chiseled Basalt Bricks
quark:world_stone_carved:4, Chiseled Marble Bricks
quark:world_stone_carved:5, Chiseled Limestone Bricks
quark:world_stone_carved:6, Chiseled Jasper Bricks
quark:world_stone_carved:7, Chiseled Slate Bricks
quark:stone_granite_bricks_stairs, tile.stone_granite_bricks_stairs.name
quark:stone_granite_bricks_slab:0, Granite Brick Slab
quark:stone_diorite_bricks_stairs, tile.stone_diorite_bricks_stairs.name
quark:stone_diorite_bricks_slab:0, Diorite Brick Slab
quark:stone_andesite_bricks_stairs, tile.stone_andesite_bricks_stairs.name
quark:stone_andesite_bricks_slab:0, Andesite Brick Slab
quark:stone_basalt_bricks_stairs, tile.stone_basalt_bricks_stairs.name
quark:stone_basalt_bricks_slab:0, Basalt Brick Slab
quark:stone_marble_bricks_stairs, tile.stone_marble_bricks_stairs.name
quark:stone_marble_bricks_slab:0, Marble Brick Slab
quark:stone_limestone_bricks_stairs, tile.stone_limestone_bricks_stairs.name
quark:stone_limestone_bricks_slab:0, Limestone Brick Slab
quark:stone_jasper_bricks_stairs, tile.stone_jasper_bricks_stairs.name
quark:stone_jasper_bricks_slab:0, Jasper Brick Slab
quark:stone_slate_bricks_stairs, tile.stone_slate_bricks_stairs.name
quark:stone_slate_bricks_slab:0, Slate Brick Slab
quark:stone_granite_bricks_wall, tile.stone_granite_bricks_wall.name
quark:stone_diorite_bricks_wall, tile.stone_diorite_bricks_wall.name
quark:stone_andesite_bricks_wall, tile.stone_andesite_bricks_wall.name
quark:stone_basalt_bricks_wall, tile.stone_basalt_bricks_wall.name
quark:stone_marble_bricks_wall, tile.stone_marble_bricks_wall.name
quark:stone_limestone_bricks_wall, tile.stone_limestone_bricks_wall.name
quark:stone_jasper_bricks_wall, tile.stone_jasper_bricks_wall.name
quark:stone_slate_bricks_wall, tile.stone_slate_bricks_wall.name
quark:midori_block, tile.midori_block.name
quark:midori_pillar, tile.midori_pillar.name
quark:midori_block_stairs, tile.midori_block_stairs.name
quark:midori_block_slab:0, Midori Slab
quark:midori_block_wall, tile.midori_block_wall.name
quark:magma_bricks, tile.magma_bricks.name
quark:magma_bricks_stairs, tile.magma_bricks_stairs.name
quark:magma_bricks_slab:0, Magma Brick Slab
quark:vertical_planks:0, Vertical Oak Wood Planks
quark:vertical_planks:1, Vertical Spruce Wood Planks
quark:vertical_planks:2, Vertical Birch Wood Planks
quark:vertical_planks:3, Vertical Jungle Wood Planks
quark:vertical_planks:4, Vertical Acacia Wood Planks
quark:vertical_planks:5, Vertical Dark Oak Wood Planks
quark:vertical_stained_planks:0, Vertical White Stained Planks
quark:vertical_stained_planks:1, Vertical Orange Stained Planks
quark:vertical_stained_planks:2, Vertical Magenta Stained Planks
quark:vertical_stained_planks:3, Vertical Light Blue Stained Planks
quark:vertical_stained_planks:4, Vertical Yellow Stained Planks
quark:vertical_stained_planks:5, Vertical Lime Stained Planks
quark:vertical_stained_planks:6, Vertical Pink Stained Planks
quark:vertical_stained_planks:7, Vertical Gray Stained Planks
quark:vertical_stained_planks:8, Vertical Light Gray Stained Planks
quark:vertical_stained_planks:9, Vertical Cyan Stained Planks
quark:vertical_stained_planks:10, Vertical Purple Stained Planks
quark:vertical_stained_planks:11, Vertical Blue Stained Planks
quark:vertical_stained_planks:12, Vertical Brown Stained Planks
quark:vertical_stained_planks:13, Vertical Green Stained Planks
quark:vertical_stained_planks:14, Vertical Red Stained Planks
quark:vertical_stained_planks:15, Vertical Black Stained Planks
quark:duskbound_block, tile.duskbound_block.name
quark:duskbound_lantern, tile.duskbound_lantern.name
quark:duskbound_block_stairs, tile.duskbound_block_stairs.name
quark:duskbound_block_slab:0, Duskbound Slab
quark:duskbound_block_wall, tile.duskbound_block_wall.name
quark:world_stone_pavement:0, Granite Pavement
quark:world_stone_pavement:1, Diorite Pavement
quark:world_stone_pavement:2, Andesite Pavement
quark:world_stone_pavement:3, Basalt Pavement
quark:world_stone_pavement:4, Marble Pavement
quark:world_stone_pavement:5, Limestone Pavement
quark:world_stone_pavement:6, Jasper Pavement
quark:world_stone_pavement:7, Slate Pavement
quark:reed_block, tile.reed_block.name
quark:reed_block_stairs, tile.reed_block_stairs.name
quark:reed_block_slab:0, Sugar Cane Slab
quark:reed_block_wall, tile.reed_block_wall.name
quark:snow_bricks, tile.snow_bricks.name
quark:snow_bricks_stairs, tile.snow_bricks_stairs.name
quark:snow_bricks_slab:0, Snow Brick Slab
quark:snow_bricks_wall, tile.snow_bricks_wall.name
quark:carved_wood:0, Carved Oak Wood
quark:carved_wood:1, Carved Spruce Wood
quark:carved_wood:2, Carved Birch Wood
quark:carved_wood:3, Carved Jungle Wood
quark:carved_wood:4, Carved Acacia Wood
quark:carved_wood:5, Carved Dark Oak Wood
quark:soul_sandstone:0, Soul Sandstone
quark:soul_sandstone:1, Chiseled Soul Sandstone
quark:soul_sandstone:2, Smooth Soul Sandstone
quark:soul_sandstone_slab:0, Soul Sandstone Slab
quark:soul_sandstone_stairs, tile.soul_sandstone_stairs.name
quark:soul_sandstone_wall, tile.soul_sandstone_wall.name
quark:turf, tile.turf.name
quark:turf_stairs, tile.turf_stairs.name
quark:turf_slab:0, Turf Slab
quark:framed_glass, tile.framed_glass.name
quark:framed_glass_pane, tile.framed_glass_pane.name
quark:polished_netherrack:0, Netherwrought Stone
quark:polished_netherrack:1, Netherwrought Bricks
quark:polished_netherrack_bricks_stairs, tile.polished_netherrack_bricks_stairs.name
quark:polished_netherrack_bricks_slab:0, Netherwrought Brick Slab
quark:polished_netherrack_bricks_wall, tile.polished_netherrack_bricks_wall.name
quark:trowel, item.trowel.name
quark:quilted_wool:0, White Quilted Wool
quark:quilted_wool:1, Orange Quilted Wool
quark:quilted_wool:2, Magenta Quilted Wool
quark:quilted_wool:3, Light Blue Quilted Wool
quark:quilted_wool:4, Yellow Quilted Wool
quark:quilted_wool:5, Lime Quilted Wool
quark:quilted_wool:6, Pink Quilted Wool
quark:quilted_wool:7, Gray Quilted Wool
quark:quilted_wool:8, Light Gray Quilted Wool
quark:quilted_wool:9, Cyan Quilted Wool
quark:quilted_wool:10, Purple Quilted Wool
quark:quilted_wool:11, Blue Quilted Wool
quark:quilted_wool:12, Brown Quilted Wool
quark:quilted_wool:13, Green Quilted Wool
quark:quilted_wool:14, Red Quilted Wool
quark:quilted_wool:15, Black Quilted Wool
quark:witch_hat, item.witch_hat.name
bno:ingot_copper, Copper Ingot
bno:ingot_tin, Tin Ingot
bno:nugget_copper, Copper Nugget
bno:nugget_tin, Tin Nugget
bno:ore_netheremerald, Nether Emerald Ore
bno:ore_netherdiamond, Nether Diamond Ore
bno:ore_netherredstone, Nether Redstone Ore
bno:ore_netherlapis, Nether Lapis Ore
bno:ore_nethercoal, Nether Coal Ore
bno:ore_nethergold, Nether Gold Ore
bno:ore_netheriron, Nether Iron Ore
bno:ore_nethercopper, Nether Copper Ore
bno:ore_nethertin, Nether Tin Ore
bno:block_copper, Copper Block
bno:block_tin, Tin Block
ancientbeasts:pokey, Pokey
ancientbeasts:skewer, Skewer
ancientbeasts:spiky, Spike
ancientbeasts:moving_light_source, tile.moving_light_source.name
ancientbeasts:stick_wall, Block of Sticks
ancientbeasts:thatch, Thatch
ancientbeasts:cursed_log, Weeping Log
ancientbeasts:cursed_plank, Weeping Planks
ancientbeasts:cursed_stairs, Weeping Stairs
ancientbeasts:cursed_slab_half:0, Weeping Slab
ancientbeasts:cursed_fence, Weeping Fence
ancientbeasts:cursed_gate, Weeping Fence Gate
ancientbeasts:cursed_door, Weeping Door
ancientbeasts:cursed_leaves, Weeping Leaves
ancientbeasts:hanging_leaves, Strange Fruit
ancientbeasts:cursed_sapling, Weeping Sapling
ancientbeasts:green_torch, Weeping Torch
ancientbeasts:sandmonster_scale, Sandmonster Scale
ancientbeasts:shield_book, Occult Tome
ancientbeasts:cactus_broth, Cactus Broth
ancientbeasts:logo_beast, Fire Mask
ancientbeasts:sandy_love, item.sandy_love.name
ancientbeasts:ectoplasm, Ectoplasm
ancientbeasts:tough_glove:0, Tough Glove
ancientbeasts:ice_dart:0, Ice Spikes
ancientbeasts:ice_dart:1, Ice Spikes
ancientbeasts:ice_wand, Ice Wand
ancientbeasts:ice_wand_red, Frostblood Wand
ancientbeasts:vessel, Vessel
ancientbeasts:spike, Spikes
ancientbeasts:charred_fur, Charred Fur
ancientbeasts:charred_cloak, Charred Cloak
ancientbeasts:miner_helmet, Miner Helmet
ancientbeasts:bestiary, Beastiarium
ancientbeasts:rifted_pearl, Rifted Ender Pearl
ancientbeasts:cursed_wood, Cursed Wood
ancientbeasts:spear, Spear
ancientbeasts:tribe_staff, Spiritweaver's Staff
ancientbeasts:wisp_torch, Wisp Torch
ancientbeasts:mysterious_dust, Mysterious Dust
ancientbeasts:wisp_bottle:0, Wisp in a Bottle
ancientbeasts:wisp_bottle:1, Wisp in a Bottle
ancientbeasts:wisp_bottle:2, Wisp in a Bottle
ancientbeasts:wisp_bottle:3, Wisp in a Bottle
ancientbeasts:kunai, Kunai
ancientbeasts:dark_goop, Dark Essence
ancientbeasts:windforce_dart, Windforce Dart
ancientbeasts:windforce, Windforce
ancientbeasts:broken_talisman, Broken Talisman
ancientbeasts:ancient_tablet, Ancient Tablet
ancientbeasts:cloth, Cloth
ancientbeasts:concoction, Concoction
ancientbeasts:irongrass, Irongrass
ancientbeasts:wisp_locket, Wisp Locket
ancientbeasts:protection_talisman, Protection Talisman
ancientbeasts:blast_skull, Blast Skull
ancientbeasts:tamers_charm, Bone whistle
ancientbeasts:warriors_lock, Warrior's Lock
ancientbeasts:dream_catcher, Dream Catcher
ancientbeasts:magic_feather, Magical Feather
ancientbeasts:hunters_eye, Hunter's Eye
ancientbeasts:bountiful_sack, Bountiful Sack
ancientbeasts:wolf_amulet, Monster Amulet
ancientbeasts:fire_key, Fire Rune
ancientbeasts:agility_talon, Agility Talon
ancientbeasts:telekinesis, Telekinesis
ancientbeasts:water_rune, Water Rune
ancientbeasts:mossy_whetstone, Mossy Whetstone
ancientbeasts:ocelot_paw, Ocelot Paw
ancientbeasts:fire_horn, Ignited's horn
ancientbeasts:fire_rain, Fire rain
ancientbeasts:traitors_blade, Traitor's Blade
ancientbeasts:hungry_tooth, Hungry Tooth
ancientbeasts:glass_shard, Glass Shards
ancientbeasts:heart_amulet, Heart Amulet
ancientbeasts:miners_charm, Miner's Charm
ancientbeasts:leech, Potion Leech
ancientbeasts:fish_tail, Fish Tail
ancientbeasts:heavy_rock, Heavy Rock
ancientbeasts:blazing_spring, Blazing Spring
ancientbeasts:light_feather, Light Feather
ancientbeasts:marauder_mask, Marauder Mask
ancientbeasts:hunter_mask, Hunter Mask
ancientbeasts:scorcher_mask, Scorcher Mask
ancientbeasts:spiritweaver_mask, Spiritweaver Mask
ancientbeasts:storm_bottle:0, Storm in a Bottle
ancientbeasts:storm_bottle:1, Rain in a Bottle
ancientbeasts:storm_bottle:2, Cloud in a Bottle
ancientbeasts:scale_armor, Desert Robes
ancientbeasts:scale_hood, Desert Hood
ancientbeasts:strange_potion, Mysterious Liquid
ancientbeasts:test, Treehouse Village Generator
ancientbeasts:garlic_neck, Garlic Necklace
ancientbeasts:succubus_amulet, Heart Locket
ancientbeasts:vessel_blueprint, Vessel Blueprint
ancientbeasts:undead_necklace, Undead Necklace
netherex:gloomy_netherbrick, Gloomy Nether Brick
netherex:lively_netherbrick, Lively Nether Brick
netherex:fiery_netherbrick, Fiery Nether Brick
netherex:icy_netherbrick, Icy Nether Brick
netherex:wither_bone, Wither Bone
netherex:wither_dust, Wither Dust
netherex:frost_rod, Frost Rod
netherex:frost_powder, Frost Powder
netherex:blazed_wither_bone, Blazed Wither Bone
netherex:frosted_wither_bone, Frosted Wither Bone
netherex:orange_salamander_hide, Orange Salamander Hide
netherex:black_salamander_hide, Black Salamander Hide
netherex:amethyst_crystal, Nether Amethyst Crystal
netherex:rime_crystal, Nether Rime Crystal
netherex:rime_and_steel, Rime and Steel
netherex:spore, Spore
netherex:coolmar_spider_fang, Frost Fang
netherex:ghast_queen_tear, Ghast Queen Tears
netherex:obsidian_boat, Obsidian Boat
netherex:ghast_meat_raw, Raw Ghast Meat
netherex:ghast_meat_cooked, Cooked Ghast Meat
netherex:congealed_magma_cream, Congealed Magma Cream
netherex:enoki_mushroom, Enoki Mushroom
netherex:dull_mirror, Dull Mirror
netherex:withered_amedian_sword, Withered Amedian Sword
netherex:withered_amedian_pickaxe, Withered Amedian Pickaxe
netherex:withered_amedian_shovel, Withered Amedian Shovel
netherex:withered_amedian_axe, Withered Amedian Axe
netherex:withered_amedian_hoe, Withered Amedian Hoe
netherex:withered_amedian_hammer, Withered Amedian Hammer
netherex:blazed_amedian_sword, Blazed Amedian Sword
netherex:blazed_amedian_pickaxe, Blazed Amedian Pickaxe
netherex:blazed_amedian_shovel, Blazed Amedian Shovel
netherex:blazed_amedian_axe, Blazed Amedian Axe
netherex:blazed_amedian_hoe, Blazed Amedian Hoe
netherex:blazed_amedian_hammer, Blazed Amedian Hammer
netherex:frosted_amedian_sword, Frosted Amedian Sword
netherex:frosted_amedian_pickaxe, Frosted Amedian Pickaxe
netherex:frosted_amedian_shovel, Frosted Amedian Shovel
netherex:frosted_amedian_axe, Frosted Amedian Axe
netherex:frosted_amedian_hoe, Frosted Amedian Hoe
netherex:frosted_amedian_hammer, Frosted Amedian Hammer
netherex:wither_bone_helmet, Wither Bone Helmet
netherex:wither_bone_chestplate, Wither Bone Chestplate
netherex:wither_bone_leggings, Wither Bone Leggings
netherex:wither_bone_boots, Wither Bone Boots
netherex:orange_salamander_hide_helmet, Orange Salamander Hide Helmet
netherex:orange_salamander_hide_chestplate, Orange Salamander Hide Chestplate
netherex:orange_salamander_hide_leggings, Orange Salamander Hide Leggings
netherex:orange_salamander_hide_boots, Orange Salamander Hide Boots
netherex:black_salamander_hide_helmet, Black Salamander Hide Helmet
netherex:black_salamander_hide_chestplate, Black Salamander Hide Chestplate
netherex:black_salamander_hide_leggings, Black Salamander Hide Leggings
netherex:black_salamander_hide_boots, Black Salamander Hide Boots
netherex:gloomy_netherrack, Gloomy Netherrack
netherex:lively_netherrack, Lively Netherrack
netherex:fiery_netherrack, Fiery Netherrack
netherex:icy_netherrack, Icy Netherrack
netherex:netherrack_path, Trodden Netherrack
netherex:gloomy_netherrack_path, Gloomy Trodden Netherrack
netherex:lively_netherrack_path, Lively Trodden Netherrack
netherex:fiery_netherrack_path, Fiery Trodden Netherrack
netherex:icy_netherrack_path, Icy Trodden Netherrack
netherex:gloomy_nether_brick, Gloomy Nether Bricks
netherex:lively_nether_brick, Lively Nether Bricks
netherex:fiery_nether_brick, Fiery Nether Bricks
netherex:icy_nether_brick, Icy Nether Bricks
netherex:basalt, Basalt
netherex:smooth_basalt, Smooth Basalt
netherex:basalt_brick, Basalt Bricks
netherex:basalt_pillar, Basalt Pillar
netherex:hyphae, Hyphae
netherex:frostburn_ice, Frostburn Ice
netherex:soul_glass, Soul Glass
netherex:soul_glass_pane, Soul Glass Pane
netherex:amethyst_block, Nether Amethyst Block
netherex:rime_block, Nether Rime Block
netherex:bone_sliver, Bone Sliver
netherex:bone_chunk, Bone Chunk
netherex:worn_iron, Worn Iron Block
netherex:urn_of_sorrow, Urn of Sorrow
netherex:quartz_ore, Nether Quartz Ore
netherex:amethyst_ore, Nether Amethyst Ore
netherex:rime_ore, Nether Rime Ore
netherex:brown_elder_mushroom, Brown Elder Mushroom
netherex:red_elder_mushroom, Red Elder Mushroom
netherex:brown_elder_mushroom_cap, Brown Elder Mushroom Cap
netherex:red_elder_mushroom_cap, Red Elder Mushroom Cap
netherex:enoki_mushroom_cap, Enoki Mushroom Cap
netherex:elder_mushroom_stem, Elder Mushroom Stem
netherex:enoki_mushroom_stem, Enoki Mushroom Stem
netherex:thornstalk, Thornstalk
netherex:ichor, Ichor
netherex:red_nether_brick_slab:0, Red Nether Brick Slab
netherex:gloomy_nether_brick_slab:0, Gloomy Nether Brick Slab
netherex:lively_nether_brick_slab:0, Lively Nether Brick Slab
netherex:fiery_nether_brick_slab:0, Fiery Nether Brick Slab
netherex:icy_nether_brick_slab:0, Icy Nether Brick Slab
netherex:basalt_slab:0, Basalt Slab
netherex:smooth_basalt_slab:0, Smooth Basalt Slab
netherex:basalt_brick_slab:0, Basalt Brick Slab
netherex:basalt_pillar_slab:0, Basalt Pillar Slab
netherex:red_nether_brick_stairs, Red Nether Brick Stairs
netherex:gloomy_nether_brick_stairs, Gloomy Nether Brick Stairs
netherex:lively_nether_brick_stairs, Lively Nether Brick Stairs
netherex:fiery_nether_brick_stairs, Fiery Nether Brick Stairs
netherex:icy_nether_brick_stairs, Icy Nether Brick Stairs
netherex:basalt_stairs, Basalt Stairs
netherex:smooth_basalt_stairs, Smooth Basalt Stairs
netherex:basalt_brick_stairs, Basalt Brick Stairs
netherex:basalt_pillar_stairs, Basalt Pillar Stairs
netherex:quartz_wall, Quartz Wall
netherex:nether_brick_wall, Nether Brick Wall
netherex:red_nether_brick_wall, Red Nether Brick Wall
netherex:gloomy_nether_brick_wall, Gloomy Nether Brick Wall
netherex:lively_nether_brick_wall, Lively Nether Brick Wall
netherex:fiery_nether_brick_wall, Fiery Nether Brick Wall
netherex:icy_nether_brick_wall, Icy Nether Brick Wall
netherex:basalt_wall, Basalt Wall
netherex:smooth_basalt_wall, Smooth Basalt Wall
netherex:basalt_brick_wall, Basalt Brick Wall
netherex:basalt_pillar_wall, Basalt Pillar Wall
netherex:quartz_fence, Quartz Fence
netherex:red_nether_brick_fence, Red Nether Brick Fence
netherex:gloomy_nether_brick_fence, Gloomy Nether Brick Fence
netherex:lively_nether_brick_fence, Lively Nether Brick Fence
netherex:fiery_nether_brick_fence, Fiery Nether Brick Fence
netherex:icy_nether_brick_fence, Icy Nether Brick Fence
netherex:basalt_fence, Basalt Fence
netherex:smooth_basalt_fence, Smooth Basalt Fence
netherex:basalt_brick_fence, Basalt Brick Fence
netherex:basalt_pillar_fence, Basalt Pillar Fence
netherex:quartz_fence_gate, Quartz Fence Gate
netherex:nether_brick_fence_gate, Nether Brick Fence Gate
netherex:red_nether_brick_fence_gate, Red Nether Brick Fence Gate
netherex:basalt_fence_gate, Basalt Fence Gate
netherex:smooth_basalt_fence_gate, Smooth Basalt Fence Gate
netherex:basalt_brick_fence_gate, Basalt Brick Fence Gate
netherex:basalt_pillar_fence_gate, Basalt Pillar Fence Gate
netherex:gloomy_nether_brick_fence_gate, Gloomy Nether Brick Fence Gate
netherex:lively_nether_brick_fence_gate, Lively Nether Brick Fence Gate
netherex:fiery_nether_brick_fence_gate, Fiery Nether Brick Fence Gate
netherex:icy_nether_brick_fence_gate, Icy Nether Brick Fence Gate
nb:fungus_on_stick, Warped Fungus on a Stick
nb:lode_stone_compass, Lodestone Compass
nb:netherite_horse_armor, Netherite Horse Armor
nb:pig_step_disc, Music Disc
nb:basalt, Basalt
nb:polished_basalt, Polished Basalt
nb:smooth_basalt, Smooth Basalt
nb:black_stone, Blackstone
nb:black_stone_stairs, Blackstone Stairs
nb:black_stone_wall, Blackstone Wall
nb:black_stone_bricks, Polished Blackstone Bricks
nb:black_stone_brick_stairs, Polished Blackstone Brick Stairs
nb:bricks_stone_wall, Polished Blackstone Bricks Wall
nb:cracked_stone_bricks, Cracked Polished Blackstone Bricks
nb:polished_black_stone, Polished Blackstone
nb:polished_black_stone_stairs, Polished Blackstone Stairs
nb:polished_stone_wall, Polished Blackstone Wall
nb:chisled_polished_black_stone, Chiseled Polished Blackstone
nb:chain_block, Chain
nb:crimson_stem, Crimson Stem
nb:crimson_hyphae, Crimson Hyphae
nb:crimson_planks, Crimson Planks
nb:crimson_door, Crimson Door
nb:crimson_fence, Crimson Fence
nb:crimson_gate, Crimson Fence Gate
nb:crimson_stairs, Crimson Stairs
nb:crimson_trapdoor, Crimson Trapdoor
nb:crimson_fungus, Crimson Fungus
nb:crimson_grass, Crimson Nylium
nb:crimson_roots, Crimson Roots
nb:crimson_vine, Weeping Vines
nb:crimson_wart, Crimson Wart Block
nb:cry_obi, Crying Obsidian
nb:gilded_blackstone, Gilded Blackstone
nb:lode_stone, Lodestone
nb:nether_gold_ore, Nether Gold Ore
nb:piglin_head:0, Piglin Head
nb:quartz_bricks, Quartz Bricks
nb:respawn_anchor, Respawn Anchor
nb:shroom_light, Shroomlight
nb:soul_fire, Soul Fire
nb:soul_lantern, Soul Lantern
nb:soul_torch, Soul Torch
nb:soul_soil, Soul Soil
nb:warped_stem, Warped Stem
nb:warped_hyphae, Warped Hyphae
nb:warped_planks, Warped Planks
nb:warped_door, Warped Door
nb:warped_fence, Warped Fence
nb:warped_gate, Warped Fence Gate
nb:warped_stairs, Warped Stairs
nb:warped_trapdoor, Warped Trapdoor
nb:warped_fungus, Warped Fungus
nb:warped_grass, Warped Nylium
nb:warped_wart, Warped Wart Block
nb:warped_roots, Warped Roots
nb:warped_sprout, Nether Sprout
nb:warped_vine, Twisting Vines
nb:black_stone_slab_half:0, Blackstone Slab
nb:black_bricks_slab_half:0, Blackstone Bricks Slab
nb:polished_black_stone_slab_half:0, Polished Blackstone Slab
nb:crimson_slab_half:0, Crimson Slab
nb:warped_slab_half:0, Warped Slab
betterendforge:aeternium_ingot, Aeternium Ingot
betterendforge:ender_dust, Ender Dust
betterendforge:end_lily_leaf, End Lily Leaf
betterendforge:end_lily_leaf_dried, End Lily Leaf Dried
betterendforge:crystal_shards, Crystal Shards
betterendforge:eternal_crystal, Eternal Crystal
betterendforge:ender_shard, Ender Shard
betterendforge:raw_amber, Raw Amber
betterendforge:amber_gem, Amber Gem
betterendforge:glowing_bulb, Glowing Bulb
betterendforge:gelatine, Gelatine
betterendforge:crystalline_sulphur, Sulfur
betterendforge:hydralux_petal, Hydralux Petal
betterendforge:enchanted_petal, Enchanted Petal
betterendforge:leather_stripe, Leather Stripe
betterendforge:leather_wrapped_stick, Leather Wrapped Stick
betterendforge:silk_fiber, Silk Fiber
betterendforge:lumecorn_rod, Lumecorn Rod  
betterendforge:aeternium_helmet, Aeternium Helmet
betterendforge:aeternium_chestplate, Aeternium Chestplate
betterendforge:aeternium_leggings, Aeternium Leggings
betterendforge:aeternium_boots, Aeternium Boots
betterendforge:crystalite_helmet, Crystalite Helmet
betterendforge:crystalite_chestplate, Crystalite Chestplate
betterendforge:crystalite_leggings, Crystalite Leggings
betterendforge:crystalite_boots, Crystalite Boots
betterendforge:armored_elytra, Armored Elytra
betterendforge:crystal_elytra, Crystalite Elytra
betterendforge:aeternium_sword, Aeternium Sword
betterendforge:aeternium_shovel, Aeternium Shovel
betterendforge:aeternium_pickaxe, Aeternium Pickaxe
betterendforge:aeternium_axe, Aeternium Axe
betterendforge:aeternium_hoe, Aeternium Hoe
betterendforge:aeternium_hammer, Aeternium Smith Hammer
betterendforge:iron_hammer, Iron Smith Hammer
betterendforge:golden_hammer, Golden Smith Hammer
betterendforge:diamond_hammer, Diamond Smith Hammer
betterendforge:aeternium_shovel_head, Aeternium Shovel Head
betterendforge:aeternium_pickaxe_head, Aeternium Pickaxe Head
betterendforge:aeternium_axe_head, Aeternium Axe Head
betterendforge:aeternium_hoe_head, Aeternium Hoe Head
betterendforge:aeternium_hammer_head, Aeternium Hammer Head
betterendforge:aeternium_sword_blade, Aeternium Sword Blade
betterendforge:aeternium_sword_handle, Aeternium Sword Handle
betterendforge:shadow_berry_raw, Shadow Berry
betterendforge:shadow_berry_cooked, Shadow Berry Cooked
betterendforge:end_fish_raw, End Fish
betterendforge:end_fish_cooked, Cooked End Fish
betterendforge:sweet_berry_jelly, Sweet Berry Jelly
betterendforge:shadow_berry_jelly, Shadow Berry Jell
betterendforge:blossom_berry, Blossom Berry
betterendforge:amber_root_raw, Raw Amber Root
betterendforge:chorus_mushroom_raw, Raw Chorus Mushroom
betterendforge:chorus_mushroom_cooked, Cooked Chorus Mushroom
betterendforge:umbrella_cluster_juice, Umbrella Cluster Juice
betterendforge:bucket_end_fish, End Fish Bucket
betterendforge:bucket_cubozoa, Cubozoa Bucket
betterendforge:music_disc_strange_and_alien, §bMusic Disc§r
betterendforge:music_disc_grasping_at_stars, §bMusic Disc§r
betterendforge:music_disc_endseeker, §bMusic Disc§r
betterendforge:music_disc_eo_dracona, §bMusic Disc§r
betterendforge:crystal_moss, Crystal Moss
betterendforge:end_mycelium, End Mycelium
betterendforge:end_moss, End Moss
betterendforge:chorus_nylium, Chorus Nylium
betterendforge:cave_moss, Cave Moss
betterendforge:shadow_grass, Shadow Grass
betterendforge:pink_moss, Pink Moss
betterendforge:amber_moss, Amber Moss
betterendforge:jungle_moss, Jungle Moss
betterendforge:sangnum, Sangnum
betterendforge:rutiscus, Rutiscus
betterendforge:pallidium_full, Full Pallidium Cover
betterendforge:pallidium_heavy, Heavy Pallidium Cover
betterendforge:pallidium_thin, Thin Pallidium Cover
betterendforge:pallidium_tiny, Tiny Pallidium Cover
betterendforge:flammalix, Flammalix
betterendforge:endstone_dust, End Stone Dust
betterendforge:silk_moth_nest, Silk Moth Nest
betterendforge:crystal_moss_path, Crystal Moss Path
betterendforge:end_mycelium_path, End Mycelium Path
betterendforge:end_moss_path, End Moss Path
betterendforge:chorus_nylium_path, Chorus Nylium Path
betterendforge:cave_moss_path, Cave Moss Path
betterendforge:shadow_grass_path, Shadow Grass Path
betterendforge:pink_moss_path, Pink Moss Path
betterendforge:amber_moss_path, Amber Moss Path
betterendforge:jungle_moss_path, Jungle Moss Path
betterendforge:sangnum_path, Sangnum Path
betterendforge:rutiscus_path, Rutiscus Path
betterendforge:mossy_obsidian, Mossy Obsidian
betterendforge:dragon_bone_block, Dragon Bone Block
betterendforge:dragon_bone_stairs, Dragon Bone Stairs
betterendforge:dragon_bone_slab, Dragon Bone Slab
betterendforge:mossy_dragon_bone, Mossy Dragon Bone
betterendforge:aeternium_block, Aeternium Block
betterendforge:ender_block, Ender Block
betterendforge:aurora_crystal, Aurora Crystal
betterendforge:amber_block, Amber Block
betterendforge:smaragdant_crystal, Smaragdant Crystal
betterendforge:smaragdant_crystal_shard, Smaragdant Crystal Shard
betterendforge:andesite_lantern, Andesite Lantern
betterendforge:diorite_lantern, Diorite Lantern
betterendforge:granite_lantern, Granite Lantern
betterendforge:quartz_lantern, Quartz Lantern   
betterendforge:purpur_lantern, Purpur Lantern
betterendforge:end_stone_lantern, End Stone Lantern 
betterendforge:blackstone_lantern, Blackstone Lantern
betterendforge:iron_bulb_lantern, Iron Bulb Lantern   
betterendforge:iron_chandelier, Iron Chandelier
betterendforge:gold_chandelier, Gold Chandelier
betterendforge:ender_ore, Ender Ore
betterendforge:amber_ore, Amber Ore
betterendforge:brimstone, Brimstone
betterendforge:sulphur_crystal, Sulfur Crystal
betterendforge:hydrothermal_vent, Hydrothermal Vent
betterendforge:flavolite_runed, Runed Flavolite
betterendforge:flavolite_runed_eternal, Eternal Runed Flavolite
betterendforge:quartz_pedestal, Quartz Pedestal
betterendforge:purpur_pedestal, Purpur Pedestal
betterendforge:andesite_pedestal, Andesite Pedestal
betterendforge:diorite_pedestal, Diorite Pedestal
betterendforge:granite_pedestal, Granite Pedestal
betterendforge:end_stone_stalactite, End Stone Stalactite
betterendforge:end_stone_stalactite_cavemoss, Cave Moss Endstone Stalactite
betterendforge:umbrella_moss, Umbrella Moss
betterendforge:umbrella_moss_tall, Tall Umbrella Moss
betterendforge:creeping_moss, Creeping Moss
betterendforge:chorus_grass, Chorus Grass
betterendforge:cave_grass, Cave Grass
betterendforge:crystal_grass, Crystal Grass
betterendforge:amber_grass, Amber Grass
betterendforge:shadow_plant, Shadow Plant
betterendforge:bushy_grass, Bushy Grass
betterendforge:jungle_grass, Jungle Grass
betterendforge:blooming_cooksonia, Blooming Cooksonia  
betterendforge:salteago, Salteago  
betterendforge:vaiolush_fern, Vaiolush Fern
betterendforge:fracturn, Fracturn
betterendforge:globulagus, Globulagus
betterendforge:inflexia, Inflexia
betterendforge:clawfern, Clawfern
betterendforge:aeridium, Aeridium
betterendforge:orango, Orango
betterendforge:lutebus, Lutebus
betterendforge:lamellarium, Lamellarium
betterendforge:bolux_mushroom, Bolux Mushroom
betterendforge:blue_vine_seed, Blue Vine Seed
betterendforge:blue_vine_lantern, Blue Vine Lantern
betterendforge:blue_vine_fur, Blue Vine Fur
betterendforge:cave_bush, Cave Bush
betterendforge:end_lily_seed, End Lily Seed
betterendforge:end_lotus_seed, End Lotus Seed
betterendforge:end_lotus_stem, End Lotus Stem
betterendforge:bubble_coral, Bubble Coral
betterendforge:murkweed, Murkweed
betterendforge:needlegrass, Needlegrass
betterendforge:menger_sponge, Menger Sponge
betterendforge:menger_sponge_wet, Wet Menger Sponge
betterendforge:charnia_red, Red Charnia
betterendforge:charnia_purple, Purple Charnia
betterendforge:charnia_orange, Orange Charnia
betterendforge:charnia_light_blue, Light Blue Charnia
betterendforge:charnia_cyan, Cyan Charnia
betterendforge:charnia_green, Green Charnia
betterendforge:hydralux_sapling, Hydralux Sapling
betterendforge:hydralux_petal_block, Hydralux Petal Block
betterendforge:lanceleaf_seed, Lanceleaf Seed     
betterendforge:lumecorn_seed, Lumecorn Seed
betterendforge:glowing_pillar_seed, Glowing Pillar Seed     
betterendforge:glowing_pillar_luminophor, Glowing Pillar Luminophor
betterendforge:glowing_pillar_leaves, Glowing Pillar Leaves
betterendforge:twisted_umbrella_moss, Twisted Umbrella Moss
betterendforge:twisted_umbrella_moss_tall, Twisted Umbrella Moss Tall
betterendforge:small_jellyshroom, Small Jellyshroom
betterendforge:neon_cactus, Neon Cactus
betterendforge:neon_cactus_block, Neon Cactus Block
betterendforge:neon_cactus_stairs, Neon Cactus Stairs
betterendforge:neon_cactus_slab, Neon Cactus Slab
betterendforge:shadow_berry, Shadow Berry Seeds
betterendforge:blossom_berry_seed, Blossom Berry Seed
betterendforge:amber_root_seed, Amber Root Seed
betterendforge:chorus_mushroom_seed, Chorus Mushroom Seed
betterendforge:purple_polypore, Purple Polypore
betterendforge:aurant_polypore, Aurant Polypore
betterendforge:tail_moss, Tail Moss
betterendforge:cyan_moss, Cyan Moss
betterendforge:twisted_moss, Twisted Moss
betterendforge:bulb_moss, Bulb Moss
betterendforge:tube_worm, Tube Worm
betterendforge:jungle_fern, Jungle Fern
betterendforge:ruscus, Ruscus
betterendforge:pond_anemone, Pond Anemone
betterendforge:dense_vine, Dense Vine
betterendforge:twisted_vine, Twisted Vine
betterendforge:bulb_vine, Bulb Vine
betterendforge:bulb_vine_seed, Bulb Vine Seed
betterendforge:jungle_vine, Jungle Vine
betterendforge:rubinea, Rubinea
betterendforge:mossy_glowshroom_sapling, Mossy Glowshroom Sapling
betterendforge:mossy_glowshroom_cap, Mossy Glowshroom Cap
betterendforge:mossy_glowshroom_hymenophore, Mossy Glowshroom Hymenophore
betterendforge:mossy_glowshroom_fur, Mossy Glowshroom Fur
betterendforge:lacugrove_sapling, Lacugrove Sapling
betterendforge:lacugrove_leaves, Lacugrove Leaves
betterendforge:pythadendron_sapling, Pythadendron Sapling
betterendforge:pythadendron_leaves, Pythadendron Leaves
betterendforge:dragon_tree_sapling, Dragon Tree Sapling
betterendforge:dragon_tree_leaves, Dragon Tree Leaves
betterendforge:tenanea_sapling, Tenanea Sapling
betterendforge:tenanea_leaves, Tenanea Leaves
betterendforge:tenanea_flowers, Tenanea Flowers
betterendforge:tenanea_outer_leaves, Tenanea Outer Leaves
betterendforge:helix_tree_sapling, Helix Tree Sapling
betterendforge:helix_tree_leaves, Helix Tree Leaves
betterendforge:umbrella_tree_sapling, Umbrella Tree Sapling
betterendforge:umbrella_tree_membrane, Umbrella Tree Membrane
betterendforge:umbrella_tree_cluster, Umbrella Tree Cluster
betterendforge:umbrella_tree_cluster_empty, Empty Umbrella Tree Cluster
betterendforge:small_amaranita_mushroom, Small Amaranita Mushroom
betterendforge:amaranita_stem, Amaranita Stem       
betterendforge:amaranita_hyphae, Amaranita Hyphae
betterendforge:amaranita_hymenophore, Amaranita Hymenophore
betterendforge:amaranita_lantern, Amaranita Lantern
betterendforge:amaranita_fur, Amaranita Fur
betterendforge:amaranita_cap, Amaranita Cap
betterendforge:jellyshroom_cap_purple, Purple Jellyshroom Cap
betterendforge:eternal_pedestal, Eternal Pedestal
betterendforge:infusion_pedestal, Infusion Pedestal
betterendforge:end_stone_smelter, End Stone Smelter
betterendforge:end_stone_furnace, End Stone Furnace
betterendforge:dense_snow, Dense Snow
betterendforge:emerald_ice, Emerald Ice
betterendforge:dense_emerald_ice, Dense Emerald Ice
betterendforge:ancient_emerald_ice, Ancient Emerald Ice
betterendforge:respawn_obelisk, Respawn Obelisk (WIP)
betterendforge:missing_tile, Missing Tile
betterendforge:mossy_glowshroom_stripped_log, Mossy Glowshroom Stripped Log
betterendforge:mossy_glowshroom_stripped_bark, Mossy Glowshroom Stripped Bark
betterendforge:mossy_glowshroom_log, Mossy Glowshroom Log
betterendforge:mossy_glowshroom_bark, Mossy Glowshroom Bark
betterendforge:mossy_glowshroom_planks, Mossy Glowshroom Planks
betterendforge:mossy_glowshroom_stairs, Mossy Glowshroom Stairs
betterendforge:mossy_glowshroom_slab, Mossy Glowshroom Slab
betterendforge:mossy_glowshroom_fence, Mossy Glowshroom Fence
betterendforge:mossy_glowshroom_pressure_plate, Mossy Glowshroom Pressure Plate
betterendforge:mossy_glowshroom_trapdoor, Mossy Glowshroom Trapdoor
betterendforge:mossy_glowshroom_door, Mossy Glowshroom Door
betterendforge:mossy_glowshroom_crafting_table, Mossy Glowshroom Crafting Table
betterendforge:mossy_glowshroom_ladder, Mossy Glowshroom Ladder
betterendforge:mossy_glowshroom_chest, Mossy Glowshroom Chest
betterendforge:mossy_glowshroom_sign, Mossy Glowshroom Sign
betterendforge:mossy_glowshroom_bookshelf, Mossy Glowshroom Bookshelf
betterendforge:lacugrove_stripped_log, Lacugrove Stripped Log
betterendforge:lacugrove_stripped_bark, Lacugrove Stripped Bark
betterendforge:lacugrove_log, Lacugrove Log
betterendforge:lacugrove_bark, Lacugrove Bark
betterendforge:lacugrove_planks, Lacugrove Planks
betterendforge:lacugrove_stairs, Lacugrove Stairs
betterendforge:lacugrove_slab, Lacugrove Slab
betterendforge:lacugrove_fence, Lacugrove Fence
betterendforge:lacugrove_pressure_plate, Lacugrove Pressure Plate
betterendforge:lacugrove_trapdoor, Lacugrove Trapdoor
betterendforge:lacugrove_door, Lacugrove Door
betterendforge:lacugrove_crafting_table, Lacugrove Crafting Table
betterendforge:lacugrove_ladder, Lacugrove Ladder
betterendforge:lacugrove_chest, Lacugrove Chest
betterendforge:lacugrove_sign, Lacugrove Sign
betterendforge:lacugrove_bookshelf, Lacugrove Bookshelf
betterendforge:end_lotus_stripped_log, End Lotus Stripped Log
betterendforge:end_lotus_stripped_bark, End Lotus Stripped Bark
betterendforge:end_lotus_log, End Lotus Log
betterendforge:end_lotus_bark, End Lotus Bark
betterendforge:end_lotus_planks, End Lotus Planks
betterendforge:end_lotus_stairs, End Lotus Stairs
betterendforge:end_lotus_slab, End Lotus Slab
betterendforge:end_lotus_fence, End Lotus Fence
betterendforge:end_lotus_pressure_plate, End Lotus Pressure Plate
betterendforge:end_lotus_trapdoor, End Lotus Trapdoor
betterendforge:end_lotus_door, End Lotus Door
betterendforge:end_lotus_crafting_table, End Lotus Crafting Table
betterendforge:end_lotus_ladder, End Lotus Ladder
betterendforge:end_lotus_chest, End Lotus Chest
betterendforge:end_lotus_sign, End Lotus Sign
betterendforge:end_lotus_bookshelf, End Lotus Bookshelf
betterendforge:pythadendron_stripped_log, Pythadendron Stripped Log
betterendforge:pythadendron_stripped_bark, Pythadendron Stripped Bark
betterendforge:pythadendron_log, Pythadendron Log
betterendforge:pythadendron_bark, Pythadendron Bark
betterendforge:pythadendron_planks, Pythadendron Planks
betterendforge:pythadendron_stairs, Pythadendron Stairs
betterendforge:pythadendron_slab, Pythadendron Slab
betterendforge:pythadendron_fence, Pythadendron Fence
betterendforge:pythadendron_pressure_plate, Pythadendron Pressure Plate
betterendforge:pythadendron_trapdoor, Pythadendron Trapdoor
betterendforge:pythadendron_door, Pythadendron Door
betterendforge:pythadendron_crafting_table, Pythadendron Crafting Table
betterendforge:pythadendron_ladder, Pythadendron Ladder
betterendforge:pythadendron_chest, Pythadendron Chest
betterendforge:pythadendron_sign, Pythadendron Sign
betterendforge:pythadendron_bookshelf, Pythadendron Bookshelf
betterendforge:dragon_tree_stripped_log, Dragon Tree Stripped Log
betterendforge:dragon_tree_stripped_bark, Dragon Tree Stripped Bark
betterendforge:dragon_tree_log, Dragon Tree Log
betterendforge:dragon_tree_bark, Dragon Tree Bark
betterendforge:dragon_tree_planks, Dragon Tree Planks
betterendforge:dragon_tree_stairs, Dragon Tree Stairs
betterendforge:dragon_tree_slab, Dragon Tree Slab
betterendforge:dragon_tree_fence, Dragon Tree Fence
betterendforge:dragon_tree_pressure_plate, Dragon Tree Pressure Plate
betterendforge:dragon_tree_trapdoor, Dragon Tree Trapdoor
betterendforge:dragon_tree_door, Dragon Tree Door
betterendforge:dragon_tree_crafting_table, Dragon Tree Crafting Table
betterendforge:dragon_tree_ladder, Dragon Tree Ladder
betterendforge:dragon_tree_chest, Dragon Tree Chest
betterendforge:dragon_tree_sign, Dragon Tree Sign
betterendforge:dragon_tree_bookshelf, Dragon Tree Bookshelf
betterendforge:tenanea_stripped_log, Stripped Tenanea Log
betterendforge:tenanea_stripped_bark, Stripped Tenanea Bark
betterendforge:tenanea_log, Tenanea Log
betterendforge:tenanea_bark, Tenanea Bark
betterendforge:tenanea_planks, Tenanea Planks
betterendforge:tenanea_stairs, Tenanea Stairs
betterendforge:tenanea_slab, Tenanea Slab
betterendforge:tenanea_fence, Tenanea Fence
betterendforge:tenanea_pressure_plate, Tenanea Pressure Plate
betterendforge:tenanea_trapdoor, Tenanea Trapdoor
betterendforge:tenanea_door, Tenanea Door
betterendforge:tenanea_crafting_table, Tenanea Crafting Table
betterendforge:tenanea_ladder, Tenanea Ladder
betterendforge:tenanea_chest, Tenanea Chest
betterendforge:tenanea_sign, Tenanea Sign
betterendforge:tenanea_bookshelf, Tenanea Bookshelf
betterendforge:helix_tree_stripped_log, Stripped Helix Tree Log
betterendforge:helix_tree_stripped_bark, Stripped Helix Tree Bark
betterendforge:helix_tree_log, Helix Tree Log
betterendforge:helix_tree_bark, Helix Tree Bark
betterendforge:helix_tree_planks, Helix Tree Planks
betterendforge:helix_tree_stairs, Helix Tree Stairs
betterendforge:helix_tree_slab, Helix Tree Slab
betterendforge:helix_tree_fence, Helix Tree Fence
betterendforge:helix_tree_pressure_plate, Helix Tree Pressure Plate
betterendforge:helix_tree_trapdoor, Helix Tree Trapdoor
betterendforge:helix_tree_door, Helix Tree Door
betterendforge:helix_tree_crafting_table, Helix Tree Crafting Table
betterendforge:helix_tree_ladder, Helix Tree Ladder
betterendforge:helix_tree_chest, Helix Tree Chest
betterendforge:helix_tree_sign, Helix Tree Sign
betterendforge:helix_tree_bookshelf, Helix Tree Bookshelf
betterendforge:umbrella_tree_stripped_log, Stripped Umbrella Tree Log
betterendforge:umbrella_tree_stripped_bark, Stripped Umbrella Tree Bark
betterendforge:umbrella_tree_log, Umbrella Tree Log
betterendforge:umbrella_tree_bark, Umbrella Tree Bark
betterendforge:umbrella_tree_planks, Umbrella Tree Planks
betterendforge:umbrella_tree_stairs, Umbrella Tree Stairs
betterendforge:umbrella_tree_slab, Umbrella Tree Slab
betterendforge:umbrella_tree_fence, Umbrella Tree Fence
betterendforge:umbrella_tree_pressure_plate, Umbrella Tree Pressure Plate
betterendforge:umbrella_tree_trapdoor, Umbrella Tree Trapdoor
betterendforge:umbrella_tree_door, Umbrella Tree Door
betterendforge:umbrella_tree_crafting_table, Umbrella Tree Crafting Table
betterendforge:umbrella_tree_ladder, Umbrella Tree Ladder
betterendforge:umbrella_tree_chest, Umbrella Tree Chest
betterendforge:umbrella_tree_sign, Umbrella Tree Sign
betterendforge:umbrella_tree_bookshelf, Umbrella Tree Bookshelf
betterendforge:jellyshroom_stripped_log, Stripped Jellyshroom Log
betterendforge:jellyshroom_stripped_bark, Stripped Jellyshroom Bark
betterendforge:jellyshroom_log, Jellyshroom Log
betterendforge:jellyshroom_bark, Jellyshroom Bark
betterendforge:jellyshroom_planks, Jellyshroom Planks
betterendforge:jellyshroom_stairs, Jellyshroom Stairs
betterendforge:jellyshroom_slab, Jellyshroom Slab
betterendforge:jellyshroom_fence, Jellyshroom Fence
betterendforge:jellyshroom_pressure_plate, Jellyshroom Pressure Plate
betterendforge:jellyshroom_trapdoor, Jellyshroom Trapdoor
betterendforge:jellyshroom_door, Jellyshroom Door
betterendforge:jellyshroom_crafting_table, Jellyshroom Crafting Table
betterendforge:jellyshroom_ladder, Jellyshroom Ladder
betterendforge:jellyshroom_chest, Jellyshroom Chest
betterendforge:jellyshroom_sign, Jellyshroom Sign
betterendforge:jellyshroom_bookshelf, Jellyshroom Bookshelf
betterendforge:lucernia_stripped_log, Stripped Lucernia Log
betterendforge:lucernia_stripped_bark, Stripped Lucernia Bark
betterendforge:lucernia_log, Lucernia Log
betterendforge:lucernia_bark, Lucernia Bark
betterendforge:lucernia_planks, Lucernia Planks
betterendforge:lucernia_stairs, Lucernia Stairs
betterendforge:lucernia_slab, Lucernia Slab
betterendforge:lucernia_fence, Lucernia Fence
betterendforge:lucernia_pressure_plate, Lucernia Pressure Plate
betterendforge:lucernia_trapdoor, Lucernia Trapdoor   
betterendforge:lucernia_door, Lucernia Door
betterendforge:lucernia_crafting_table, Lucernia Crafting Table
betterendforge:lucernia_ladder, Lucernia Ladder
betterendforge:lucernia_chest, Lucernia Chest
betterendforge:lucernia_sign, Lucernia Sign
betterendforge:lucernia_bookshelf, Lucernia Bookshelf
betterendforge:lucernia_sapling, Lucernia Sapling
betterendforge:lucernia_leaves, Lucernia Leaves
betterendforge:lucernia_outer_leaves, Lucernia Outer Leaves
betterendforge:filalux, Filalux
betterendforge:filalux_wings, Filalux Wings
betterendforge:filalux_lantern, Filalux Lantern
betterendforge:flavolite, Flavolite
betterendforge:flavolite_polished, Polished Flavolite
betterendforge:flavolite_tiles, Flavolite Tiles
betterendforge:flavolite_pillar, Flavolite Pillar
betterendforge:flavolite_stairs, Flavolite Stairs
betterendforge:flavolite_slab, Flavolite Slab
betterendforge:flavolite_wall, Flavolite Wall
betterendforge:flavolite_pressure_plate, Flavolite Pressure Plate
betterendforge:flavolite_pedestal, Flavolite Pedestal
betterendforge:flavolite_lantern, Flavolite Lantern
betterendforge:flavolite_bricks, Flavolite Bricks
betterendforge:flavolite_bricks_stairs, Flavolite Brick Stairs
betterendforge:flavolite_bricks_slab, Flavolite Brick Slab
betterendforge:flavolite_bricks_wall, Flavolite Brick Wall
betterendforge:flavolite_furnace, Flavolite Furnace
betterendforge:violecite, Violecite
betterendforge:violecite_polished, Polished Violecite
betterendforge:violecite_tiles, Violecite Tiles
betterendforge:violecite_pillar, Violecite Pillar
betterendforge:violecite_stairs, Violecite Stairs
betterendforge:violecite_slab, Violecite Slab
betterendforge:violecite_wall, Violecite Wall
betterendforge:violecite_pressure_plate, Violecite Pressure Plate
betterendforge:violecite_pedestal, Violecite Pedestal
betterendforge:violecite_lantern, Violecite Lantern
betterendforge:violecite_bricks, Violecite Bricks
betterendforge:violecite_bricks_stairs, Violecite Brick Stairs
betterendforge:violecite_bricks_slab, Violecite Brick Slab
betterendforge:violecite_bricks_wall, Violecite Brick Wall
betterendforge:violecite_furnace, Violecite Furnace
betterendforge:sulphuric_rock, Sulfuric Rock
betterendforge:sulphuric_rock_polished, Polished Sulfuric Rock
betterendforge:sulphuric_rock_tiles, Sulfuric Rock Tiles
betterendforge:sulphuric_rock_pillar, Sulfuric Rock Pillar
betterendforge:sulphuric_rock_stairs, Sulfuric Rock Stairs
betterendforge:sulphuric_rock_slab, Sulfuric Rock Slab
betterendforge:sulphuric_rock_wall, Sulfuric Rock Wall
betterendforge:sulphuric_rock_pressure_plate, Sulfuric Rock Pressure Plate
betterendforge:sulphuric_rock_pedestal, Sulfuric Rock Pedestal
betterendforge:sulphuric_rock_lantern, Sulfuric Rock Lantern
betterendforge:sulphuric_rock_bricks, Sulfuric Rock Bricks
betterendforge:sulphuric_rock_bricks_stairs, Sulfuric Rock Bricks Stairs
betterendforge:sulphuric_rock_bricks_slab, Sulfuric Rock Bricks Slab
betterendforge:sulphuric_rock_bricks_wall, Sulfuric Rock Bricks Wall
betterendforge:sulphuric_rock_furnace, Sulfuric Rock Furnace
betterendforge:virid_jadestone, Virid Jadestone
betterendforge:virid_jadestone_polished, Polished Virid Jadestone
betterendforge:virid_jadestone_tiles, Virid Jadestone Tiles
betterendforge:virid_jadestone_pillar, Virid Jadestone Pillar
betterendforge:virid_jadestone_stairs, Virid Jadestone Stairs
betterendforge:virid_jadestone_slab, Virid Jadestone Slab
betterendforge:virid_jadestone_wall, Virid Jadestone Wall
betterendforge:virid_jadestone_pressure_plate, Virid Jadestone Pressure Plate
betterendforge:virid_jadestone_pedestal, Virid Jadestone Pedestal
betterendforge:virid_jadestone_lantern, Virid Jadestone Lantern
betterendforge:virid_jadestone_bricks, Virid Jadestone Bricks
betterendforge:virid_jadestone_bricks_stairs, Virid Jadestone Brick Stairs
betterendforge:virid_jadestone_bricks_slab, Virid Jadestone Brick Slab
betterendforge:virid_jadestone_bricks_wall, Virid Jadestone Brick Wall
betterendforge:virid_jadestone_furnace, Virid Jadestone Furnace
betterendforge:azure_jadestone, Azure Jadestone
betterendforge:azure_jadestone_polished, Azure Jadestone Polished
betterendforge:azure_jadestone_tiles, Azure Jadestone Tiles
betterendforge:azure_jadestone_pillar, Azure Jadestone Pillar
betterendforge:azure_jadestone_stairs, Azure Jadestone Stairs
betterendforge:azure_jadestone_slab, Azure Jadestone Slab
betterendforge:azure_jadestone_wall, Azure Jadestone Wall
betterendforge:azure_jadestone_pressure_plate, Azure Jadestone Pressure Plate
betterendforge:azure_jadestone_pedestal, Azure Jadestone Pedestal
betterendforge:azure_jadestone_lantern, Azure Jadestone Lantern
betterendforge:azure_jadestone_bricks, Azure Jadestone Bricks
betterendforge:azure_jadestone_bricks_stairs, Azure Jadestone Brick Stairs
betterendforge:azure_jadestone_bricks_slab, Azure Jadestone Brick Slab
betterendforge:azure_jadestone_bricks_wall, Azure Jadestone Brick Wall
betterendforge:azure_jadestone_furnace, Azure Jadestone Furnace
betterendforge:sandy_jadestone, Sandy Jadestone
betterendforge:sandy_jadestone_polished, Sandy Jadestone Polished
betterendforge:sandy_jadestone_tiles, Sandy Jadestone Tiles
betterendforge:sandy_jadestone_pillar, Sandy Jadestone Pillar
betterendforge:sandy_jadestone_stairs, Sandy Jadestone Stairs
betterendforge:sandy_jadestone_slab, Sandy Jadestone Slab
betterendforge:sandy_jadestone_wall, Sandy Jadestone Wall
betterendforge:sandy_jadestone_pressure_plate, Sandy Jadestone Pressure Plate
betterendforge:sandy_jadestone_pedestal, Sandy Jadestone Pedestal
betterendforge:sandy_jadestone_lantern, Sandy Jadestone Lantern
betterendforge:sandy_jadestone_bricks, Sandy Jadestone Bricks
betterendforge:sandy_jadestone_bricks_stairs, Sandy Jadestone Brick Stairs
betterendforge:sandy_jadestone_bricks_slab, Sandy Jadestone Brick Slab
betterendforge:sandy_jadestone_bricks_wall, Sandy Jadestone Brick Wall
betterendforge:sandy_jadestone_furnace, Sandy Jadestone Furnace
betterendforge:umbralith, Umbralith
betterendforge:umbralith_polished, Umbralith Polished
betterendforge:umbralith_tiles, Umbralith Tiles
betterendforge:umbralith_pillar, Umbralith Pillar
betterendforge:umbralith_stairs, Umbralith Stairs
betterendforge:umbralith_slab, Umbralith Slab
betterendforge:umbralith_wall, Umbralith Wall
betterendforge:umbralith_pressure_plate, Umbralith Pressure Plate
betterendforge:umbralith_pedestal, Umbralith Pedestal
betterendforge:umbralith_lantern, Umbralith Lantern
betterendforge:umbralith_bricks, Umbralith Bricks
betterendforge:umbralith_bricks_stairs, Umbralith Bricks Stairs
betterendforge:umbralith_bricks_slab, Umbralith Bricks Slab
betterendforge:umbralith_bricks_wall, Umbralith Bricks Wall
betterendforge:umbralith_furnace, Umbralith Furnace
betterendforge:thallasium_bulb_lantern_white, White Thallasium Bulb Lantern
betterendforge:thallasium_bulb_lantern_orange, Orange Thallasium Bulb Lantern
betterendforge:thallasium_bulb_lantern_magenta, Magenta Thallasium Bulb Lantern
betterendforge:thallasium_bulb_lantern_light_blue, Light Blue Thallasium Bulb Lantern
betterendforge:thallasium_bulb_lantern_yellow, Yellow Thallasium Bulb Lantern
betterendforge:thallasium_bulb_lantern_lime, Lime Thallasium Bulb Lantern
betterendforge:thallasium_bulb_lantern_pink, Pink Thallasium Bulb Lantern
betterendforge:thallasium_bulb_lantern_gray, Gray Thallasium Bulb Lantern
betterendforge:thallasium_bulb_lantern_silver, Light Gray Thallasium Bulb Lantern
betterendforge:thallasium_bulb_lantern_cyan, Cyan Thallasium Bulb Lantern
betterendforge:thallasium_bulb_lantern_purple, Purple Thallasium Bulb Lantern
betterendforge:thallasium_bulb_lantern_blue, Blue Thallasium Bulb Lantern
betterendforge:thallasium_bulb_lantern_brown, Brown Thallasium Bulb Lantern
betterendforge:thallasium_bulb_lantern_green, Green Thallasium Bulb Lantern
betterendforge:thallasium_bulb_lantern_red, Red Thallasium Bulb Lantern
betterendforge:thallasium_bulb_lantern_black, Black Thallasium Bulb Lantern
betterendforge:thallasium_ore, Thallasium Ore
betterendforge:thallasium_block, Thallasium Block
betterendforge:thallasium_tile, Thallasium Tile
betterendforge:thallasium_stairs, Thallasium Stairs
betterendforge:thallasium_trapdoor, Thallasium Trapdoor
betterendforge:thallasium_bars, Thallasium Bars
betterendforge:thallasium_chain, Thallasium Chain
betterendforge:thallasium_pressure_plate, Thallasium Pressure Plate
betterendforge:thallasium_chandelier, Thallasium Chandelier
betterendforge:thallasium_bulb_lantern, Thallasium Bulb Lantern
betterendforge:thallasium_nugget, Thallasium Nugget
betterendforge:thallasium_ingot, Thallasium Ingot
betterendforge:thallasium_shovel_head, Thallasium Shovel Head
betterendforge:thallasium_pickaxe_head, Thallasium Pickaxe Head
betterendforge:thallasium_axe_head, Thallasium Axe Head
betterendforge:thallasium_hoe_head, Thallasium Hoe Head
betterendforge:thallasium_sword_handle, Thallasium Sword Handle
betterendforge:thallasium_sword_blade, Thallasium Sword Blade
betterendforge:thallasium_shovel, Thallasium Shovel
betterendforge:thallasium_sword, Thallasium Sword
betterendforge:thallasium_pickaxe, Thallasium Pickaxe
betterendforge:thallasium_axe, Thallasium Axe
betterendforge:thallasium_hoe, Thallasium Hoe
betterendforge:thallasium_hammer, Thallasium Smith Hammer
betterendforge:thallasium_helmet, Thallasium Helmet
betterendforge:thallasium_chestplate, Thallasium Chestplate
betterendforge:thallasium_leggings, Thallasium Leggings
betterendforge:thallasium_boots, Thallasium Boots
betterendforge:terminite_bulb_lantern_white, White Terminite Bulb Lantern
betterendforge:terminite_bulb_lantern_orange, Orange Terminite Bulb Lantern
betterendforge:terminite_bulb_lantern_magenta, Magenta Terminite Bulb Lantern
betterendforge:terminite_bulb_lantern_light_blue, Light Blue Terminite Bulb Lantern
betterendforge:terminite_bulb_lantern_yellow, Yellow Terminite Bulb Lantern
betterendforge:terminite_bulb_lantern_lime, Lime Terminite Bulb Lantern
betterendforge:terminite_bulb_lantern_pink, Pink Terminite Bulb Lantern
betterendforge:terminite_bulb_lantern_gray, Gray Terminite Bulb Lantern
betterendforge:terminite_bulb_lantern_silver, Light Gray Terminite Bulb Lantern
betterendforge:terminite_bulb_lantern_cyan, Cyan Terminite Bulb Lantern
betterendforge:terminite_bulb_lantern_purple, Purple Terminite Bulb Lantern
betterendforge:terminite_bulb_lantern_blue, Blue Terminite Bulb Lantern
betterendforge:terminite_bulb_lantern_brown, Brown Terminite Bulb Lantern
betterendforge:terminite_bulb_lantern_green, Green Terminite Bulb Lantern
betterendforge:terminite_bulb_lantern_red, Red Terminite Bulb Lantern
betterendforge:terminite_bulb_lantern_black, Black Terminite Bulb Lantern
betterendforge:terminite_block, Terminite Block
betterendforge:terminite_tile, Terminite Tile
betterendforge:terminite_stairs, Terminite Stairs
betterendforge:terminite_trapdoor, Terminite Trapdoor
betterendforge:terminite_bars, Terminite Bars
betterendforge:terminite_chain, Terminite Chain
betterendforge:terminite_pressure_plate, Terminite Pressure Plate
betterendforge:terminite_chandelier, Terminite Chandelier
betterendforge:terminite_bulb_lantern, Terminite Bulb Lantern
betterendforge:terminite_nugget, Terminite Nugget
betterendforge:terminite_ingot, Terminite Ingot
betterendforge:terminite_shovel_head, Terminite Shovel Head
betterendforge:terminite_pickaxe_head, Terminite Pickaxe Head
betterendforge:terminite_axe_head, Terminite Axe Head
betterendforge:terminite_hoe_head, Terminite Hoe Head
betterendforge:terminite_sword_handle, Terminite Sword Handle
betterendforge:terminite_sword_blade, Terminite Sword Blade
betterendforge:terminite_shovel, Terminite Shovel
betterendforge:terminite_sword, Terminite Sword
betterendforge:terminite_pickaxe, Terminite Pickaxe
betterendforge:terminite_axe, Terminite Axe
betterendforge:terminite_hoe, Terminite Hoe
betterendforge:terminite_hammer, Terminite Smith Hammer
betterendforge:terminite_helmet, Terminite Helmet
betterendforge:terminite_chestplate, Terminite Chestplate
betterendforge:terminite_leggings, Terminite Leggings
betterendforge:terminite_boots, Terminite Boots
betterendforge:hydralux_petal_block_white, White Petal Block
betterendforge:hydralux_petal_block_orange, Orange Petal Block
betterendforge:hydralux_petal_block_magenta, Magenta Petal Block
betterendforge:hydralux_petal_block_light_blue, Light Blue Petal Block
betterendforge:hydralux_petal_block_yellow, Yellow Petal Block
betterendforge:hydralux_petal_block_lime, Lime Petal Block
betterendforge:hydralux_petal_block_pink, Pink Petal Block
betterendforge:hydralux_petal_block_gray, Gray Petal Block
betterendforge:hydralux_petal_block_silver, Light Gray Petal Block
betterendforge:hydralux_petal_block_cyan, Cyan Petal Block
betterendforge:hydralux_petal_block_purple, Purple Petal Block
betterendforge:hydralux_petal_block_blue, Blue Petal Block
betterendforge:hydralux_petal_block_brown, Brown Petal Block
betterendforge:hydralux_petal_block_green, Green Petal Block
betterendforge:hydralux_petal_block_red, Red Petal Block
betterendforge:hydralux_petal_block_black, Black Petal Block
betterendforge:iron_bulb_lantern_white, White Iron Bulb Lantern
betterendforge:iron_bulb_lantern_orange, Orange Iron Bulb Lantern
betterendforge:iron_bulb_lantern_magenta, Magenta Iron Bulb Lantern
betterendforge:iron_bulb_lantern_light_blue, Light Blue Iron Bulb Lantern
betterendforge:iron_bulb_lantern_yellow, Yellow Iron Bulb Lantern
betterendforge:iron_bulb_lantern_lime, Lime Iron Bulb Lantern
betterendforge:iron_bulb_lantern_pink, Pink Iron Bulb Lantern
betterendforge:iron_bulb_lantern_gray, Gray Iron Bulb Lantern
betterendforge:iron_bulb_lantern_silver, Light Gray Iron Bulb Lantern
betterendforge:iron_bulb_lantern_cyan, Cyan Iron Bulb Lantern
betterendforge:iron_bulb_lantern_purple, Purple Iron Bulb Lantern
betterendforge:iron_bulb_lantern_blue, Blue Iron Bulb Lantern
betterendforge:iron_bulb_lantern_brown, Brown Iron Bulb Lantern
betterendforge:iron_bulb_lantern_green, Green Iron Bulb Lantern
betterendforge:iron_bulb_lantern_red, Red Iron Bulb Lantern
betterendforge:iron_bulb_lantern_black, Black Iron Bulb Lantern
betterendforge:flamaea, Flamaea
betterendforge:charcoal_block, Charcoal Block
bt:stone_brick_wall, Stone Brick Wall
bt:mega_structure_block, Mega Structure Block
botania:livingwood0stairs, tile.livingwood0Stairs.name
botania:livingwood0slab:0, Livingwood Slab
botania:livingwood0wall, tile.livingwood0Wall.name
botania:livingwood1stairs, tile.livingwood1Stairs.name
botania:livingwood1slab:0, Livingwood Plank Slab
botania:livingrock0stairs, tile.livingrock0Stairs.name
botania:livingrock0slab:0, Livingrock Slab
botania:livingrock0wall, tile.livingrock0Wall.name
botania:livingrock1stairs, tile.livingrock1Stairs.name
botania:livingrock1slab:0, Livingrock Brick Slab
botania:dreamwood0stairs, tile.dreamwood0Stairs.name
botania:dreamwood0slab:0, Dreamwood Slab
botania:dreamwood0wall, tile.dreamwood0Wall.name
botania:dreamwood1stairs, tile.dreamwood1Stairs.name
botania:dreamwood1slab:0, Dreamwood Plank Slab
botania:quartztypedark:0, Block of Smokey Quartz
botania:quartztypedark:1, Chiseled Smokey Quartz Block
botania:quartztypedark:2, Pillar Smokey Quartz Block
botania:quartzslabdarkhalf:0, Smokey Quartz Slab
botania:quartzstairsdark, tile.quartzStairsDark.name
botania:quartztypemana:0, Block of Mana Quartz
botania:quartztypemana:1, Chiseled Mana Quartz Block
botania:quartztypemana:2, Pillar Mana Quartz Block
botania:quartzslabmanahalf:0, Mana Quartz Slab
botania:quartzstairsmana, tile.quartzStairsMana.name
botania:quartztypeblaze:0, Block of Blaze Quartz
botania:quartztypeblaze:1, Chiseled Blaze Quartz Block
botania:quartztypeblaze:2, Pillar Blaze Quartz Block
botania:quartzslabblazehalf:0, Blaze Quartz Slab
botania:quartzstairsblaze, tile.quartzStairsBlaze.name
botania:quartztypelavender:0, Block of Lavender Quartz
botania:quartztypelavender:1, Chiseled Lavender Quartz Block
botania:quartztypelavender:2, Pillar Lavender Quartz Block
botania:quartzslablavenderhalf:0, Lavender Quartz Slab
botania:quartzstairslavender, tile.quartzStairsLavender.name
botania:quartztypered:0, Block of Redquartz
botania:quartztypered:1, Chiseled Redquartz Block
botania:quartztypered:2, Pillar Redquartz Block
botania:quartzslabredhalf:0, Redquartz Slab
botania:quartzstairsred, tile.quartzStairsRed.name
botania:quartztypeelf:0, Block of Elven Quartz
botania:quartztypeelf:1, Chiseled Elven Quartz Block
botania:quartztypeelf:2, Pillar Elven Quartz Block
botania:quartzslabelfhalf:0, Elven Quartz Slab
botania:quartzstairself, tile.quartzStairsElf.name
botania:quartztypesunny:0, Block of Sunny Quartz
botania:quartztypesunny:1, Chiseled Sunny Quartz Block
botania:quartztypesunny:2, Pillar Sunny Quartz Block
botania:quartzslabsunnyhalf:0, Sunny Quartz Slab
botania:quartzstairssunny, tile.quartzStairsSunny.name
botania:biomestonea:0, Metamorphic Forest Stone
botania:biomestonea:1, Metamorphic Plains Stone
botania:biomestonea:2, Metamorphic Mountain Stone
botania:biomestonea:3, Metamorphic Fungal Stone
botania:biomestonea:4, Metamorphic Swamp Stone
botania:biomestonea:5, Metamorphic Desert Stone
botania:biomestonea:6, Metamorphic Taiga Stone
botania:biomestonea:7, Metamorphic Mesa Stone
botania:biomestonea:8, Metamorphic Forest Cobblestone
botania:biomestonea:9, Metamorphic Plains Cobblestone
botania:biomestonea:10, Metamorphic Mountain Cobblestone
botania:biomestonea:11, Metamorphic Fungal Cobblestone
botania:biomestonea:12, Metamorphic Swamp Cobblestone
botania:biomestonea:13, Metamorphic Desert Cobblestone
botania:biomestonea:14, Metamorphic Taiga Cobblestone
botania:biomestonea:15, Metamorphic Mesa Cobblestone
botania:biomestoneb:0, Metamorphic Forest Stone Bricks
botania:biomestoneb:1, Metamorphic Plains Stone Bricks
botania:biomestoneb:2, Metamorphic Mountain Stone Bricks
botania:biomestoneb:3, Metamorphic Fungal Stone Bricks
botania:biomestoneb:4, Metamorphic Swamp Stone Bricks
botania:biomestoneb:5, Metamorphic Desert Stone Bricks
botania:biomestoneb:6, Metamorphic Taiga Stone Bricks
botania:biomestoneb:7, Metamorphic Mesa Stone Bricks
botania:biomestoneb:8, Chiseled Metamorphic Forest Stone Brick
botania:biomestoneb:9, Chiseled Metamorphic Plains Stone Brick
botania:biomestoneb:10, Chiseled Metamorphic Mountain Stone Brick
botania:biomestoneb:11, Chiseled Metamorphic Fungal Stone Brick
botania:biomestoneb:12, Chiseled Metamorphic Swamp Stone Brick
botania:biomestoneb:13, Chiseled Metamorphic Desert Stone Brick
botania:biomestoneb:14, Chiseled Metamorphic Taiga Stone Brick
botania:biomestoneb:15, Chiseled Metamorphic Mesa Stone Brick
botania:pavement:0, White Portuguese Pavement
botania:pavement:1, Black Portuguese Pavement
botania:pavement:2, Blue Portuguese Pavement
botania:pavement:3, Red Portuguese Pavement
botania:pavement:4, Yellow Portuguese Pavement
botania:pavement:5, Green Portuguese Pavement
botania:biomestonea0stairs, tile.biomeStoneA0Stairs.name
botania:biomestonea0slab:0, Metamorphic Forest Stone Slab
botania:biomestonea1stairs, tile.biomeStoneA1Stairs.name
botania:biomestonea1slab:0, Metamorphic Plains Stone Slab
botania:biomestonea2stairs, tile.biomeStoneA2Stairs.name
botania:biomestonea2slab:0, Metamorphic Mountain Stone Slab
botania:biomestonea3stairs, tile.biomeStoneA3Stairs.name
botania:biomestonea3slab:0, Metamorphic Fungal Stone Slab
botania:biomestonea4stairs, tile.biomeStoneA4Stairs.name
botania:biomestonea4slab:0, Metamorphic Swamp Stone Slab
botania:biomestonea5stairs, tile.biomeStoneA5Stairs.name
botania:biomestonea5slab:0, Metamorphic Desert Stone Slab
botania:biomestonea6stairs, tile.biomeStoneA6Stairs.name
botania:biomestonea6slab:0, Metamorphic Taiga Stone Slab
botania:biomestonea7stairs, tile.biomeStoneA7Stairs.name
botania:biomestonea7slab:0, Metamorphic Mesa Stone Slab
botania:biomestonea8stairs, tile.biomeStoneA8Stairs.name
botania:biomestonea8slab:0, Metamorphic Forest Cobblestone Slab
botania:biomestonea9stairs, tile.biomeStoneA9Stairs.name
botania:biomestonea9slab:0, Metamorphic Plains Cobblestone Slab
botania:biomestonea10stairs, tile.biomeStoneA10Stairs.name
botania:biomestonea10slab:0, Metamorphic Mountain Cobblestone Slab
botania:biomestonea11stairs, tile.biomeStoneA11Stairs.name
botania:biomestonea11slab:0, Metamorphic Fungal Cobblestone Slab
botania:biomestonea12stairs, tile.biomeStoneA12Stairs.name
botania:biomestonea12slab:0, Metamorphic Swamp Cobblestone Slab
botania:biomestonea13stairs, tile.biomeStoneA13Stairs.name
botania:biomestonea13slab:0, Metamorphic Desert Cobblestone Slab
botania:biomestonea14stairs, tile.biomeStoneA14Stairs.name
botania:biomestonea14slab:0, Metamorphic Taiga Cobblestone Slab
botania:biomestonea15stairs, tile.biomeStoneA15Stairs.name
botania:biomestonea15slab:0, Metamorphic Mesa Cobblestone Slab
botania:biomestoneb0stairs, tile.biomeStoneB0Stairs.name
botania:biomestoneb0slab:0, Metamorphic Forest Stone Brick Slab
botania:biomestoneb1stairs, tile.biomeStoneB1Stairs.name
botania:biomestoneb1slab:0, Metamorphic Plains Stone Brick Slab
botania:biomestoneb2stairs, tile.biomeStoneB2Stairs.name
botania:biomestoneb2slab:0, Metamorphic Mountain Stone Brick Slab
botania:biomestoneb3stairs, tile.biomeStoneB3Stairs.name
botania:biomestoneb3slab:0, Metamorphic Fungal Stone Brick Slab
botania:biomestoneb4stairs, tile.biomeStoneB4Stairs.name
botania:biomestoneb4slab:0, Metamorphic Swamp Stone Brick Slab
botania:biomestoneb5stairs, tile.biomeStoneB5Stairs.name
botania:biomestoneb5slab:0, Metamorphic Desert Stone Brick Slab
botania:biomestoneb6stairs, tile.biomeStoneB6Stairs.name
botania:biomestoneb6slab:0, Metamorphic Taiga Stone Brick Slab
botania:biomestoneb7stairs, tile.biomeStoneB7Stairs.name
botania:biomestoneb7slab:0, Metamorphic Mesa Stone Bricks Slab
botania:biomestonea0wall:0, Metamorphic Forest Cobblestone Wall
botania:biomestonea0wall:1, Metamorphic Plains Cobblestone Wall
botania:biomestonea0wall:2, Metamorphic Mountain Cobblestone Wall
botania:biomestonea0wall:3, Metamorphic Fungal Cobblestone Wall
botania:biomestonea0wall:4, Metamorphic Swamp Cobblestone Wall
botania:biomestonea0wall:5, Metamorphic Desert Cobblestone Wall
botania:biomestonea0wall:6, Metamorphic Taiga Cobblestone Wall
botania:biomestonea0wall:7, Metamorphic Mesa Cobblestone Wall
botania:pavement0stairs, tile.pavement0Stairs.name
botania:pavement0slab:0, White Portuguese Pavement Slab
botania:pavement1stairs, tile.pavement1Stairs.name
botania:pavement1slab:0, Black Portuguese Pavement Slab
botania:pavement2stairs, tile.pavement2Stairs.name
botania:pavement2slab:0, Blue Portuguese Pavement Slab
botania:pavement3stairs, tile.pavement3Stairs.name
botania:pavement3slab:0, Red Portuguese Pavement Slab
botania:pavement4stairs, tile.pavement4Stairs.name
botania:pavement4slab:0, Yellow Portuguese Pavement Slab
botania:pavement5stairs, tile.pavement5Stairs.name
botania:pavement5slab:0, Green Portuguese Pavement Slab
botania:shimmerrock0slab:0, Shimmerrock Slab
botania:shimmerrock0stairs, tile.shimmerrock0Stairs.name
botania:shimmerwoodplanks0slab:0, Shimmerwood Plank Slab
botania:shimmerwoodplanks0stairs, tile.shimmerwoodPlanks0Stairs.name
botania:managlasspane, tile.manaGlassPane.name
botania:elfglasspane, tile.elfGlassPane.name
botania:bifrostpermpane, tile.bifrostPermPane.name
botania:lexicon, item.lexicon.name
botania:petal:0, Mystical White Petal
botania:petal:1, Mystical Orange Petal
botania:petal:2, Mystical Magenta Petal
botania:petal:3, Mystical Light Blue Petal
botania:petal:4, Mystical Yellow Petal
botania:petal:5, Mystical Lime Petal
botania:petal:6, Mystical Pink Petal
botania:petal:7, Mystical Gray Petal
botania:petal:8, Mystical Light Gray Petal
botania:petal:9, Mystical Cyan Petal
botania:petal:10, Mystical Purple Petal
botania:petal:11, Mystical Blue Petal
botania:petal:12, Mystical Brown Petal
botania:petal:13, Mystical Green Petal
botania:petal:14, Mystical Red Petal
botania:petal:15, Mystical Black Petal
botania:dye:0, Floral White Powder
botania:dye:1, Floral Orange Powder
botania:dye:2, Floral Magenta Powder
botania:dye:3, Floral Light Blue Powder
botania:dye:4, Floral Yellow Powder
botania:dye:5, Floral Lime Powder
botania:dye:6, Floral Pink Powder
botania:dye:7, Floral Gray Powder
botania:dye:8, Floral Light Gray Powder
botania:dye:9, Floral Cyan Powder
botania:dye:10, Floral Purple Powder
botania:dye:11, Floral Blue Powder
botania:dye:12, Floral Brown Powder
botania:dye:13, Floral Green Powder
botania:dye:14, Floral Red Powder
botania:dye:15, Floral Black Powder
botania:pestleandmortar, item.pestleAndMortar.name
botania:twigwand:0, Wand of the Forest
botania:twigwand:0, Wand of the Forest
botania:twigwand:0, Wand of the Forest
botania:twigwand:0, Wand of the Forest
botania:twigwand:0, Wand of the Forest
botania:twigwand:0, Wand of the Forest
botania:twigwand:0, Wand of the Forest
botania:twigwand:0, Wand of the Forest
botania:twigwand:0, Wand of the Forest
botania:twigwand:0, Wand of the Forest
botania:twigwand:0, Wand of the Forest
botania:twigwand:0, Wand of the Forest
botania:twigwand:0, Wand of the Forest
botania:twigwand:0, Wand of the Forest
botania:twigwand:0, Wand of the Forest
botania:twigwand:0, Wand of the Forest
botania:manaresource:0, Manasteel Ingot
botania:manaresource:1, Mana Pearl
botania:manaresource:2, Mana Diamond
botania:manaresource:3, Livingwood Twig
botania:manaresource:4, Terrasteel Ingot
botania:manaresource:5, Gaia Spirit
botania:manaresource:6, Redstone Root
botania:manaresource:7, Elementium Ingot
botania:manaresource:8, Pixie Dust
botania:manaresource:9, Dragonstone
botania:manaresource:11, Crafting Placeholder
botania:manaresource:12, Red String
botania:manaresource:13, Dreamwood Twig
botania:manaresource:14, Gaia Spirit Ingot
botania:manaresource:15, Ender Air Bottle
botania:manaresource:16, Mana Infused String
botania:manaresource:17, Manasteel Nugget
botania:manaresource:18, Terrasteel Nugget
botania:manaresource:19, Elementium Nugget
botania:manaresource:22, Manaweave Cloth
botania:manaresource:23, Mana Powder
botania:lens:0, Mana Lens
botania:lens:1, Mana Lens: Velocity
botania:lens:2, Mana Lens: Potency
botania:lens:3, Mana Lens: Resistance
botania:lens:4, Mana Lens: Efficiency
botania:lens:5, Mana Lens: Bounce
botania:lens:6, Mana Lens: Gravity
botania:lens:7, Mana Lens: Bore
botania:lens:8, Mana Lens: Damaging
botania:lens:9, Mana Lens: Phantom
botania:lens:10, Mana Lens: Magnetizing
botania:lens:11, Mana Lens: Entropic
botania:lens:12, Mana Lens: Influence
botania:lens:13, Mana Lens: Weight
botania:lens:14, Mana Lens: Paintslinger
botania:lens:15, Mana Lens: Kindle
botania:lens:16, Mana Lens: Force
botania:lens:17, Mana Lens: Flash
botania:lens:18, Mana Lens: Warp
botania:lens:19, Mana Lens: Redirective
botania:lens:20, Mana Lens: Celebratory
botania:lens:21, Mana Lens: Flare
botania:lens:22, Mana Lens: Messenger
botania:lens:23, Mana Lens: Tripwire
botania:rune:0, Rune of Water
botania:rune:1, Rune of Fire
botania:rune:2, Rune of Earth
botania:rune:3, Rune of Air
botania:rune:4, Rune of Spring
botania:rune:5, Rune of Summer
botania:rune:6, Rune of Autumn
botania:rune:7, Rune of Winter
botania:rune:8, Rune of Mana
botania:rune:9, Rune of Lust
botania:rune:10, Rune of Gluttony
botania:rune:11, Rune of Greed
botania:rune:12, Rune of Sloth
botania:rune:13, Rune of Wrath
botania:rune:14, Rune of Envy
botania:rune:15, Rune of Pride
botania:manatablet, item.manaTablet.name
botania:managun, item.manaGun.name
botania:manacookie, item.manaCookie.name
botania:fertilizer, item.fertilizer.name
botania:grassseeds:0, Pasture Seeds
botania:grassseeds:1, Boreal Seeds
botania:grassseeds:2, Infestation Spores
botania:grassseeds:3, Dry Pasture Seeds
botania:grassseeds:4, Golden Pasture Seeds
botania:grassseeds:5, Vivid Pasture Seeds
botania:grassseeds:6, Scorched Pasture Seeds
botania:grassseeds:7, Infused Pasture Seeds
botania:grassseeds:8, Mutated Pasture Seeds
botania:dirtrod, item.dirtRod.name
botania:terraformrod, item.terraformRod.name
botania:grasshorn:0, Horn of the Wild
botania:grasshorn:1, Horn of the Canopy
botania:grasshorn:2, Horn of the Covering
botania:manamirror, item.manaMirror.name
botania:manasteelhelm, item.manasteelHelm.name
botania:manasteelhelmreveal, item.manasteelHelmReveal.name
botania:manasteelchest, item.manasteelChest.name
botania:manasteellegs, item.manasteelLegs.name
botania:manasteelboots, item.manasteelBoots.name
botania:manasteelpick, item.manasteelPick.name
botania:manasteelshovel, item.manasteelShovel.name
botania:manasteelaxe, item.manasteelAxe.name
botania:manasteelsword, item.manasteelSword.name
botania:manasteelshears, item.manasteelShears.name
botania:terrasteelhelm, item.terrasteelHelm.name
botania:terrasteelhelmreveal, item.terrasteelHelmReveal.name
botania:terrasteelchest, item.terrasteelChest.name
botania:terrasteellegs, item.terrasteelLegs.name
botania:terrasteelboots, item.terrasteelBoots.name
botania:terrasword, item.terraSword.name
botania:tinyplanet, item.tinyPlanet.name
botania:manaring, item.manaRing.name
botania:auraring, item.auraRing.name
botania:manaringgreater, item.manaRingGreater.name
botania:auraringgreater, item.auraRingGreater.name
botania:travelbelt, item.travelBelt.name
botania:knockbackbelt, item.knockbackBelt.name
botania:icependant, item.icePendant.name
botania:lavapendant, item.lavaPendant.name
botania:magnetring, item.magnetRing.name
botania:waterring, item.waterRing.name
botania:miningring, item.miningRing.name
botania:terrapick, item.terraPick.name
botania:divacharm, item.divaCharm.name
botania:flighttiara:0, Flügel Tiara
botania:flighttiara:1, Flügel Tiara
botania:flighttiara:2, Flügel Tiara
botania:flighttiara:3, Flügel Tiara
botania:flighttiara:4, Flügel Tiara
botania:flighttiara:5, Flügel Tiara
botania:flighttiara:6, Flügel Tiara
botania:flighttiara:7, Flügel Tiara
botania:flighttiara:8, Flügel Tiara
botania:enderdagger, item.enderDagger.name
botania:quartz:0, Smokey Quartz
botania:quartz:1, Mana Quartz
botania:quartz:2, Blaze Quartz
botania:quartz:3, Lavender Quartz
botania:quartz:4, Redquartz
botania:quartz:5, Elven Quartz
botania:quartz:6, Sunny Quartz
botania:waterrod, item.waterRod.name
botania:elementiumhelm, item.elementiumHelm.name
botania:elementiumhelmreveal, item.elementiumHelmReveal.name
botania:elementiumchest, item.elementiumChest.name
botania:elementiumlegs, item.elementiumLegs.name
botania:elementiumboots, item.elementiumBoots.name
botania:elementiumpick, item.elementiumPick.name
botania:elementiumshovel, item.elementiumShovel.name
botania:elementiumaxe, item.elementiumAxe.name
botania:elementiumsword, item.elementiumSword.name
botania:elementiumshears, item.elementiumShears.name
botania:openbucket, item.openBucket.name
botania:spawnermover, item.spawnerMover.name
botania:pixiering, item.pixieRing.name
botania:supertravelbelt, item.superTravelBelt.name
botania:rainbowrod, item.rainbowRod.name
botania:tornadorod, item.tornadoRod.name
botania:firerod, item.fireRod.name
botania:vineball, item.vineBall.name
botania:slingshot, item.slingshot.name
botania:manabottle, item.manaBottle.name
botania:laputashard:0, Shard of Laputa
botania:laputashard:4, Shard of Laputa
botania:laputashard:9, Shard of Laputa
botania:laputashard:14, Shard of Laputa
botania:laputashard:19, Shard of Laputa
botania:virus:0, Necrodermal Virus
botania:virus:1, Nullodermal Virus
botania:reachring, item.reachRing.name
botania:skydirtrod, item.skyDirtRod.name
botania:itemfinder, item.itemFinder.name
botania:superlavapendant, item.superLavaPendant.name
botania:enderhand, item.enderHand.name
botania:glasspick, item.glassPick.name
botania:spark, item.spark.name
botania:sparkupgrade:0, Spark Augment: Dispersive
botania:sparkupgrade:1, Spark Augment: Dominant
botania:sparkupgrade:2, Spark Augment: Recessive
botania:sparkupgrade:3, Spark Augment: Isolated
botania:diviningrod, item.diviningRod.name
botania:gravityrod, item.gravityRod.name
botania:manainkwell, item.manaInkwell.name
botania:vial:0, Managlass Vial
botania:vial:1, Alfglass Flask
botania:brewvial, item.brewVial.name
botania:brewflask, item.brewFlask.name
botania:bloodpendant, item.bloodPendant.name
botania:missilerod, item.missileRod.name
botania:holycloak, item.holyCloak.name
botania:unholycloak, item.unholyCloak.name
botania:balancecloak, item.balanceCloak.name
botania:craftinghalo, item.craftingHalo.name
botania:blacklotus:0, Black Lotus
botania:blacklotus:1, Blacker Lotus
botania:monocle, item.monocle.name
botania:clip, item.clip.name
botania:cobblerod, item.cobbleRod.name
botania:smeltrod, item.smeltRod.name
botania:worldseed, item.worldSeed.name
botania:spellcloth, item.spellCloth.name
botania:thornchakram:0, Thorn Chakram
botania:thornchakram:1, Flare Chakram
botania:overgrowthseed, item.overgrowthSeed.name
botania:craftpattern:0, Crafting Pattern #1: 1x1
botania:craftpattern:1, Crafting Pattern #2: 2x2
botania:craftpattern:2, Crafting Pattern #3: 1x2
botania:craftpattern:3, Crafting Pattern #4: 2x1
botania:craftpattern:4, Crafting Pattern #5: 1x3
botania:craftpattern:5, Crafting Pattern #6: 3x1
botania:craftpattern:6, Crafting Pattern #7: 2x3
botania:craftpattern:7, Crafting Pattern #8: 3x2
botania:craftpattern:8, Crafting Pattern #9: Donut
botania:ancientwill:0, Will of Ahrim
botania:ancientwill:1, Will of Dharok
botania:ancientwill:2, Will of Guthan
botania:ancientwill:3, Will of Torag
botania:ancientwill:4, Will of Verac
botania:ancientwill:5, Will of Karil
botania:corporeaspark:0, Corporea Spark
botania:corporeaspark:1, Master Corporea Spark
botania:livingwoodbow, item.livingwoodBow.name
botania:crystalbow, item.crystalBow.name
botania:cosmetic:0, Black Bowtie
botania:cosmetic:1, Black Tie
botania:cosmetic:2, Red Glasses
botania:cosmetic:3, Puffy Scarf
botania:cosmetic:4, Engineer Goggles
botania:cosmetic:5, Eyepatch
botania:cosmetic:6, Wicked Eyepatch
botania:cosmetic:7, Red Ribbons
botania:cosmetic:8, Pink Flower Bud
botania:cosmetic:9, Polka-Dotted Bows
botania:cosmetic:10, Blue Butterfly
botania:cosmetic:11, Cat Ears
botania:cosmetic:12, Witch Pin
botania:cosmetic:13, Devil Tail
botania:cosmetic:14, Kamui Eye
botania:cosmetic:15, Googly Eyes
botania:cosmetic:16, Four-Leafed Clover
botania:cosmetic:17, Clock Eye
botania:cosmetic:18, Unicorn Horn
botania:cosmetic:19, Devil Horns
botania:cosmetic:20, Hyper Plus
botania:cosmetic:21, Botanist Emblem
botania:cosmetic:22, Ancient Mask
botania:cosmetic:23, Eerie Mask
botania:cosmetic:24, Alien Antenna
botania:cosmetic:25, Anaglyph Glasses
botania:cosmetic:26, Orange Shades
botania:cosmetic:27, Groucho Glasses
botania:cosmetic:28, Thick Eyebrows
botania:cosmetic:29, Lusitanic Shield
botania:cosmetic:30, Tiny Potato Mask
botania:cosmetic:31, Questgiver Mark
botania:cosmetic:32, Thinking Hand
botania:swapring, item.swapRing.name
botania:flowerbag, item.flowerBag.name
botania:phantomink, item.phantomInk.name
botania:poolminecart, item.poolMinecart.name
botania:pinkinator, item.pinkinator.name
botania:infinitefruit, item.infiniteFruit.name
botania:kingkey, item.kingKey.name
botania:flugeleye, item.flugelEye.name
botania:thorring, item.thorRing.name
botania:odinring, item.odinRing.name
botania:lokiring, item.lokiRing.name
botania:dice, item.dice.name
botania:keepivy, item.keepIvy.name
botania:blackholetalisman:0, Black Hole Talisman
botania:recordgaia1, item.recordGaia1.name
botania:recordgaia2, item.recordGaia2.name
botania:temperancestone:0, Stone of Temperance
botania:incensestick, item.incenseStick.name
botania:terraaxe, item.terraAxe.name
botania:waterbowl, item.waterBowl.name
botania:obediencestick, item.obedienceStick.name
botania:cacophonium, item.cacophonium.name
botania:slimebottle:0, Slime in a Bottle
botania:starsword, item.starSword.name
botania:exchangerod, item.exchangeRod.name
botania:magnetringgreater, item.magnetRingGreater.name
botania:thundersword, item.thunderSword.name
botania:manaweavehelm, item.manaweaveHelm.name
botania:manaweavechest, item.manaweaveChest.name
botania:manaweavelegs, item.manaweaveLegs.name
botania:manaweaveboots, item.manaweaveBoots.name
botania:autocraftinghalo, item.autocraftingHalo.name
botania:gaiahead, item.gaiaHead.name
botania:sextant, item.sextant.name
botania:speedupbelt, item.speedUpBelt.name
botania:baublebox, item.baubleBox.name
botania:dodgering, item.dodgeRing.name
botania:invisibilitycloak, item.invisibilityCloak.name
botania:cloudpendant, item.cloudPendant.name
botania:supercloudpendant, item.superCloudPendant.name
botania:thirdeye, item.thirdEye.name
botania:astrolabe, item.astrolabe.name
botania:goddesscharm, item.goddessCharm.name
botania:flower:0, Mystical White Flower
botania:flower:1, Mystical Orange Flower
botania:flower:2, Mystical Magenta Flower
botania:flower:3, Mystical Light Blue Flower
botania:flower:4, Mystical Yellow Flower
botania:flower:5, Mystical Lime Flower
botania:flower:6, Mystical Pink Flower
botania:flower:7, Mystical Gray Flower
botania:flower:8, Mystical Light Gray Flower
botania:flower:9, Mystical Cyan Flower
botania:flower:10, Mystical Purple Flower
botania:flower:11, Mystical Blue Flower
botania:flower:12, Mystical Brown Flower
botania:flower:13, Mystical Green Flower
botania:flower:14, Mystical Red Flower
botania:flower:15, Mystical Black Flower
botania:altar:0, Petal Apothecary
botania:altar:1, Forest Petal Apothecary
botania:altar:2, Plains Petal Apothecary
botania:altar:3, Mountain Petal Apothecary
botania:altar:4, Fungal Petal Apothecary
botania:altar:5, Swamp Petal Apothecary
botania:altar:6, Desert Petal Apothecary
botania:altar:7, Taiga Petal Apothecary
botania:altar:8, Mesa Petal Apothecary
botania:livingrock:0, Livingrock
botania:livingrock:1, Livingrock Brick
botania:livingrock:2, Mossy Livingrock Brick
botania:livingrock:3, Cracked Livingrock Brick
botania:livingrock:4, Chiseled Livingrock Brick
botania:livingwood:0, Livingwood
botania:livingwood:1, Livingwood Planks
botania:livingwood:2, Mossy Livingwood Planks
botania:livingwood:3, Framed Livingwood
botania:livingwood:4, Pattern Framed Livingwood
botania:livingwood:5, Glimmering Livingwood
botania:specialflower:0, Pure Daisy
botania:specialflower:0, Manastar
botania:specialflower:0, Endoflame
botania:specialflower:0, Hydroangeas
botania:specialflower:0, Thermalily
botania:specialflower:0, Rosa Arcana
botania:specialflower:0, Munchdew
botania:specialflower:0, Entropinnyum
botania:specialflower:0, Kekimurus
botania:specialflower:0, Gourmaryllis
botania:specialflower:0, Narslimmus
botania:specialflower:0, Spectrolus
botania:specialflower:0, Rafflowsia
botania:specialflower:0, Shulk Me Not
botania:specialflower:0, Dandelifeon
botania:specialflower:0, Jaded Amaranthus
botania:specialflower:0, Bellethorne
botania:specialflower:0, Bellethorne Petite
botania:specialflower:0, Dreadthorne
botania:specialflower:0, Heisei Dream
botania:specialflower:0, Tigerseye
botania:specialflower:0, Marimorphosis
botania:specialflower:0, Marimorphosis Petite
botania:specialflower:0, Orechid
botania:specialflower:0, Orechid Ignem
botania:specialflower:0, Fallen Kanade
botania:specialflower:0, Exoflame
botania:specialflower:0, Agricarnation
botania:specialflower:0, Agricarnation Petite
botania:specialflower:0, Hopperhock
botania:specialflower:0, Hopperhock Petite
botania:specialflower:0, Rannuncarpus
botania:specialflower:0, Rannuncarpus Petite
botania:specialflower:0, Tangleberrie
botania:specialflower:0, Jiyuulia
botania:specialflower:0, Hyacidus
botania:specialflower:0, Medumone
botania:specialflower:0, Pollidisiac
botania:specialflower:0, Clayconia
botania:specialflower:0, Clayconia Petite
botania:specialflower:0, Loonium
botania:specialflower:0, Daffomill
botania:specialflower:0, Vinculotus
botania:specialflower:0, Spectranthemum
botania:specialflower:0, Bubbell
botania:specialflower:0, Bubbell Petite
botania:specialflower:0, Solegnolia
botania:specialflower:0, Solegnolia Petite
botania:specialflower:0, Bergamute
botania:spreader:0, Mana Spreader
botania:spreader:1, Pulse Mana Spreader
botania:spreader:2, Elven Mana Spreader
botania:spreader:3, Gaia Mana Spreader
botania:pool:0, Mana Pool
botania:pool:2, Diluted Mana Pool
botania:pool:3, Fabulous Mana Pool
botania:pool:1, The Everlasting Guilty Pool
botania:runealtar, tile.runeAltar.name
botania:pylon:0, Mana Pylon
botania:pylon:1, Natura Pylon
botania:pylon:2, Gaia Pylon
botania:pistonrelay, tile.pistonRelay.name
botania:distributor, Oxygen Bubble Distributor
botania:manavoid, tile.manaVoid.name
botania:manadetector, tile.manaDetector.name
botania:enchanter, Enchanter
botania:turntable, tile.turntable.name
botania:tinyplanetblock, tile.tinyPlanetBlock.name
botania:alchemycatalyst, tile.alchemyCatalyst.name
botania:opencrate:0, Open Crate
botania:opencrate:1, Crafty Crate
botania:foresteye, tile.forestEye.name
botania:storage:0, Block of Manasteel
botania:storage:1, Block of Terrasteel
botania:storage:2, Block of Elementium
botania:storage:3, Block of Mana Diamond
botania:storage:4, Block of Dragonstone
botania:forestdrum:0, Drum of the Wild
botania:forestdrum:1, Drum of the Gathering
botania:forestdrum:2, Drum of the Canopy
botania:shinyflower:0, Glimmering White Flower
botania:shinyflower:1, Glimmering Orange Flower
botania:shinyflower:2, Glimmering Magenta Flower
botania:shinyflower:3, Glimmering Light Blue Flower
botania:shinyflower:4, Glimmering Yellow Flower
botania:shinyflower:5, Glimmering Lime Flower
botania:shinyflower:6, Glimmering Pink Flower
botania:shinyflower:7, Glimmering Gray Flower
botania:shinyflower:8, Glimmering Light Gray Flower
botania:shinyflower:9, Glimmering Cyan Flower
botania:shinyflower:10, Glimmering Purple Flower
botania:shinyflower:11, Glimmering Blue Flower
botania:shinyflower:12, Glimmering Brown Flower
botania:shinyflower:13, Glimmering Green Flower
botania:shinyflower:14, Glimmering Red Flower
botania:shinyflower:15, Glimmering Black Flower
botania:platform:0, Abstruse Platform
botania:platform:1, Spectral Platform
botania:platform:2, Infrangible Platform
botania:alfheimportal, tile.alfheimPortal.name
botania:dreamwood:0, Dreamwood
botania:dreamwood:1, Dreamwood Planks
botania:dreamwood:2, Mossy Dreamwood Planks
botania:dreamwood:3, Framed Dreamwood
botania:dreamwood:4, Pattern Framed Dreamwood
botania:dreamwood:5, Glimmering Dreamwood
botania:conjurationcatalyst, tile.conjurationCatalyst.name
botania:bifrost, tile.bifrost.name
botania:miniisland:0, Floating White Flower
botania:miniisland:1, Floating Orange Flower
botania:miniisland:2, Floating Magenta Flower
botania:miniisland:3, Floating Light Blue Flower
botania:miniisland:4, Floating Yellow Flower
botania:miniisland:5, Floating Lime Flower
botania:miniisland:6, Floating Pink Flower
botania:miniisland:7, Floating Gray Flower
botania:miniisland:8, Floating Light Gray Flower
botania:miniisland:9, Floating Cyan Flower
botania:miniisland:10, Floating Purple Flower
botania:miniisland:11, Floating Blue Flower
botania:miniisland:12, Floating Brown Flower
botania:miniisland:13, Floating Green Flower
botania:miniisland:14, Floating Red Flower
botania:miniisland:15, Floating Black Flower
botania:tinypotato, tile.tinyPotato.name
botania:spawnerclaw, tile.spawnerClaw.name
botania:custombrick:0, Azulejo
botania:custombrick:1, Azulejo
botania:custombrick:2, Azulejo
botania:custombrick:3, Azulejo
botania:custombrick:4, Azulejo
botania:custombrick:5, Azulejo
botania:custombrick:6, Azulejo
botania:custombrick:7, Azulejo
botania:custombrick:8, Azulejo
botania:custombrick:9, Azulejo
botania:custombrick:10, Azulejo
botania:custombrick:11, Azulejo
botania:custombrick:12, Azulejo
botania:custombrick:13, Azulejo
botania:custombrick:14, Azulejo
botania:custombrick:15, Azulejo
botania:endereyeblock, tile.enderEyeBlock.name
botania:starfield, tile.starfield.name
botania:rfgenerator, tile.rfGenerator.name
botania:elfglass, tile.elfGlass.name
botania:brewery, tile.brewery.name
botania:managlass, tile.manaGlass.name
botania:terraplate, tile.terraPlate.name
botania:redstringcontainer, tile.redStringContainer.name
botania:redstringdispenser, tile.redStringDispenser.name
botania:redstringfertilizer, tile.redStringFertilizer.name
botania:redstringcomparator, tile.redStringComparator.name
botania:redstringrelay, tile.redStringRelay.name
botania:floatingspecialflower:0, Floating Pure Daisy
botania:floatingspecialflower:0, Floating Manastar
botania:floatingspecialflower:0, Floating Endoflame
botania:floatingspecialflower:0, Floating Hydroangeas
botania:floatingspecialflower:0, Floating Thermalily
botania:floatingspecialflower:0, Floating Rosa Arcana
botania:floatingspecialflower:0, Floating Munchdew
botania:floatingspecialflower:0, Floating Entropinnyum
botania:floatingspecialflower:0, Floating Kekimurus
botania:floatingspecialflower:0, Floating Gourmaryllis
botania:floatingspecialflower:0, Floating Narslimmus
botania:floatingspecialflower:0, Floating Spectrolus
botania:floatingspecialflower:0, Floating Rafflowsia
botania:floatingspecialflower:0, Floating Shulk Me Not
botania:floatingspecialflower:0, Floating Dandelifeon
botania:floatingspecialflower:0, Floating Jaded Amaranthus
botania:floatingspecialflower:0, Floating Bellethorne
botania:floatingspecialflower:0, Floating Bellethorne Petite
botania:floatingspecialflower:0, Floating Dreadthorne
botania:floatingspecialflower:0, Floating Heisei Dream
botania:floatingspecialflower:0, Floating Tigerseye
botania:floatingspecialflower:0, Floating Marimorphosis
botania:floatingspecialflower:0, Floating Marimorphosis Petite
botania:floatingspecialflower:0, Floating Orechid
botania:floatingspecialflower:0, Floating Orechid Ignem
botania:floatingspecialflower:0, Floating Fallen Kanade
botania:floatingspecialflower:0, Floating Exoflame
botania:floatingspecialflower:0, Floating Agricarnation
botania:floatingspecialflower:0, Floating Agricarnation Petite
botania:floatingspecialflower:0, Floating Hopperhock
botania:floatingspecialflower:0, Floating Hopperhock Petite
botania:floatingspecialflower:0, Floating Rannuncarpus
botania:floatingspecialflower:0, Floating Rannuncarpus Petite
botania:floatingspecialflower:0, Floating Tangleberrie
botania:floatingspecialflower:0, Floating Jiyuulia
botania:floatingspecialflower:0, Floating Hyacidus
botania:floatingspecialflower:0, Floating Medumone
botania:floatingspecialflower:0, Floating Pollidisiac
botania:floatingspecialflower:0, Floating Clayconia
botania:floatingspecialflower:0, Floating Clayconia Petite
botania:floatingspecialflower:0, Floating Loonium
botania:floatingspecialflower:0, Floating Daffomill
botania:floatingspecialflower:0, Floating Vinculotus
botania:floatingspecialflower:0, Floating Spectranthemum
botania:floatingspecialflower:0, Floating Bubbell
botania:floatingspecialflower:0, Floating Bubbell Petite
botania:floatingspecialflower:0, Floating Solegnolia
botania:floatingspecialflower:0, Floating Solegnolia Petite
botania:floatingspecialflower:0, Floating Bergamute
botania:prism, tile.prism.name
botania:enchantedsoil, tile.enchantedSoil.name
botania:petalblock:0, White Petal Block
botania:petalblock:1, Orange Petal Block
botania:petalblock:2, Magenta Petal Block
botania:petalblock:3, Light Blue Petal Block
botania:petalblock:4, Yellow Petal Block
botania:petalblock:5, Lime Petal Block
botania:petalblock:6, Pink Petal Block
botania:petalblock:7, Gray Petal Block
botania:petalblock:8, Light Gray Petal Block
botania:petalblock:9, Cyan Petal Block
botania:petalblock:10, Purple Petal Block
botania:petalblock:11, Blue Petal Block
botania:petalblock:12, Brown Petal Block
botania:petalblock:13, Green Petal Block
botania:petalblock:14, Red Petal Block
botania:petalblock:15, Black Petal Block
botania:corporeaindex, tile.corporeaIndex.name
botania:corporeafunnel, tile.corporeaFunnel.name
botania:mushroom:0, White Shimmering Mushroom
botania:mushroom:1, Orange Shimmering Mushroom
botania:mushroom:2, Magenta Shimmering Mushroom
botania:mushroom:3, Light Blue Shimmering Mushroom
botania:mushroom:4, Yellow Shimmering Mushroom
botania:mushroom:5, Lime Shimmering Mushroom
botania:mushroom:6, Pink Shimmering Mushroom
botania:mushroom:7, Gray Shimmering Mushroom
botania:mushroom:8, Light Gray Shimmering Mushroom
botania:mushroom:9, Cyan Shimmering Mushroom
botania:mushroom:10, Purple Shimmering Mushroom
botania:mushroom:11, Blue Shimmering Mushroom
botania:mushroom:12, Brown Shimmering Mushroom
botania:mushroom:13, Green Shimmering Mushroom
botania:mushroom:14, Red Shimmering Mushroom
botania:mushroom:15, Black Shimmering Mushroom
botania:pump, tile.pump.name
botania:doubleflower1:0, Tall Mystical White Flower
botania:doubleflower1:1, Tall Mystical Orange Flower
botania:doubleflower1:2, Tall Mystical Magenta Flower
botania:doubleflower1:3, Tall Mystical Light Blue Flower
botania:doubleflower1:4, Tall Mystical Yellow Flower
botania:doubleflower1:5, Tall Mystical Lime Flower
botania:doubleflower1:6, Tall Mystical Pink Flower
botania:doubleflower1:7, Tall Mystical Gray Flower
botania:doubleflower2:0, Tall Mystical Light Gray Flower
botania:doubleflower2:1, Tall Mystical Cyan Flower
botania:doubleflower2:2, Tall Mystical Purple Flower
botania:doubleflower2:3, Tall Mystical Blue Flower
botania:doubleflower2:4, Tall Mystical Brown Flower
botania:doubleflower2:5, Tall Mystical Green Flower
botania:doubleflower2:6, Tall Mystical Red Flower
botania:doubleflower2:7, Tall Mystical Black Flower
botania:blazeblock, tile.blazeBlock.name
botania:corporeainterceptor, tile.corporeaInterceptor.name
botania:corporeacrystalcube, tile.corporeaCrystalCube.name
botania:incenseplate, tile.incensePlate.name
botania:hourglass, tile.hourglass.name
botania:ghostrail, tile.ghostRail.name
botania:sparkchanger, tile.sparkChanger.name
botania:root, tile.root.name
botania:felpumpkin, tile.felPumpkin.name
botania:cocoon, tile.cocoon.name
botania:lightrelay:0, Luminizer
botania:lightrelay:1, Detector Luminizer
botania:lightrelay:2, Fork Luminizer
botania:lightrelay:3, Toggle Luminizer
botania:lightlauncher, tile.lightLauncher.name
botania:manabomb, tile.manaBomb.name
botania:cacophoniumblock, tile.cacophoniumBlock.name
botania:bellows, Arcane Bellows
botania:bifrostperm, tile.bifrostPerm.name
botania:cellblock, tile.cellBlock.name
botania:redstringinterceptor, tile.redStringInterceptor.name
botania:corporearetainer, tile.corporeaRetainer.name
botania:teruterubozu, tile.teruTeruBozu.name
botania:shimmerrock, tile.shimmerrock.name
botania:shimmerwoodplanks, tile.shimmerwoodPlanks.name
botania:avatar, tile.avatar.name
botania:altgrass:0, Dry Grass
botania:altgrass:1, Golden Grass
botania:altgrass:2, Vivid Grass
botania:altgrass:3, Scorched Grass
botania:altgrass:4, Infused Grass
botania:altgrass:5, Mutated Grass
botania:animatedtorch, tile.animatedTorch.name
bountifulbaubles:reforger, Reforging Station
bountifulbaubles:modifierbook, item.bountifulbaubles.modifierBook.name
bountifulbaubles:ringiron, Iron Ring
bountifulbaubles:trinketballoon, Balloon
bountifulbaubles:shieldcobalt, Cobalt Shield
bountifulbaubles:trinketobsidianskull, Obsidian Skull
bountifulbaubles:shieldobsidian, Obsidian Shield
bountifulbaubles:trinketmagiclenses, Sunglasses
bountifulbaubles:trinketapple, Forbidden Fruit
bountifulbaubles:trinketvitamins, Vitamins
bountifulbaubles:ringoverclocking, Ring of Overclocking
bountifulbaubles:trinketshulkerheart, Shulker Heart
bountifulbaubles:ringfreeaction, Ring of Free Action
bountifulbaubles:trinketbezoar, Bezoar
bountifulbaubles:enderdragonscale, Ender Dragon Scale
bountifulbaubles:brokenblackdragonscale, Cracked Black Dragon Scale
bountifulbaubles:trinketblackdragonscale, Black Dragon Scale
bountifulbaubles:trinketmixeddragonscale, Mixed Color Dragon Scale
bountifulbaubles:trinketankhcharm, Ankh Charm
bountifulbaubles:shieldankh, Ankh Shield
bountifulbaubles:ringflywheel, Flywheel Ring
bountifulbaubles:ringflywheeladvanced, Advanced Flywheel Ring
bountifulbaubles:magicmirror, Magic Mirror
bountifulbaubles:potionrecall, Recall Potion
bountifulbaubles:wormholemirror, Wormhole Mirror
bountifulbaubles:potionwormhole, Wormhole Potion
bountifulbaubles:trinketluckyhorseshoe, Lucky Horseshoe
bountifulbaubles:amuletsinempty, Sin Pendant (Empty)
bountifulbaubles:amuletsingluttony, Gluttony Pendant
bountifulbaubles:crowngold, Golden Crown
bountifulbaubles:amuletsinpride, Pride Pendant
bountifulbaubles:amuletsinwrath, Wrath Pendant
bountifulbaubles:trinketbrokenheart, Broken Heart
bountifulbaubles:amuletcross, Cross Necklace
bountifulbaubles:phantomprism, Phantom Prism
bountifulbaubles:disintegrationtablet, Disintegration Tablet
bountifulbaubles:spectralsilt, Spectral Silt
bountifulbaubles:flaregun, Flare Gun
bountifulbaubles:flare_red, Flare
buildcraftlib:guide, BuildCraft Guide Book
buildcraftlib:guide_note, BuildCraft Guide Book Note
buildcraftlib:debugger, Debugger
champions:champion_egg, Spawn Champion
colytra:elytra_bauble, Elytra
comforts:sleeping_bag:0, White Sleeping Bag
comforts:sleeping_bag:1, Orange Sleeping Bag
comforts:sleeping_bag:2, Magenta Sleeping Bag
comforts:sleeping_bag:3, Light Blue Sleeping Bag
comforts:sleeping_bag:4, Yellow Sleeping Bag
comforts:sleeping_bag:5, Lime Sleeping Bag
comforts:sleeping_bag:6, Pink Sleeping Bag
comforts:sleeping_bag:7, Gray Sleeping Bag
comforts:sleeping_bag:8, Light Gray Sleeping Bag
comforts:sleeping_bag:9, Cyan Sleeping Bag
comforts:sleeping_bag:10, Purple Sleeping Bag
comforts:sleeping_bag:11, Blue Sleeping Bag
comforts:sleeping_bag:12, Brown Sleeping Bag
comforts:sleeping_bag:13, Green Sleeping Bag
comforts:sleeping_bag:14, Red Sleeping Bag
comforts:sleeping_bag:15, Black Sleeping Bag
comforts:hammock:0, White Hammock Cloth
comforts:hammock:1, Orange Hammock Cloth
comforts:hammock:2, Magenta Hammock Cloth
comforts:hammock:3, Light Blue Hammock Cloth
comforts:hammock:4, Yellow Hammock Cloth
comforts:hammock:5, Lime Hammock Cloth
comforts:hammock:6, Pink Hammock Cloth
comforts:hammock:7, Gray Hammock Cloth
comforts:hammock:8, Light Gray Hammock Cloth
comforts:hammock:9, Cyan Hammock Cloth
comforts:hammock:10, Purple Hammock Cloth
comforts:hammock:11, Blue Hammock Cloth
comforts:hammock:12, Brown Hammock Cloth
comforts:hammock:13, Green Hammock Cloth
comforts:hammock:14, Red Hammock Cloth
comforts:hammock:15, Black Hammock Cloth
comforts:rope, Rope and Nail
coroutil:repairing_block, Repairing Block
coroutil:item_repairing_gel, Repairing Gel
crossbows:crossbow, Crossbow
culinaryconstruct:sandwich_station, Sandwich Station
culinaryconstruct:sandwich, Sandwich
deeperdepths:deepslate:0, Deepslate
deeperdepths:deepslate:1, Infested Deepslate
deeperdepths:stone:0, Tuff
deeperdepths:stone:1, Polished Tuff
deeperdepths:stone:2, Chiseled Tuff
deeperdepths:stone:3, Tuff Bricks
deeperdepths:stone:4, Chiseled Tuff Bricks
deeperdepths:stone:5, Calcite
deeperdepths:stone:6, Cobbled Deepslate
deeperdepths:stone:7, Chiseled Deepslate
deeperdepths:stone:8, Polished Deepslate
deeperdepths:stone:9, Deepslate Bricks
deeperdepths:stone:10, Cracked Deepslate Bricks
deeperdepths:stone:11, Deepslate Tiles
deeperdepths:stone:12, Cracked Deepslate Tiles
deeperdepths:stone_slab:0, Tuff Slab
deeperdepths:stone_slab:1, Polished Tuff Slab
deeperdepths:stone_slab:2, Tuff Brick Slab
deeperdepths:stone_slab:3, Cobbled Deepslate Slab
deeperdepths:stone_slab:4, Polished Deepslate Slab
deeperdepths:stone_slab:5, Deepslate Brick Slab
deeperdepths:stone_slab:6, Deepslate Tile Slab
deeperdepths:tuff_stairs, Tuff Stairs
deeperdepths:polished_tuff_stairs, Polished Tuff Stairs
deeperdepths:tuff_brick_stairs, Tuff Brick Stairs
deeperdepths:cobbled_deepslate_stairs, Cobbled Deepslate Stairs
deeperdepths:polished_deepslate_stairs, Polished Deepslate Stairs
deeperdepths:deepslate_brick_stairs, Deepslate Brick Stairs
deeperdepths:deepslate_tile_stairs, Deepslate Tile Stairs
deeperdepths:stone_wall:0, Tuff Wall
deeperdepths:stone_wall:1, Polished Tuff Wall
deeperdepths:stone_wall:2, Tuff Brick Wall
deeperdepths:stone_wall:3, Cobbled Deepslate Wall
deeperdepths:stone_wall:4, Polished Deepslate Wall
deeperdepths:stone_wall:5, Deepslate Brick Wall
deeperdepths:stone_wall:6, Deepslate Tile Wall
deeperdepths:reinforced_deepslate, Reinforced Deepslate
deeperdepths:copper_ore, Copper Ore
deeperdepths:copper_block:0, Block of Copper
deeperdepths:copper_block:1, Exposed Copper
deeperdepths:copper_block:2, Weathered Copper
deeperdepths:copper_block:3, Oxidized Copper
deeperdepths:copper_block:4, Waxed Block of Copper
deeperdepths:copper_block:5, Waxed Exposed Copper
deeperdepths:copper_block:6, Waxed Weathered Copper
deeperdepths:copper_block:7, Waxed Oxidized Copper
deeperdepths:cut_copper:0, Cut Copper
deeperdepths:cut_copper:1, Exposed Cut Copper
deeperdepths:cut_copper:2, Weathered Cut Copper
deeperdepths:cut_copper:3, Oxidized Cut Copper
deeperdepths:cut_copper:4, Waxed Cut Copper
deeperdepths:cut_copper:5, Waxed Exposed Cut Copper
deeperdepths:cut_copper:6, Waxed Weathered Cut Copper
deeperdepths:cut_copper:7, Waxed Oxidized Cut Copper
deeperdepths:cut_copper_slab:0, Cut Copper Slab
deeperdepths:cut_copper_slab:1, Exposed Cut Copper Slab
deeperdepths:cut_copper_slab:2, Weathered Cut Copper Slab
deeperdepths:cut_copper_slab:3, Oxidized Cut Copper Slab
deeperdepths:cut_copper_slab:4, Waxed Cut Copper Slab
deeperdepths:cut_copper_slab:5, Waxed Exposed Cut Copper Slab
deeperdepths:cut_copper_slab:6, Waxed Weathered Cut Copper Slab
deeperdepths:cut_copper_slab:7, Waxed Oxidized Cut Copper Slab
deeperdepths:chiseled_copper:0, Chiseled Copper
deeperdepths:chiseled_copper:1, Exposed Chiseled Copper
deeperdepths:chiseled_copper:2, Weathered Chiseled Copper
deeperdepths:chiseled_copper:3, Oxidized Chiseled Copper
deeperdepths:chiseled_copper:4, Waxed Chiseled Copper
deeperdepths:chiseled_copper:5, Waxed Exposed Chiseled Copper
deeperdepths:chiseled_copper:6, Waxed Weathered Chiseled Copper
deeperdepths:chiseled_copper:7, Waxed Oxidized Chiseled Copper
deeperdepths:copper_grate:0, Copper Grate
deeperdepths:copper_grate:1, Exposed Copper Grate
deeperdepths:copper_grate:2, Weathered Copper Grate
deeperdepths:copper_grate:3, Oxidized Copper Grate
deeperdepths:copper_grate:4, Waxed Copper Grate
deeperdepths:copper_grate:5, Waxed Exposed Copper Grate
deeperdepths:copper_grate:6, Waxed Weathered Copper Grate
deeperdepths:copper_grate:7, Waxed Oxidized Copper Grate
deeperdepths:copper_bulb:0, Copper Bulb
deeperdepths:copper_bulb:1, Exposed Copper Bulb
deeperdepths:copper_bulb:2, Weathered Copper Bulb
deeperdepths:copper_bulb:3, Oxidized Copper Bulb
deeperdepths:waxed_copper_bulb:0, Waxed Copper Bulb
deeperdepths:waxed_copper_bulb:1, Waxed Exposed Copper Bulb
deeperdepths:waxed_copper_bulb:2, Waxed Weathered Copper Bulb
deeperdepths:waxed_copper_bulb:3, Waxed Oxidized Copper Bulb
deeperdepths:cut_copper_stairs, Cut Copper Stairs
deeperdepths:exposed_cut_copper_stairs, Exposed Cut Copper Stairs
deeperdepths:weathered_cut_copper_stairs, Weathered Cut Copper Stairs
deeperdepths:oxidized_cut_copper_stairs, Oxidized Cut Copper Stairs
deeperdepths:waxed_cut_copper_stairs, Waxed Cut Copper Stairs
deeperdepths:waxed_exposed_cut_copper_stairs, Waxed Exposed Cut Copper Stairs
deeperdepths:waxed_weathered_cut_copper_stairs, Waxed Weathered Cut Copper Stairs
deeperdepths:waxed_oxidized_cut_copper_stairs, Waxed Oxidized Cut Copper Stairs
deeperdepths:copper_trapdoor, Copper Trapdoor
deeperdepths:exposed_copper_trapdoor, Exposed Copper Trapdoor
deeperdepths:weathered_copper_trapdoor, Weathered Copper Trapdoor
deeperdepths:oxidized_copper_trapdoor, Oxidized Copper Trapdoor
deeperdepths:waxed_copper_trapdoor, Waxed Copper Trapdoor
deeperdepths:waxed_exposed_copper_trapdoor, Waxed Exposed Copper Trapdoor
deeperdepths:waxed_weathered_copper_trapdoor, Waxed Weathered Copper Trapdoor
deeperdepths:waxed_oxidized_copper_trapdoor, Waxed Oxidized Copper Trapdoor
deeperdepths:copper_door, Copper Door
deeperdepths:exposed_copper_door, Exposed Copper Door
deeperdepths:weathered_copper_door, Weathered Copper Door
deeperdepths:oxidized_copper_door, Oxidized Copper Door
deeperdepths:waxed_copper_door, Waxed Copper Door
deeperdepths:waxed_exposed_copper_door, Waxed Exposed Copper Door
deeperdepths:waxed_weathered_copper_door, Waxed Weathered Copper Door
deeperdepths:waxed_oxidized_copper_door, Waxed Oxidized Copper Door
deeperdepths:lightning_rod, Lightning Rod
deeperdepths:exposed_lightning_rod, Exposed Lightning Rod
deeperdepths:weathered_lightning_rod, Weathered Lightning Rod
deeperdepths:oxidized_lightning_rod, Oxidized Lightning Rod
deeperdepths:waxed_lightning_rod, Waxed Lightning Rod
deeperdepths:waxed_exposed_lightning_rod, Waxed Exposed Lightning Rod
deeperdepths:waxed_weathered_lightning_rod, Waxed Weathered Lightning Rod
deeperdepths:waxed_oxidized_lightning_rod, Waxed Oxidized Lightning Rod
deeperdepths:copper_bars, Copper Bars
deeperdepths:exposed_copper_bars, Exposed Copper Bars
deeperdepths:weathered_copper_bars, Weathered Copper Bars
deeperdepths:oxidized_copper_bars, Oxidized Copper Bars
deeperdepths:waxed_copper_bars, Waxed Copper Bars
deeperdepths:waxed_exposed_copper_bars, Waxed Exposed Copper Bars
deeperdepths:waxed_weathered_copper_bars, Waxed Weathered Copper Bars
deeperdepths:waxed_oxidized_copper_bars, Waxed Oxidized Copper Bars
deeperdepths:copper_chest:0, Copper Chest
deeperdepths:copper_chest:1, Exposed Copper Chest
deeperdepths:copper_chest:2, Weathered Copper Chest
deeperdepths:copper_chest:3, Oxidized Copper Chest
deeperdepths:waxed_copper_chest:0, Waxed Copper Chest
deeperdepths:waxed_copper_chest:1, Waxed Exposed Copper Chest
deeperdepths:waxed_copper_chest:2, Waxed Weathered Copper Chest
deeperdepths:waxed_copper_chest:3, Waxed Oxidized Copper Chest
deeperdepths:copper_chain:0, Copper Chain
deeperdepths:copper_chain:1, Exposed Copper Chain
deeperdepths:copper_chain:2, Weathered Copper Chain
deeperdepths:copper_chain:3, Oxidized Copper Chain
deeperdepths:waxed_copper_chain:0, Waxed Copper Chain
deeperdepths:waxed_copper_chain:1, Waxed Exposed Copper Chain
deeperdepths:waxed_copper_chain:2, Waxed Weathered Copper Chain
deeperdepths:waxed_copper_chain:3, Waxed Oxidized Copper Chain
deeperdepths:copper_lantern:0, Copper Lantern
deeperdepths:copper_lantern:1, Exposed Copper Lantern
deeperdepths:copper_lantern:2, Weathered Copper Lantern
deeperdepths:copper_lantern:3, Oxidized Copper Lantern
deeperdepths:copper_lantern:4, Waxed Copper Lantern
deeperdepths:copper_lantern:5, Waxed Exposed Copper Lantern
deeperdepths:copper_lantern:6, Waxed Weathered Copper Lantern
deeperdepths:copper_lantern:7, Waxed Oxidized Copper Lantern
deeperdepths:amethyst_block, Amethyst Block
deeperdepths:budding_amethyst, Budding Amethyst
deeperdepths:small_amethyst_bud, Small Amethyst Bud
deeperdepths:medium_amethyst_bud, Medium Amethyst Bud
deeperdepths:large_amethyst_bud, Large Amethyst Bud
deeperdepths:amethyst_cluster, Amethyst Cluster
deeperdepths:tinted_glass, Tinted Glass
deeperdepths:candle, Candle
deeperdepths:white_candle, White Candle
deeperdepths:orange_candle, Orange Candle
deeperdepths:magenta_candle, Magenta Candle
deeperdepths:light_blue_candle, Light Blue Candle
deeperdepths:yellow_candle, Yellow Candle
deeperdepths:lime_candle, Lime Candle
deeperdepths:pink_candle, Pink Candle
deeperdepths:gray_candle, Gray Candle
deeperdepths:light_gray_candle, Light Gray Candle
deeperdepths:cyan_candle, Cyan Candle
deeperdepths:purple_candle, Purple Candle
deeperdepths:blue_candle, Blue Candle
deeperdepths:brown_candle, Brown Candle
deeperdepths:green_candle, Green Candle
deeperdepths:red_candle, Red Candle
deeperdepths:black_candle, Black Candle
deeperdepths:trial_spawner, Trial Spawner
deeperdepths:vault:0, Vault
deeperdepths:vault:1, Ominous Vault
deeperdepths:trial_pot, Trial Pot
deeperdepths:heavy_core, Heavy Core
deeperdepths:copper_torch, Copper Torch
deeperdepths:material:0, Copper Ingot
deeperdepths:material:4, Copper Nugget
deeperdepths:material:1, Amethyst Shard
deeperdepths:material:3, Breeze Rod
deeperdepths:wind_charge, Wind Charge
deeperdepths:explorer_map:0, Trial Explorer Map
deeperdepths:copper_sword, Copper Sword
deeperdepths:copper_hoe, Copper Hoe
deeperdepths:copper_pickaxe, Copper Pickaxe
deeperdepths:copper_axe, Copper Axe
deeperdepths:copper_shovel, Copper Shovel
deeperdepths:copper_helmet, Copper Helmet
deeperdepths:copper_chestplate, Copper Chestplate
deeperdepths:copper_leggings, Copper Leggings
deeperdepths:copper_boots, Copper Boots
deeperdepths:copper_horse_armour, Copper Horse Armor
deeperdepths:spyglass, Spyglass
deeperdepths:trial_key:0, Trial Key
deeperdepths:trial_key:1, Ominous Trial Key
deeperdepths:trial_chambers_painting, Trial Chambers Painting
deeperdepths:ominous_bottle:0, Ominous Bottle
deeperdepths:ominous_bottle:1, Ominous Bottle
deeperdepths:ominous_bottle:2, Ominous Bottle
deeperdepths:ominous_bottle:3, Ominous Bottle
deeperdepths:ominous_bottle:4, Ominous Bottle
deeperdepths:mace, Mace
doggytalents:dog_bath, Dog Bath
doggytalents:food_bowl, Food Bowl
doggytalents:throw_bone, Throw Bone
doggytalents:throw_bone_wet, Drool Throw Bone
doggytalents:throw_stick, Throw Stick
doggytalents:throw_stick_wet, Drool Throw Stick
doggytalents:training_treat, Training Treat
doggytalents:super_treat, Super Treat
doggytalents:master_treat, Master Treat
doggytalents:dire_treat, Dire Treat
doggytalents:breeding_bone, Breeding Bone
doggytalents:collar_shears, Collar Shears
doggytalents:doggy_charm, Doggy Charm
doggytalents:radio_collar, Radio Collar
doggytalents:wool_collar, Wool Collar
doggytalents:creative_collar, Creative Collar
doggytalents:spotted_collar, Spotted Collar
doggytalents:multicoloured_collar, Multicolored Collar
doggytalents:creative_radar, Creative Radar
doggytalents:radar, Radar
doggytalents:whistle, item.doggytalents.whistle.name
doggytalents:treat_bag, Treat Bag
doggytalents:chew_stick, Chew Stick
doggytalents:cape, Tartan Cape
doggytalents:cape_coloured, Colored Cape
doggytalents:sunglasses, Dog Sunglasses
doggytalents:leather_jacket, Leather Jacket
doggytalents:tiny_bone, Tiny Bone
doggytalents:big_bone, Big Bone
doggytalents:owner_change, Change Dog Owner
dragonmounts:aether_dragon_scale_block, Block of Dragon Scale
dragonmounts:water_dragon_scale_block, Block of Dragon Scale
dragonmounts:ice_dragon_scale_block, Block of Dragon Scale
dragonmounts:fire_dragon_scale_block, Block of Dragon Scale
dragonmounts:forest_dragon_scale_block, Block of Dragon Scale
dragonmounts:nether_dragon_scale_block, Block of Dragon Scale
dragonmounts:ender_dragon_scale_block, Block of Dragon Scale
dragonmounts:enchanted_dragon_scale_block, Block of Dragon Scale
dragonmounts:sunlight_dragon_scale_block, Block of Dragon Scale
dragonmounts:moonlight_dragon_scale_block, Block of Dragon Scale
dragonmounts:storm_dragon_scale_block, Block of Dragon Scale
dragonmounts:terra_dragon_scale_block, Block of Dragon Scale
dragonmounts:zombie_dragon_scale_block, Block of Dragon Scale
dragonmounts:dark_dragon_scale_block, Block of Dragon Scale
dragonmounts:aether_dragon_egg, Dragon Egg
dragonmounts:enchanted_dragon_egg, Dragon Egg
dragonmounts:ender_dragon_egg, Dragon Egg
dragonmounts:fire_dragon_egg, Dragon Egg
dragonmounts:forest_dragon_egg, Dragon Egg
dragonmounts:ice_dragon_egg, Dragon Egg
dragonmounts:moonlight_dragon_egg, Dragon Egg
dragonmounts:nether_dragon_egg, Dragon Egg
dragonmounts:skeleton_dragon_egg, Dragon Egg
dragonmounts:storm_dragon_egg, Dragon Egg
dragonmounts:sunlight_dragon_egg, Dragon Egg
dragonmounts:terra_dragon_egg, Dragon Egg
dragonmounts:water_dragon_egg, Dragon Egg
dragonmounts:wither_dragon_egg, Dragon Egg
dragonmounts:zombie_dragon_egg, Dragon Egg
dragonmounts:dark_dragon_egg, Dragon Egg
dragonmounts:dragon_nest, Nest Block
dragonmounts:dragon_core, Dragon Core
dragonmounts:dragon_meat, Raw Dragon Meat
dragonmounts:cooked_dragon_meat, Cooked Dragon Meat
dragonmounts:forest_dragon_scales, Dragon Scales
dragonmounts:fire_dragon_scales, Dragon Scales
dragonmounts:ice_dragon_scales, Dragon Scales
dragonmounts:water_dragon_scales, Dragon Scales
dragonmounts:aether_dragon_scales, Dragon Scales
dragonmounts:nether_dragon_scales, Dragon Scales
dragonmounts:ender_dragon_scales, Dragon Scales
dragonmounts:sunlight_dragon_scales, Dragon Scales
dragonmounts:enchanted_dragon_scales, Dragon Scales
dragonmounts:storm_dragon_scales, Dragon Scales
dragonmounts:terra_dragon_scales, Dragon Scales
dragonmounts:zombie_dragon_scales, Dragon Scales
dragonmounts:moonlight_dragon_scales, Dragon Scales
dragonmounts:dark_dragon_scales, Dragon Scales
dragonmounts:iron_dragon_armor, Iron Dragon Armor
dragonmounts:golden_dragon_armor, Golden Dragon Armor
dragonmounts:emerald_dragon_armor, Emerald Dragon Armor
dragonmounts:diamond_dragon_armor, Diamond Dragon Armor
dragonmounts:aether_dragon_scale_sword, Dragon Scale Sword
dragonmounts:water_dragon_scale_sword, Dragon Scale Sword
dragonmounts:ice_dragon_scale_sword, Dragon Scale Sword
dragonmounts:fire_dragon_scale_sword, Dragon Scale Sword
dragonmounts:forest_dragon_scale_sword, Dragon Scale Sword
dragonmounts:nether_dragon_scale_sword, Dragon Scale Sword
dragonmounts:ender_dragon_scale_sword, Dragon Scale Sword
dragonmounts:enchanted_dragon_scale_sword, Dragon Scale Sword
dragonmounts:sunlight_dragon_scale_sword, Dragon Scale Sword
dragonmounts:moonlight_dragon_scale_sword, Dragon Scale Sword
dragonmounts:storm_dragon_scale_sword, Dragon Scale Sword
dragonmounts:terra_dragon_scale_sword, Dragon Scale Sword
dragonmounts:zombie_dragon_scale_sword, Dragon Scale Sword
dragonmounts:dark_dragon_scale_sword, Dragon Scale Sword
dragonmounts:aether_dragon_scale_axe, Dragon Scale Axe
dragonmounts:water_dragon_scale_axe, Dragon Scale Axe
dragonmounts:ice_dragon_scale_axe, Dragon Scale Axe
dragonmounts:fire_dragon_scale_axe, Dragon Scale Axe
dragonmounts:forest_dragon_scale_axe, Dragon Scale Axe
dragonmounts:nether_dragon_scale_axe, Dragon Scale Axe
dragonmounts:ender_dragon_scale_axe, Dragon Scale Axe
dragonmounts:enchanted_dragon_scale_axe, Dragon Scale Axe
dragonmounts:sunlight_dragon_scale_axe, Dragon Scale Axe
dragonmounts:moonlight_dragon_scale_axe, Dragon Scale Axe
dragonmounts:storm_dragon_scale_axe, Dragon Scale Axe
dragonmounts:terra_dragon_scale_axe, Dragon Scale Axe
dragonmounts:zombie_dragon_scale_axe, Dragon Scale Axe
dragonmounts:dark_dragon_scale_axe, Dragon Scale Axe
dragonmounts:aether_dragon_scale_bow, Dragon Scale Bow
dragonmounts:water_dragon_scale_bow, Dragon Scale Bow
dragonmounts:ice_dragon_scale_bow, Dragon Scale Bow
dragonmounts:fire_dragon_scale_bow, Dragon Scale Bow
dragonmounts:forest_dragon_scale_bow, Dragon Scale Bow
dragonmounts:nether_dragon_scale_bow, Dragon Scale Bow
dragonmounts:ender_dragon_scale_bow, Dragon Scale Bow
dragonmounts:enchanted_dragon_scale_bow, Dragon Scale Bow
dragonmounts:sunlight_dragon_scale_bow, Dragon Scale Bow
dragonmounts:moonlight_dragon_scale_bow, Dragon Scale Bow
dragonmounts:storm_dragon_scale_bow, Dragon Scale Bow
dragonmounts:terra_dragon_scale_bow, Dragon Scale Bow
dragonmounts:zombie_dragon_scale_bow, Dragon Scale Bow
dragonmounts:dark_dragon_scale_bow, Dragon Scale Bow
dragonmounts:aether_dragon_scale_shield, Dragon Scale Shield
dragonmounts:water_dragon_scale_shield, Dragon Scale Shield
dragonmounts:ice_dragon_scale_shield, Dragon Scale Shield
dragonmounts:fire_dragon_scale_shield, Dragon Scale Shield
dragonmounts:forest_dragon_scale_shield, Dragon Scale Shield
dragonmounts:nether_dragon_scale_shield, Dragon Scale Shield
dragonmounts:ender_dragon_scale_shield, Dragon Scale Shield
dragonmounts:enchanted_dragon_scale_shield, Dragon Scale Shield
dragonmounts:sunlight_dragon_scale_shield, Dragon Scale Shield
dragonmounts:moonlight_dragon_scale_shield, Dragon Scale Shield
dragonmounts:storm_dragon_scale_shield, Dragon Scale Shield
dragonmounts:terra_dragon_scale_shield, Dragon Scale Shield
dragonmounts:zombie_dragon_scale_shield, Dragon Scale Shield
dragonmounts:dark_dragon_scale_shield, Dragon Scale Shield
dragonmounts:aether_dragon_scale_shovel, Dragon Scale Shovel
dragonmounts:aether_dragon_scale_pickaxe, Dragon Scale Pickaxe
dragonmounts:aether_dragon_scale_hoe, Dragon Scale Hoe
dragonmounts:water_dragon_scale_shovel, Dragon Scale Shovel
dragonmounts:water_dragon_scale_pickaxe, Dragon Scale Pickaxe
dragonmounts:water_dragon_scale_hoe, Dragon Scale Hoe
dragonmounts:ice_dragon_scale_shovel, Dragon Scale Shovel
dragonmounts:ice_dragon_scale_pickaxe, Dragon Scale Pickaxe
dragonmounts:ice_dragon_scale_hoe, Dragon Scale Hoe
dragonmounts:fire_dragon_scale_shovel, Dragon Scale Shovel
dragonmounts:fire_dragon_scale_pickaxe, Dragon Scale Pickaxe
dragonmounts:fire_dragon_scale_hoe, Dragon Scale Hoe
dragonmounts:forest_dragon_scale_shovel, Dragon Scale Shovel
dragonmounts:forest_dragon_scale_pickaxe, Dragon Scale Pickaxe
dragonmounts:forest_dragon_scale_hoe, Dragon Scale Hoe
dragonmounts:nether_dragon_scale_shovel, Dragon Scale Shovel
dragonmounts:nether_dragon_scale_pickaxe, Dragon Scale Pickaxe
dragonmounts:nether_dragon_scale_hoe, Dragon Scale Hoe
dragonmounts:ender_dragon_scale_shovel, Dragon Scale Shovel
dragonmounts:ender_dragon_scale_pickaxe, Dragon Scale Pickaxe
dragonmounts:ender_dragon_scale_hoe, Dragon Scale Hoe
dragonmounts:enchanted_dragon_scale_shovel, Dragon Scale Shovel
dragonmounts:enchanted_dragon_scale_pickaxe, Dragon Scale Pickaxe
dragonmounts:enchanted_dragon_scale_hoe, Dragon Scale Hoe
dragonmounts:sunlight_dragon_scale_shovel, Dragon Scale Shovel
dragonmounts:sunlight_dragon_scale_pickaxe, Dragon Scale Pickaxe
dragonmounts:sunlight_dragon_scale_hoe, Dragon Scale Hoe
dragonmounts:moonlight_dragon_scale_shovel, Dragon Scale Shovel
dragonmounts:moonlight_dragon_scale_pickaxe, Dragon Scale Pickaxe
dragonmounts:moonlight_dragon_scale_hoe, Dragon Scale Hoe
dragonmounts:storm_dragon_scale_shovel, Dragon Scale Shovel
dragonmounts:storm_dragon_scale_pickaxe, Dragon Scale Pickaxe
dragonmounts:storm_dragon_scale_hoe, Dragon Scale Hoe
dragonmounts:terra_dragon_scale_shovel, Dragon Scale Shovel
dragonmounts:terra_dragon_scale_pickaxe, Dragon Scale Pickaxe
dragonmounts:terra_dragon_scale_hoe, Dragon Scale Hoe
dragonmounts:zombie_dragon_scale_shovel, Dragon Scale Shovel
dragonmounts:zombie_dragon_scale_pickaxe, Dragon Scale Pickaxe
dragonmounts:zombie_dragon_scale_hoe, Dragon Scale Hoe
dragonmounts:dark_dragon_scale_shovel, Dragon Scale Shovel
dragonmounts:dark_dragon_scale_pickaxe, Dragon Scale Pickaxe
dragonmounts:dark_dragon_scale_hoe, Dragon Scale Hoe
dragonmounts:aether_dragon_scale_helmet, Dragon Scale Helmet
dragonmounts:aether_dragon_scale_chestplate, Dragon Scale Chestplate
dragonmounts:aether_dragon_scale_leggings, Dragon Scale Leggings
dragonmounts:aether_dragon_scale_boots, Dragon Scale Boots
dragonmounts:water_dragon_scale_helmet, Dragon Scale Helmet
dragonmounts:water_dragon_scale_chestplate, Dragon Scale Chestplate
dragonmounts:water_dragon_scale_leggings, Dragon Scale Leggings
dragonmounts:water_dragon_scale_boots, Dragon Scale Boots
dragonmounts:ice_dragon_scale_helmet, Dragon Scale Helmet
dragonmounts:ice_dragon_scale_chestplate, Dragon Scale Chestplate
dragonmounts:ice_dragon_scale_leggings, Dragon Scale Leggings
dragonmounts:ice_dragon_scale_boots, Dragon Scale Boots
dragonmounts:fire_dragon_scale_helmet, Dragon Scale Helmet
dragonmounts:fire_dragon_scale_chestplate, Dragon Scale Chestplate
dragonmounts:fire_dragon_scale_leggings, Dragon Scale Leggings
dragonmounts:fire_dragon_scale_boots, Dragon Scale Boots
dragonmounts:forest_dragon_scale_helmet, Dragon Scale Helmet
dragonmounts:forest_dragon_scale_chestplate, Dragon Scale Chestplate
dragonmounts:forest_dragon_scale_leggings, Dragon Scale Leggings
dragonmounts:forest_dragon_scale_boots, Dragon Scale Boots
dragonmounts:nether_dragon_scale_helmet, Dragon Scale Helmet
dragonmounts:nether_dragon_scale_chestplate, Dragon Scale Chestplate
dragonmounts:nether_dragon_scale_leggings, Dragon Scale Leggings
dragonmounts:nether_dragon_scale_boots, Dragon Scale Boots
dragonmounts:ender_dragon_scale_helmet, Dragon Scale Helmet
dragonmounts:ender_dragon_scale_chestplate, Dragon Scale Chestplate
dragonmounts:ender_dragon_scale_leggings, Dragon Scale Leggings
dragonmounts:ender_dragon_scale_boots, Dragon Scale Boots
dragonmounts:enchanted_dragon_scale_helmet, Dragon Scale Helmet
dragonmounts:enchanted_dragon_scale_chestplate, Dragon Scale Chestplate
dragonmounts:enchanted_dragon_scale_leggings, Dragon Scale Leggings
dragonmounts:enchanted_dragon_scale_boots, Dragon Scale Boots
dragonmounts:sunlight_dragon_scale_helmet, Dragon Scale Helmet
dragonmounts:sunlight_dragon_scale_chestplate, Dragon Scale Chestplate
dragonmounts:sunlight_dragon_scale_leggings, Dragon Scale Leggings
dragonmounts:sunlight_dragon_scale_boots, Dragon Scale Boots
dragonmounts:moonlight_dragon_scale_helmet, Dragon Scale Helmet
dragonmounts:moonlight_dragon_scale_chestplate, Dragon Scale Chestplate
dragonmounts:moonlight_dragon_scale_leggings, Dragon Scale Leggings
dragonmounts:moonlight_dragon_scale_boots, Dragon Scale Boots
dragonmounts:storm_dragon_scale_helmet, Dragon Scale Helmet
dragonmounts:storm_dragon_scale_chestplate, Dragon Scale Chestplate
dragonmounts:storm_dragon_scale_leggings, Dragon Scale Leggings
dragonmounts:storm_dragon_scale_boots, Dragon Scale Boots
dragonmounts:terra_dragon_scale_helmet, Dragon Scale Helmet
dragonmounts:terra_dragon_scale_chestplate, Dragon Scale Chestplate
dragonmounts:terra_dragon_scale_leggings, Dragon Scale Leggings
dragonmounts:terra_dragon_scale_boots, Dragon Scale Boots
dragonmounts:zombie_dragon_scale_helmet, Dragon Scale Helmet
dragonmounts:zombie_dragon_scale_chestplate, Dragon Scale Chestplate
dragonmounts:zombie_dragon_scale_leggings, Dragon Scale Leggings
dragonmounts:zombie_dragon_scale_boots, Dragon Scale Boots
dragonmounts:dark_dragon_scale_helmet, Dragon Scale Helmet
dragonmounts:dark_dragon_scale_chestplate, Dragon Scale Chestplate
dragonmounts:dark_dragon_scale_leggings, Dragon Scale Leggings
dragonmounts:dark_dragon_scale_boots, Dragon Scale Boots
dragonmounts:amulet, Dragon Amulet
dragonmounts:forest_dragon_amulet, Dragon Amulet
dragonmounts:fire_dragon_amulet, Dragon Amulet
dragonmounts:ice_dragon_amulet, Dragon Amulet
dragonmounts:water_dragon_amulet, Dragon Amulet
dragonmounts:aether_dragon_amulet, Dragon Amulet
dragonmounts:nether_dragon_amulet, Dragon Amulet
dragonmounts:ender_dragon_amulet, Dragon Amulet
dragonmounts:sunlight_dragon_amulet, Dragon Amulet
dragonmounts:enchanted_dragon_amulet, Dragon Amulet
dragonmounts:storm_dragon_amulet, Dragon Amulet
dragonmounts:terra_dragon_amulet, Dragon Amulet
dragonmounts:zombie_dragon_amulet, Dragon Amulet
dragonmounts:moonlight_dragon_amulet, Dragon Amulet
dragonmounts:skeleton_dragon_amulet, Dragon Amulet
dragonmounts:wither_dragon_amulet, Dragon Amulet
dragonmounts:dark_dragon_amulet, Dragon Amulet
dragonmounts:dragon_wand, Wand of Dragon
dragonmounts:dragon_whistle, Dragon Whistle
dragonmounts:variation_orb, Orb of Variation
dragonmounts:diamond_shears, Diamond Shears
dragonmounts:acacia_carriage, Acacia CargoBob
dragonmounts:birch_carriage, Birch CargoBob
dragonmounts:dark_oak_carriage, Dark Oak CargoBob
dragonmounts:jungle_carriage, Jungle CargoBob
dragonmounts:oak_carriage, Oak CargoBob
dragonmounts:spruce_carriage, Spruce CargoBob
dragonmounts:forest_dragon_essence, Dragon Essence
dragonmounts:fire_dragon_essence, Dragon Essence
dragonmounts:ice_dragon_essence, Dragon Essence
dragonmounts:water_dragon_essence, Dragon Essence
dragonmounts:aether_dragon_essence, Dragon Essence
dragonmounts:nether_dragon_essence, Dragon Essence
dragonmounts:ender_dragon_essence, Dragon Essence
dragonmounts:sunlight_dragon_essence, Dragon Essence
dragonmounts:enchanted_dragon_essence, Dragon Essence
dragonmounts:storm_dragon_essence, Dragon Essence
dragonmounts:terra_dragon_essence, Dragon Essence
dragonmounts:zombie_dragon_essence, Dragon Essence
dragonmounts:moonlight_dragon_essence, Dragon Essence
dragonmounts:skeleton_dragon_essence, Dragon Essence
dragonmounts:wither_dragon_essence, Dragon Essence
dragonmounts:dark_dragon_essence, Dragon Essence
dragonmounts:aether_dragon_spawn_egg, Dragon Spawn Egg
dragonmounts:dark_dragon_spawn_egg, Dragon Spawn Egg
dragonmounts:enchanted_dragon_spawn_egg, Dragon Spawn Egg
dragonmounts:ender_dragon_spawn_egg, Dragon Spawn Egg
dragonmounts:fire_dragon_spawn_egg, Dragon Spawn Egg
dragonmounts:forest_dragon_spawn_egg, Dragon Spawn Egg
dragonmounts:ice_dragon_spawn_egg, Dragon Spawn Egg
dragonmounts:moonlight_dragon_spawn_egg, Dragon Spawn Egg
dragonmounts:nether_dragon_spawn_egg, Dragon Spawn Egg
dragonmounts:skeleton_dragon_spawn_egg, Dragon Spawn Egg
dragonmounts:storm_dragon_spawn_egg, Dragon Spawn Egg
dragonmounts:sunlight_dragon_spawn_egg, Dragon Spawn Egg
dragonmounts:terra_dragon_spawn_egg, Dragon Spawn Egg
dragonmounts:water_dragon_spawn_egg, Dragon Spawn Egg
dragonmounts:wither_dragon_spawn_egg, Dragon Spawn Egg
dragonmounts:zombie_dragon_spawn_egg, Dragon Spawn Egg
dragonmounts:aether_female_dragon_head, Dragon Head
dragonmounts:aether_male_dragon_head, Dragon Head
dragonmounts:dark_female_dragon_head, Dragon Head
dragonmounts:dark_male_dragon_head, Dragon Head
dragonmounts:enchanted_female_dragon_head, Dragon Head
dragonmounts:enchanted_male_dragon_head, Dragon Head
dragonmounts:ender_female_dragon_head, Dragon Head
dragonmounts:ender_male_dragon_head, Dragon Head
dragonmounts:ender_rare_dragon_head, Dragon Head
dragonmounts:fire_female_dragon_head, Dragon Head
dragonmounts:fire_male_dragon_head, Dragon Head
dragonmounts:fire_rare_dragon_head, Dragon Head
dragonmounts:forest_female_dragon_head, Dragon Head
dragonmounts:forest_male_dragon_head, Dragon Head
dragonmounts:forest_dry_female_dragon_head, Dragon Head
dragonmounts:forest_dry_male_dragon_head, Dragon Head
dragonmounts:forest_taiga_female_dragon_head, Dragon Head
dragonmounts:forest_taiga_male_dragon_head, Dragon Head
dragonmounts:ice_female_dragon_head, Dragon Head
dragonmounts:ice_male_dragon_head, Dragon Head
dragonmounts:moonlight_female_dragon_head, Dragon Head
dragonmounts:moonlight_male_dragon_head, Dragon Head
dragonmounts:nether_female_dragon_head, Dragon Head
dragonmounts:nether_male_dragon_head, Dragon Head
dragonmounts:skeleton_dragon_head, Dragon Head
dragonmounts:storm_female_dragon_head, Dragon Head
dragonmounts:storm_male_dragon_head, Dragon Head
dragonmounts:storm_rare_dragon_head, Dragon Head
dragonmounts:sunlight_female_dragon_head, Dragon Head
dragonmounts:sunlight_male_dragon_head, Dragon Head
dragonmounts:terra_female_dragon_head, Dragon Head
dragonmounts:terra_male_dragon_head, Dragon Head
dragonmounts:water_female_dragon_head, Dragon Head
dragonmounts:water_male_dragon_head, Dragon Head
dragonmounts:wither_dragon_head, Dragon Head
dragonmounts:zombie_dragon_head, Dragon Head
galacticraftcore:bucket_oil, Oil Bucket
galacticraftcore:fuel, Fuel
galacticraftcore:bucket_fuel, Fuel Bucket
galacticraftcore:landing_pad:0, Rocket Launch Pad
galacticraftcore:landing_pad:1, Buggy Fueling Pad
galacticraftcore:landing_pad_full, Rocket Launch Pad
galacticraftcore:unlit_torch, Torch
galacticraftcore:unlit_torch_lit, Torch
galacticraftcore:distributor, Oxygen Bubble Distributor
galacticraftcore:collector, Oxygen Collector
galacticraftcore:oxygen_compressor:0, Oxygen Compressor
galacticraftcore:oxygen_compressor:4, Oxygen Decompressor
galacticraftcore:sealer, Oxygen Sealer
galacticraftcore:oxygen_detector, Oxygen Detector
galacticraftcore:aluminum_wire:0, Aluminum Wire
galacticraftcore:aluminum_wire:1, Heavy Aluminum Wire
galacticraftcore:aluminum_wire:2, Switchable Aluminum Wire
galacticraftcore:aluminum_wire:3, Switchable Heavy Aluminum Wire
galacticraftcore:fluid_pipe, Fluid Pipe
galacticraftcore:fluid_pipe_pull, Fluid Pipe
galacticraftcore:refinery, Refinery
galacticraftcore:fuel_loader, Fuel Loader
galacticraftcore:cargo:0, Cargo Loader
galacticraftcore:cargo:4, Cargo Unloader
galacticraftcore:rocket_workbench, NASA Workbench
galacticraftcore:compact_workbench, Compact NASA Workbench
galacticraftcore:basic_block_core:3, Tin Decoration Block
galacticraftcore:basic_block_core:4, Tin Wall Block
galacticraftcore:basic_block_core:5, Copper Ore
galacticraftcore:basic_block_core:6, Tin Ore
galacticraftcore:basic_block_core:7, Aluminum Ore
galacticraftcore:basic_block_core:8, Silicon Ore
galacticraftcore:basic_block_core:9, Copper Block
galacticraftcore:basic_block_core:10, Block of Tin
galacticraftcore:basic_block_core:11, Aluminum Block
galacticraftcore:basic_block_core:12, Solid Meteoric Iron
galacticraftcore:basic_block_core:13, Silicon Block
galacticraftcore:air_lock_frame:0, Air Lock Frame
galacticraftcore:air_lock_frame:1, Air Lock Controller
galacticraftcore:air_lock_seal, Air Lock Seal
galacticraftcore:space_glass_clear:0, Vacuum Glass (Clear)
galacticraftcore:space_glass_clear:1, Vacuum Glass (Clear)
galacticraftcore:space_glass_vanilla:0, Vacuum Glass
galacticraftcore:space_glass_vanilla:1, Vacuum Glass
galacticraftcore:space_glass_strong:0, Vacuum Glass (Strong)
galacticraftcore:space_glass_strong:1, Vacuum Glass (Strong)
galacticraftcore:magnetic_table, Magnetic Crafting Table
galacticraftcore:enclosed:14, Sealable Aluminum Wire
galacticraftcore:enclosed:15, Sealable Heavy Aluminum Wire
galacticraftcore:enclosed:1, Sealable Fluid Pipe
galacticraftcore:enclosed:2, Sealable Copper Cable
galacticraftcore:enclosed:3, Sealable Gold Cable
galacticraftcore:enclosed:0, Sealable HV Cable
galacticraftcore:enclosed:5, Sealable Glass Fiber Cable
galacticraftcore:enclosed:6, Sealable Tin Cable
galacticraftcore:space_station_base, Space Station Arrival Block
galacticraftcore:parachest, Parachest
galacticraftcore:solar:0, Basic Solar Panel
galacticraftcore:solar:4, Advanced Solar Panel
galacticraftcore:dishbase, Communications Dish
galacticraftcore:machine:0, Coal Generator
galacticraftcore:machine:12, Compressor
galacticraftcore:machine2:0, Electric Compressor
galacticraftcore:machine2:4, Circuit Fabricator
galacticraftcore:machine2:8, Oxygen Storage Module
galacticraftcore:machine2:12, Deconstructor
galacticraftcore:machine3:0, Chromatic Applicator
galacticraftcore:machine_tiered:0, Energy Storage Module
galacticraftcore:machine_tiered:4, Electric Furnace
galacticraftcore:machine_tiered:8, Energy Storage Cluster
galacticraftcore:machine_tiered:12, Electric Arc Furnace
galacticraftcore:machine4:0, Advanced Compressor
galacticraftcore:panel_lighting:0, Lighting Panel (Square)
galacticraftcore:panel_lighting:1, Lighting Panel (Spotlight)
galacticraftcore:panel_lighting:2, Lighting Panel (Linear)
galacticraftcore:panel_lighting:3, Lighting Panel (Dark)
galacticraftcore:panel_lighting:4, Lighting Panel (Dark)
galacticraftcore:glowstone_torch, Glowstone Torch
galacticraftcore:fallen_meteor, Fallen Meteor
galacticraftcore:basic_block_moon:0, Copper Ore
galacticraftcore:basic_block_moon:1, Tin Ore
galacticraftcore:basic_block_moon:2, Cheese Ore
galacticraftcore:basic_block_moon:3, Moon Dirt
galacticraftcore:basic_block_moon:4, Moon Rock
galacticraftcore:basic_block_moon:5, Moon Turf
galacticraftcore:basic_block_moon:6, Sapphire Ore
galacticraftcore:basic_block_moon:14, Moon Dungeon Brick
galacticraftcore:cheese, Block of Cheese
galacticraftcore:spin_thruster, Spin Thruster
galacticraftcore:view_screen, Display Screen
galacticraftcore:telemetry, Telemetry Unit
galacticraftcore:arclamp, Arc Lamp
galacticraftcore:treasure_chest, Treasure Chest
galacticraftcore:fluid_tank, Fluid Tank
galacticraftcore:boss_spawner, tile.boss_spawner.name
galacticraftcore:tin_stairs_1, Tin Decoration Stairs
galacticraftcore:tin_stairs_2, Tin Decoration Stairs
galacticraftcore:moon_stairs_stone, Moon Rock Stairs
galacticraftcore:moon_stairs_brick, Moon Dungeon Brick Stairs
galacticraftcore:wall_gc:0, Tin Decoration Wall
galacticraftcore:wall_gc:1, Tin Decoration Wall
galacticraftcore:wall_gc:2, Moon Rock Wall
galacticraftcore:wall_gc:3, Moon Dungeon Brick Wall
galacticraftcore:wall_gc:4, Mars Cobblestone Wall
galacticraftcore:wall_gc:5, Mars Dungeon Brick Wall
galacticraftcore:slab_gc_half:0, Tin Decoration Slab
galacticraftcore:slab_gc_half:1, Tin Decoration Slab
galacticraftcore:slab_gc_half:2, Moon Rock Slab
galacticraftcore:slab_gc_half:3, Moon Dungeon Brick Slab
galacticraftcore:slab_gc_half:4, Mars Cobblestone Slab
galacticraftcore:slab_gc_half:5, Mars Dungeon Brick Slab
galacticraftcore:slab_gc_half:6, Dark Decoration Slab
galacticraftcore:slab_gc_double:0, tile.slab_gc_double.tin_slab_1.name
galacticraftcore:slab_gc_double:1, tile.slab_gc_double.tin_slab_2.name
galacticraftcore:slab_gc_double:2, tile.slab_gc_double.moon_slab.name
galacticraftcore:slab_gc_double:3, tile.slab_gc_double.moon_bricks_slab.name
galacticraftcore:slab_gc_double:4, tile.slab_gc_double.mars_slab.name
galacticraftcore:slab_gc_double:5, tile.slab_gc_double.mars_bricks_slab.name
galacticraftcore:slab_gc_double:6, tile.slab_gc_double.asteroids_slab.name
galacticraftcore:concealed_redstone, Hidden Redstone Wire
galacticraftcore:concealed_repeater_pow, tile.concealed_repeater_pow.name
galacticraftcore:concealed_repeater, Hidden Redstone Repeater
galacticraftcore:concealed_detector, Player Detector
galacticraftcore:platform, Hydraulic Platform
galacticraftcore:emergency_box:0, Emergency Post
galacticraftcore:emergency_box:1, Emergency Post (with Kit)
galacticraftcore:grating, Grating
galacticraftcore:rocket_t1:0, Tier 1 Rocket
galacticraftcore:rocket_t1:1, Tier 1 Rocket
galacticraftcore:rocket_t1:2, Tier 1 Rocket
galacticraftcore:rocket_t1:3, Tier 1 Rocket
galacticraftcore:rocket_t1:4, Tier 1 Rocket
galacticraftcore:oxygen_mask, Oxygen Mask
galacticraftcore:oxygen_gear, Oxygen Gear
galacticraftcore:oxygen_tank_light_full, Light Oxygen Tank
galacticraftcore:oxygen_tank_med_full, Medium Oxygen Tank
galacticraftcore:oxygen_tank_heavy_full, Heavy Oxygen Tank
galacticraftcore:infinite_oxygen, Infinite Oxygen Supply
galacticraftcore:sensor_lens, Sensor Lens
galacticraftcore:sensor_glasses, Sensor Glasses
galacticraftcore:standard_wrench, Standard Wrench
galacticraftcore:steel_pickaxe, Heavy Duty Pickaxe
galacticraftcore:steel_axe, Heavy Duty Axe
galacticraftcore:steel_hoe, Heavy Duty Hoe
galacticraftcore:steel_shovel, Heavy Duty Shovel
galacticraftcore:steel_sword, Heavy Duty Sword
galacticraftcore:steel_helmet, Heavy Duty Helmet
galacticraftcore:steel_chestplate, Heavy Duty Chestplate
galacticraftcore:steel_leggings, Heavy Duty Leggings
galacticraftcore:steel_boots, Heavy Duty Boots
galacticraftcore:canister:0, Tin Canister
galacticraftcore:canister:1, Copper Canister
galacticraftcore:air_vent, Oxygen Vent
galacticraftcore:air_fan, Oxygen Fan
galacticraftcore:oxygen_concentrator, Oxygen Concentrator
galacticraftcore:engine:0, Tier 1 Rocket Engine
galacticraftcore:engine:1, Tier 1 Booster
galacticraftcore:heavy_plating, Heavy-Duty Plate
galacticraftcore:nose_cone, Nose Cone
galacticraftcore:rocket_fins, Rocket Fins
galacticraftcore:steel_pole, Steel Pole
galacticraftcore:canvas, Canvas
galacticraftcore:oil_canister_partial:1001, Empty Canister
galacticraftcore:oil_canister_partial:1, Filled Oil Canister
galacticraftcore:fuel_canister_partial:1, Filled Fuel Canister
galacticraftcore:schematic:0, NASA Workbench Schematic
galacticraftcore:schematic:1, NASA Workbench Schematic
galacticraftcore:key:0, Tier 1 Dungeon Key
galacticraftcore:buggymat:0, Buggy Wheel
galacticraftcore:buggymat:1, Buggy Seat
galacticraftcore:buggymat:2, Buggy Storage Box
galacticraftcore:buggy, Buggy
galacticraftcore:basic_item:0, Single Solar Module
galacticraftcore:basic_item:1, Full Solar Panel
galacticraftcore:basic_item:2, Raw Silicon
galacticraftcore:basic_item:3, Copper Ingot
galacticraftcore:basic_item:4, Tin Ingot
galacticraftcore:basic_item:5, Aluminum Ingot
galacticraftcore:basic_item:6, Compressed Copper
galacticraftcore:basic_item:7, Compressed Tin
galacticraftcore:basic_item:8, Compressed Aluminum
galacticraftcore:basic_item:9, Compressed Steel
galacticraftcore:basic_item:10, Compressed Bronze
galacticraftcore:basic_item:11, Compressed Iron
galacticraftcore:basic_item:12, Blue Solar Wafer
galacticraftcore:basic_item:13, Basic Wafer
galacticraftcore:basic_item:14, Advanced Wafer
galacticraftcore:basic_item:19, Frequency Module
galacticraftcore:basic_item:20, Ambient Thermal Controller
galacticraftcore:food:0, Can of Food
galacticraftcore:food:1, Can of Food
galacticraftcore:food:2, Can of Food
galacticraftcore:food:3, Can of Food
galacticraftcore:food:9, Canned Beef
galacticraftcore:food:4, Cheese Slice
galacticraftcore:food:5, Burger Bun
galacticraftcore:food:6, Ground Beef (Raw)
galacticraftcore:food:7, Beef Patty (Cooked)
galacticraftcore:food:8, Cheeseburger
galacticraftcore:battery, Battery
galacticraftcore:infinite_battery, Infinite Battery
galacticraftcore:meteor_chunk:0, Throwable Meteor Chunk
galacticraftcore:meteor_chunk:1, Throwable Meteor Chunk
galacticraftcore:cheese_curd, Cheese Curd
galacticraftcore:meteoric_iron_raw, Raw Meteoric Iron
galacticraftcore:item_basic_moon:0, Meteoric Iron Ingot
galacticraftcore:item_basic_moon:1, Compressed Meteoric Iron
galacticraftcore:item_basic_moon:2, Lunar Sapphire
galacticraftcore:flag, Flag
galacticraftcore:parachute:0, Parachute
galacticraftcore:parachute:1, Black Parachute
galacticraftcore:parachute:2, Light Blue Parachute
galacticraftcore:parachute:3, Lime Parachute
galacticraftcore:parachute:4, Brown Parachute
galacticraftcore:parachute:5, Blue Parachute
galacticraftcore:parachute:6, Gray Parachute
galacticraftcore:parachute:7, Green Parachute
galacticraftcore:parachute:8, Light Gray Parachute
galacticraftcore:parachute:9, Magenta Parachute
galacticraftcore:parachute:10, Orange Parachute
galacticraftcore:parachute:11, Pink Parachute
galacticraftcore:parachute:12, Purple Parachute
galacticraftcore:parachute:13, Red Parachute
galacticraftcore:parachute:14, Cyan Parachute
galacticraftcore:parachute:15, Yellow Parachute
galacticraftcore:prelaunch_checklist, Pre-Launch Checklist
galacticraftcore:dungeonfinder, Dungeon Locator
galacticraftcore:emergency_kit, Space Emergency Kit
galacticraftcore:ic2compat:0, Aluminum Dust
galacticraftcore:ic2compat:1, Purified Crushed Aluminum Ore
galacticraftcore:ic2compat:2, Crushed Aluminum Ore
galacticraftcore:ic2compat:7, Tiny Pile of Titanium Dust
galacticraftplanets:sludge, Bacterial Sludge
galacticraftplanets:bucket_sludge, Bacterial Sludge Bucket
galacticraftplanets:treasure_t2, Tier 2 Treasure Chest
galacticraftplanets:mars:0, Copper Ore
galacticraftplanets:mars:1, Tin Ore
galacticraftplanets:mars:2, Desh Ore
galacticraftplanets:mars:3, Iron Ore
galacticraftplanets:mars:4, Mars Cobblestone
galacticraftplanets:mars:5, Mars Fine Regolith
galacticraftplanets:mars:6, Mars Regolith
galacticraftplanets:mars:7, Mars Dungeon Brick
galacticraftplanets:mars:8, Block of Desh
galacticraftplanets:mars:9, Mars Stone
galacticraftplanets:cavern_vines, Cavernous Vines
galacticraftplanets:slimeling_egg:0, Red Slimeling Egg
galacticraftplanets:slimeling_egg:1, Blue Slimeling Egg
galacticraftplanets:slimeling_egg:2, Yellow Slimeling Egg
galacticraftplanets:creeper_egg, Creeper Egg
galacticraftplanets:mars_machine:0, Terraformer
galacticraftplanets:mars_machine:4, Cryogenic Chamber
galacticraftplanets:mars_machine:8, Launch Controller
galacticraftplanets:mars_machine_t2:0, Gas Liquefier
galacticraftplanets:mars_machine_t2:4, Methane Synthesizer
galacticraftplanets:mars_machine_t2:8, Water Electrolyzer
galacticraftplanets:boss_spawner_mars, tile.boss_spawner_mars.name
galacticraftplanets:mars_stairs_cobblestone, Mars Cobblestone Stairs
galacticraftplanets:mars_stairs_brick, Mars Dungeon Brick Stairs
galacticraftplanets:carbon_fragments, Fragmented Carbon
galacticraftplanets:item_basic_mars:0, Unrefined Desh
galacticraftplanets:item_basic_mars:1, Desh Stick
galacticraftplanets:item_basic_mars:2, Desh Ingot
galacticraftplanets:item_basic_mars:3, Heavy-Duty Plate
galacticraftplanets:item_basic_mars:4, Slimeling Inventory Bag
galacticraftplanets:item_basic_mars:5, Compressed Desh
galacticraftplanets:item_basic_mars:6, Fluid Manipulator
galacticraftplanets:desh_pick, Desh Pickaxe
galacticraftplanets:desh_pick_slime, Sticky Desh Pickaxe
galacticraftplanets:desh_axe, Desh Axe
galacticraftplanets:desh_hoe, Desh Hoe
galacticraftplanets:desh_spade, Desh Shovel
galacticraftplanets:desh_sword, Desh Sword
galacticraftplanets:desh_helmet, Desh Helmet
galacticraftplanets:desh_chestplate, Desh Chestplate
galacticraftplanets:desh_leggings, Desh Leggings
galacticraftplanets:desh_boots, Desh Boots
galacticraftplanets:rocket_t2:0, Tier 2 Rocket
galacticraftplanets:rocket_t2:1, Tier 2 Rocket
galacticraftplanets:rocket_t2:2, Tier 2 Rocket
galacticraftplanets:rocket_t2:3, Tier 2 Rocket
galacticraftplanets:rocket_t2:4, Tier 2 Rocket
galacticraftplanets:rocket_t2:11, Cargo Rocket
galacticraftplanets:rocket_t2:12, Cargo Rocket
galacticraftplanets:rocket_t2:13, Cargo Rocket
galacticraftplanets:rocket_t2:14, Cargo Rocket
galacticraftplanets:key:0, Tier 2 Dungeon Key
galacticraftplanets:schematic:0, NASA Workbench Schematic
galacticraftplanets:schematic:1, NASA Workbench Schematic
galacticraftplanets:schematic:2, NASA Workbench Schematic
galacticraftplanets:asteroids_block:0, Asteroid Rock
galacticraftplanets:asteroids_block:1, Asteroid Rock
galacticraftplanets:asteroids_block:2, Asteroid Rock
galacticraftplanets:asteroids_block:3, Aluminum Ore
galacticraftplanets:asteroids_block:4, Ilmenite Ore
galacticraftplanets:asteroids_block:5, Iron Ore
galacticraftplanets:asteroids_block:6, Dark Decoration Block
galacticraftplanets:asteroids_block:7, Titanium Block
galacticraftplanets:walkway:0, Walkway
galacticraftplanets:walkway:1, Walkway
galacticraftplanets:walkway:2, Walkway
galacticraftplanets:beam_reflector, Energy Beam Reflector
galacticraftplanets:beam_receiver, Energy Beam Receiver
galacticraftplanets:telepad_short, Short Range Telepad
galacticraftplanets:dense_ice, Dense Ice
galacticraftplanets:miner_base, Astro Miner Base
galacticraftplanets:grapple, Grapple
galacticraftplanets:rocket_t3:0, Tier 3 Rocket
galacticraftplanets:rocket_t3:1, Tier 3 Rocket
galacticraftplanets:rocket_t3:2, Tier 3 Rocket
galacticraftplanets:rocket_t3:3, Tier 3 Rocket
galacticraftplanets:rocket_t3:4, Tier 3 Rocket
galacticraftplanets:astro_miner, Astro Miner
galacticraftplanets:thermal_padding:0, Thermal Padding Helm
galacticraftplanets:thermal_padding:1, Thermal Padding Chestpiece
galacticraftplanets:thermal_padding:2, Thermal Padding Leggings
galacticraftplanets:thermal_padding:3, Thermal Padding Boots
galacticraftplanets:item_basic_asteroids:0, Titanium Ingot
galacticraftplanets:item_basic_asteroids:1, Heavy Rocket Engine
galacticraftplanets:item_basic_asteroids:2, Heavy Rocket Fins
galacticraftplanets:item_basic_asteroids:3, Iron Shard
galacticraftplanets:item_basic_asteroids:4, Titanium Shard
galacticraftplanets:item_basic_asteroids:5, Heavy-Duty Plate
galacticraftplanets:item_basic_asteroids:6, Compressed Titanium
galacticraftplanets:item_basic_asteroids:7, Thermal Cloth
galacticraftplanets:item_basic_asteroids:8, Beam Core
galacticraftplanets:item_basic_asteroids:9, Titanium Dust
galacticraftplanets:methane_canister_partial:1, Filled Methane Gas Canister
galacticraftplanets:canister_partial_lox:1, Filled Canister of Liquid Oxygen
galacticraftplanets:canister_partial_ln2:1, Filled Canister of Liquid Nitrogen
galacticraftplanets:atmospheric_valve, Atmospheric Valve
galacticraftplanets:heavy_nose_cone:0, Heavy Nose Cone
galacticraftplanets:orion_drive, Orion Drive
galacticraftplanets:titanium_helmet, Titanium Helmet
galacticraftplanets:titanium_chestplate, Titanium Chestplate
galacticraftplanets:titanium_leggings, Titanium Leggings
galacticraftplanets:titanium_boots, Titanium Boots
galacticraftplanets:titanium_axe, Titanium Axe
galacticraftplanets:titanium_pickaxe, Titanium Pickaxe
galacticraftplanets:titanium_shovel, Titanium Shovel
galacticraftplanets:titanium_hoe, Titanium Hoe
galacticraftplanets:titanium_sword, Titanium Sword
galacticraftplanets:strange_seed:0, Strange Seed
galacticraftplanets:strange_seed:1, Strange Seed
galacticraftplanets:sulphuric_acid, Sulfuric Acid
galacticraftplanets:bucket_sulphuric_acid, Sulfuric Acid Bucket
galacticraftplanets:venus:0, Venus Soft Rock
galacticraftplanets:venus:1, Venus Hard Rock
galacticraftplanets:venus:2, Venus Volcanic Rock
galacticraftplanets:venus:3, Pumice
galacticraftplanets:venus:4, Venus Dungeon Brick I
galacticraftplanets:venus:5, Venus Dungeon Brick II
galacticraftplanets:venus:6, Aluminum Ore
galacticraftplanets:venus:7, Copper Ore
galacticraftplanets:venus:8, Galena Ore
galacticraftplanets:venus:9, Quartz Ore
galacticraftplanets:venus:10, Silicon Ore
galacticraftplanets:venus:11, Tin Ore
galacticraftplanets:venus:12, Lead Block
galacticraftplanets:venus:13, Solar Ore
galacticraftplanets:spout, Vapor Spout
galacticraftplanets:boss_spawner_venus, tile.boss_spawner_venus.name
galacticraftplanets:treasure_t3, Tier 3 Treasure Chest
galacticraftplanets:web_torch:0, Web String
galacticraftplanets:web_torch:1, Web String
galacticraftplanets:geothermal_generator, Geothermal Generator
galacticraftplanets:crashed_probe, Crashed Probe
galacticraftplanets:venus_rock_scorched, Scorched Venus Rock
galacticraftplanets:solar_array_module, Solar Array Module
galacticraftplanets:solar_array_controller, Solar Array Controller
galacticraftplanets:laser_turret, Laser Turret
galacticraftplanets:thermal_padding_t2:0, Isothermal Helm
galacticraftplanets:thermal_padding_t2:1, Isothermal Chestpiece
galacticraftplanets:thermal_padding_t2:2, Isothermal Leggings
galacticraftplanets:thermal_padding_t2:3, Isothermal Boots
galacticraftplanets:basic_item_venus:0, Shield Controller
galacticraftplanets:basic_item_venus:1, Lead Ingot
galacticraftplanets:basic_item_venus:2, Radioisotope Core
galacticraftplanets:basic_item_venus:3, Isothermal Fabric
galacticraftplanets:basic_item_venus:4, Solar Dust
galacticraftplanets:basic_item_venus:5, Solar Array Panel
galacticraftplanets:basic_item_venus:6, Solar Array Wafer
galacticraftplanets:volcanic_pickaxe, Volcanic Pickaxe
galacticraftplanets:key_t3:0, Tier 3 Dungeon Key
galacticraftplanets:atomic_battery, Atomic Battery
galacticraftcore:unlit_torch_stone, Stone Torch
galacticraftcore:unlit_torch_stone_lit, Stone Torch
enderio:item_enderface, Enderface
enderio:item_conduit_facade:0, Conduit Facade
enderio:item_conduit_facade:1, Hardened Conduit Facade
enderio:item_conduit_facade:2, Transparent Conduit Facade
enderio:item_conduit_facade:3, Transparent Hardened Conduit Facade
enderio:item_basic_capacitor:0, Basic Capacitor
enderio:item_basic_capacitor:1, Double-Layer Capacitor
enderio:item_basic_capacitor:2, Octadic Capacitor
enderio:block_alloy:0, Electrical Steel Block
enderio:block_alloy:1, Energetic Alloy Block
enderio:block_alloy:2, Vibrant Alloy Block
enderio:block_alloy:3, Redstone Alloy Block
enderio:block_alloy:4, Conductive Iron Block
enderio:block_alloy:5, Pulsating Iron Block
enderio:block_alloy:6, Dark Steel Block
enderio:block_alloy:7, Soularium Block
enderio:block_alloy:8, End Steel Block
enderio:block_alloy:9, Iron Alloy Block
enderio:item_alloy_ingot:0, Electrical Steel Ingot
enderio:item_alloy_ingot:1, Energetic Alloy Ingot
enderio:item_alloy_ingot:2, Vibrant Alloy Ingot
enderio:item_alloy_ingot:3, Redstone Alloy Ingot
enderio:item_alloy_ingot:4, Conductive Iron Ingot
enderio:item_alloy_ingot:5, Pulsating Iron Ingot
enderio:item_alloy_ingot:6, Dark Steel Ingot
enderio:item_alloy_ingot:7, Soularium Ingot
enderio:item_alloy_ingot:8, End Steel Ingot
enderio:item_alloy_ingot:9, Iron Alloy Ingot
enderio:item_alloy_nugget:0, Electrical Steel Nugget
enderio:item_alloy_nugget:1, Energetic Alloy Nugget
enderio:item_alloy_nugget:2, Vibrant Alloy Nugget
enderio:item_alloy_nugget:3, Redstone Alloy Nugget
enderio:item_alloy_nugget:4, Conductive Iron Nugget
enderio:item_alloy_nugget:5, Pulsating Iron Nugget
enderio:item_alloy_nugget:6, Dark Steel Nugget
enderio:item_alloy_nugget:7, Soularium Nugget
enderio:item_alloy_nugget:8, End Steel Nugget
enderio:item_alloy_nugget:9, Iron Alloy Nugget
enderio:item_alloy_ball:0, Electrical Steel Grinding Ball
enderio:item_alloy_ball:1, Energetic Alloy Grinding Ball
enderio:item_alloy_ball:2, Vibrant Alloy Grinding Ball
enderio:item_alloy_ball:3, Redstone Alloy Grinding Ball
enderio:item_alloy_ball:4, Conductive Iron Grinding Ball
enderio:item_alloy_ball:5, Pulsating Iron Grinding Ball
enderio:item_alloy_ball:6, Dark Steel Grinding Ball
enderio:item_alloy_ball:7, Soularium Grinding Ball
enderio:item_alloy_ball:8, End Steel Grinding Ball
enderio:item_alloy_ball:9, Iron Alloy Grinding Ball
enderio:item_material:0, Simple Machine Chassis
enderio:item_material:1, Industrial Machine Chassis
enderio:item_material:2, Machine Parts
enderio:item_material:3, Photovoltaic Plate
enderio:item_material:4, Conduit Binder
enderio:item_material:5, Silicon
enderio:item_material:6, Glider Wing
enderio:item_material:7, Glider Wings
enderio:item_material:8, Nutritious Stick
enderio:item_material:9, Wooden Gear
enderio:item_material:10, Stone Compound Gear
enderio:item_material:11, Infinity Bimetal Gear
enderio:item_material:12, Energized Bimetal Gear
enderio:item_material:13, Vibrant Bimetal Gear
enderio:item_material:14, Pulsating Crystal
enderio:item_material:15, Vibrant Crystal
enderio:item_material:16, Ender Crystal
enderio:item_material:17, Enticing Crystal
enderio:item_material:18, Weather Crystal
enderio:item_material:19, Prescient Crystal
enderio:item_material:20, Grains of Infinity
enderio:item_material:21, Flour
enderio:item_material:22, Conduit Binder Composite
enderio:item_material:23, Coal Powder
enderio:item_material:24, Iron Powder
enderio:item_material:25, Gold Powder
enderio:item_material:26, Copper Powder
enderio:item_material:27, Tin Powder
enderio:item_material:28, Ender Pearl Powder
enderio:item_material:29, Obsidian Powder
enderio:item_material:30, Ardite Powder
enderio:item_material:31, Cobalt Powder
enderio:item_material:32, Lapis Lazuli Powder
enderio:item_material:33, Quartz Powder
enderio:item_material:34, Grains of Prescience
enderio:item_material:35, Grains of Vibrancy
enderio:item_material:36, Grains of Piezallity
enderio:item_material:37, Grains of the End
enderio:item_material:38, Photovoltaic Composite
enderio:item_material:40, Zombie Electrode
enderio:item_material:41, Z-Logic Controller
enderio:item_material:42, Frank'N'Zombie
enderio:item_material:43, Ender Resonator
enderio:item_material:44, Sentient Ender
enderio:item_material:45, Skeletal Contractor
enderio:item_material:46, Clippings and Trimmings
enderio:item_material:47, Twigs and Prunings
enderio:item_material:48, Organic Green Dye
enderio:item_material:49, Organic Brown Dye
enderio:item_material:50, Organic Black Dye
enderio:item_material:51, Industrial Dye Blend
enderio:item_material:52, Soul Attuned Dye Blend
enderio:item_material:53, Soul Machine Chassis
enderio:item_material:54, Enhanced Machine Chassis
enderio:item_material:55, Soulless Machine Chassis
enderio:item_material:56, Guardian Diode
enderio:item_material:57, Signalum Grinding Ball
enderio:item_material:58, Enderium Grinding Ball
enderio:item_material:59, Lumium Grinding Ball
enderio:item_material:60, Redstone Filter Base
enderio:item_material:61, Confusing Powder
enderio:item_material:62, Ender Fragment
enderio:item_material:63, Withering Dust
enderio:item_material:64, Remote Awareness Upgrade
enderio:item_material:65, Wireless Energy Transmitter Dish Assembly
enderio:item_material:66, End Steel Chassis
enderio:item_material:67, Enhanced Dye Blend
enderio:item_material:68, Enhanced Machine Parts
enderio:item_material:69, Simple Machine Parts
enderio:item_material:70, Cake Base
enderio:item_material:71, Infinity Rod
enderio:item_material:72, Nethercotta
enderio:item_material:73, Dark Bimetal Gear
enderio:item_material:74, Soul Powder
enderio:item_material:75, Infinity Reagent
enderio:item_material:76, Clay-Coated Glowstone Dust
enderio:item_material:77, Black Paper
enderio:item_material:78, Animal Token
enderio:item_material:79, Monster Token
enderio:item_material:80, Player Token
enderio:item_material:81, Unfired Death Urn
enderio:item_broken_spawner:0, Broken Spawner
enderio:block_infinity_fog:0, Infinity Dust
enderio:block_infinity:0, Infinity Dust Block
enderio:block_infinity:1, Compressed Infinity Dust Block
enderio:block_infinity:2, Double Compressed Infinity Dust Block
enderio:block_holy_fog, Glowstone Nano-Particles (old)
enderio:block_holier_fog, Glowstone Nano-Particles
enderio:block_dark_steel_anvil:0, Dark Steel Anvil
enderio:block_dark_steel_anvil:1, Slightly Damaged Dark Steel Anvil
enderio:block_dark_steel_anvil:2, Very Damaged Dark Steel Anvil
enderio:block_dark_paper_anvil:0, Dark Paper Anvil
enderio:block_dark_paper_anvil:1, Slightly Damaged Dark Paper Anvil
enderio:block_dark_paper_anvil:2, Very Damaged Dark Paper Anvil
enderio:block_dark_steel_ladder, Dark Steel Ladder
enderio:block_dark_iron_bars, Dark Iron Bars
enderio:block_dark_steel_trapdoor, Dark Steel Trapdoor
enderio:block_dark_steel_door, Dark Steel Door
enderio:block_reinforced_obsidian, Reinforced Obsidian
enderio:block_self_resetting_lever5, Self-resetting Lever (5 seconds)
enderio:block_self_resetting_lever10, Self-resetting Lever (10 seconds)
enderio:block_self_resetting_lever30, Self-resetting Lever (30 seconds)
enderio:block_self_resetting_lever60, Self-resetting Lever (1 Minute)
enderio:block_self_resetting_lever300, Self-resetting Lever (5 Minutes)
enderio:block_self_resetting_lever5i, Inverted Self-resetting Lever (5 seconds)
enderio:block_self_resetting_lever10i, Inverted Self-resetting Lever (10 seconds)
enderio:block_self_resetting_lever30i, Inverted Self-resetting Lever (30 seconds)
enderio:block_self_resetting_lever60i, Inverted Self-resetting Lever (1 Minute)
enderio:block_self_resetting_lever300i, Inverted Self-resetting Lever (5 Minutes)
enderio:block_decoration1:0, Machine Chassis (decoration block)
enderio:block_decoration1:1, Blank Machine (decoration block)
enderio:block_decoration1:2, Machine Tops (decoration block)
enderio:block_decoration1:3, Machine Sides (decoration block)
enderio:block_decoration1:4, Machine Backs (decoration block)
enderio:block_decoration1:5, Machine with sides (decoration block)
enderio:block_decoration1:6, Machine width backs (decoration block)
enderio:block_decoration1:7, Blank Soul Machine (decoration block)
enderio:block_decoration1:8, Soul Machine Tops (decoration block)
enderio:block_decoration1:9, Soul Machine Sides (decoration block)
enderio:block_decoration1:10, Soul Machine Backs (decoration block)
enderio:block_decoration1:11, Soul Machine with sides (decoration block)
enderio:block_decoration1:12, Soul Machine width backs (decoration block)
enderio:block_decoration1:13, Red Machine (decoration block)
enderio:block_decoration1:14, Broken Spawner (decoration block)
enderio:block_decoration1:15, Invisible Block (decoration block)
enderio:block_decoration2:0, Alloy Smelter (decoration block)
enderio:block_decoration2:1, Item Buffer (decoration block)
enderio:block_decoration2:2, Power Buffer (decoration block)
enderio:block_decoration2:3, Omni Buffer (decoration block)
enderio:block_decoration2:4, Creative Buffer (decoration block)
enderio:block_decoration2:5, Crafter (decoration block)
enderio:block_decoration2:6, Painting Machine (decoration block)
enderio:block_decoration2:7, Power Monitor (decoration block)
enderio:block_decoration2:8, SAG Mill (decoration block)
enderio:block_decoration2:9, Slice'N'Splice (decoration block)
enderio:block_decoration2:10, Stirling Generator (decoration block)
enderio:block_decoration2:11, Fluid Tank (decoration block)
enderio:block_decoration2:12, Pressurized Fluid Tank (decoration block)
enderio:block_decoration2:13, Travel Anchor (decoration block)
enderio:block_decoration2:14, Vacuum Chest (decoration block)
enderio:block_decoration2:15, Wireless Charger (decoration block)
enderio:block_decoration3:0, XP Vacuum (decoration block)
enderio:block_decoration3:1, Simple Alloy Smelter (decoration block)
enderio:block_decoration3:2, Simple Stirling Generator (decoration block)
enderio:block_decoration3:3, Wired Charger (decoration block)
enderio:block_decoration3:4, Simple Sagmill (decoration block)
enderio:block_industrial_insulation, Industrial Insulation
enderio:block_end_iron_bars, End Steel Bars
enderio:block_confusion_charge, Confusion Charge
enderio:block_concussion_charge, Concussion Charge
enderio:block_ender_charge, Ender Charge
enderio:block_painted_slab, Painted Slab
enderio:block_painted_stone_slab, Painted Stone Slab
enderio:block_painted_pressure_plate:1, Wooden Pressure Plate (Silent)
enderio:block_painted_pressure_plate:3, Stone Pressure Plate (Silent)
enderio:block_painted_pressure_plate:5, Weighted Pressure Plate (Heavy) (Silent)
enderio:block_painted_pressure_plate:7, Weighted Pressure Plate (Light) (Silent)
enderio:block_painted_pressure_plate:8, Dark Pressure Plate
enderio:block_painted_pressure_plate:9, Dark Pressure Plate (Silent)
enderio:block_painted_pressure_plate:10, Soularium Pressure Plate
enderio:block_painted_pressure_plate:11, Soularium Pressure Plate (Silent)
enderio:block_painted_pressure_plate:12, Soularium Pressure Plate (Tuned)
enderio:block_painted_pressure_plate:13, Soularium Pressure Plate (Tuned) (Silent)
enderio:block_painted_wooden_door, Painted Wooden Door
enderio:block_painted_iron_door, Painted Iron Door
enderio:block_painted_dark_steel_door, Painted Dark Steel Door
enderio:block_exit_rail, Exit Rail
enderio:item_conduit_probe:0, Conduit Probe
enderio:item_yeta_wrench, Yeta Wrench
enderio:item_xp_transfer:0, Experience Rod
enderio:item_cold_fire_igniter, Cold Fire Igniter
enderio:item_coord_selector, Coordinate Selector
enderio:item_location_printout, Location Printout
enderio:item_travel_staff:0, Staff of Traveling
enderio:item_travel_staff:0, Staff of Traveling
enderio:item_rod_of_return:0, Rod of Return
enderio:item_rod_of_return:0, Rod of Return
enderio:item_magnet:0, Electromagnet
enderio:item_magnet:0, Electromagnet
enderio:block_enderman_skull:0, Enderman Head
enderio:block_enderman_skull:2, Tormented Enderman Head
enderio:item_ender_food:0, "Enderios"
enderio:item_basic_item_filter:0, Basic Item Filter
enderio:item_advanced_item_filter:0, Advanced Item Filter
enderio:item_limited_item_filter:0, Limited Item Filter
enderio:item_big_item_filter:0, Big Item Filter
enderio:item_big_advanced_item_filter:0, Advanced Big Item Filter
enderio:item_existing_item_filter:0, Existing Item Filter
enderio:item_mod_item_filter:0, Mod Item Filter
enderio:item_power_item_filter:0, Power Item Filter
enderio:item_soul_filter_normal:0, Soul Item Filter
enderio:item_soul_filter_big:0, Big Soul Item Filter
enderio:item_enchantment_filter_normal:0, Enchantment Item Filter
enderio:item_enchantment_filter_big:0, Big Enchantment Item Filter
enderio:item_fluid_filter:0, Basic Fluid Filter
enderio:item_redstone_not_filter:0, Redstone NOT Filter
enderio:item_redstone_or_filter:0, Redstone OR Filter
enderio:item_redstone_and_filter:0, Redstone AND Filter
enderio:item_redstone_nor_filter:0, Redstone NOR Filter
enderio:item_redstone_nand_filter:0, Redstone NAND Filter
enderio:item_redstone_xor_filter:0, Redstone XOR Filter
enderio:item_redstone_xnor_filter:0, Redstone XNOR Filter
enderio:item_redstone_toggle_filter:0, Redstone Toggle Latch Filter
enderio:item_redstone_counting_filter:0, Redstone Counting Filter
enderio:item_redstone_sensor_filter:0, Redstone Sensor Filter
enderio:item_redstone_timer_filter:0, Redstone Timer Filter
enderio:block_fused_quartz:0, Fused Quartz
enderio:block_fused_quartz:1, Fused Quartz
enderio:block_fused_quartz:2, Fused Quartz
enderio:block_fused_quartz:3, Fused Quartz
enderio:block_fused_quartz:4, Fused Quartz
enderio:block_fused_quartz:5, Fused Quartz
enderio:block_fused_quartz:6, Fused Quartz
enderio:block_fused_quartz:7, Fused Quartz
enderio:block_fused_quartz:8, Fused Quartz
enderio:block_fused_quartz:9, Fused Quartz
enderio:block_fused_quartz:10, Fused Quartz
enderio:block_fused_quartz:11, Fused Quartz
enderio:block_fused_quartz:12, Fused Quartz
enderio:block_fused_quartz:13, Fused Quartz
enderio:block_fused_quartz:14, Fused Quartz
enderio:block_fused_quartz:15, Fused Quartz
enderio:block_fused_glass:0, Quite Clear Glass
enderio:block_fused_glass:1, Quite Clear Glass
enderio:block_fused_glass:2, Quite Clear Glass
enderio:block_fused_glass:3, Quite Clear Glass
enderio:block_fused_glass:4, Quite Clear Glass
enderio:block_fused_glass:5, Quite Clear Glass
enderio:block_fused_glass:6, Quite Clear Glass
enderio:block_fused_glass:7, Quite Clear Glass
enderio:block_fused_glass:8, Quite Clear Glass
enderio:block_fused_glass:9, Quite Clear Glass
enderio:block_fused_glass:10, Quite Clear Glass
enderio:block_fused_glass:11, Quite Clear Glass
enderio:block_fused_glass:12, Quite Clear Glass
enderio:block_fused_glass:13, Quite Clear Glass
enderio:block_fused_glass:14, Quite Clear Glass
enderio:block_fused_glass:15, Quite Clear Glass
enderio:block_enlightened_fused_quartz:0, Enlightened Fused Quartz
enderio:block_enlightened_fused_quartz:1, Enlightened Fused Quartz
enderio:block_enlightened_fused_quartz:2, Enlightened Fused Quartz
enderio:block_enlightened_fused_quartz:3, Enlightened Fused Quartz
enderio:block_enlightened_fused_quartz:4, Enlightened Fused Quartz
enderio:block_enlightened_fused_quartz:5, Enlightened Fused Quartz
enderio:block_enlightened_fused_quartz:6, Enlightened Fused Quartz
enderio:block_enlightened_fused_quartz:7, Enlightened Fused Quartz
enderio:block_enlightened_fused_quartz:8, Enlightened Fused Quartz
enderio:block_enlightened_fused_quartz:9, Enlightened Fused Quartz
enderio:block_enlightened_fused_quartz:10, Enlightened Fused Quartz
enderio:block_enlightened_fused_quartz:11, Enlightened Fused Quartz
enderio:block_enlightened_fused_quartz:12, Enlightened Fused Quartz
enderio:block_enlightened_fused_quartz:13, Enlightened Fused Quartz
enderio:block_enlightened_fused_quartz:14, Enlightened Fused Quartz
enderio:block_enlightened_fused_quartz:15, Enlightened Fused Quartz
enderio:block_enlightened_fused_glass:0, Enlightened Clear Glass
enderio:block_enlightened_fused_glass:1, Enlightened Clear Glass
enderio:block_enlightened_fused_glass:2, Enlightened Clear Glass
enderio:block_enlightened_fused_glass:3, Enlightened Clear Glass
enderio:block_enlightened_fused_glass:4, Enlightened Clear Glass
enderio:block_enlightened_fused_glass:5, Enlightened Clear Glass
enderio:block_enlightened_fused_glass:6, Enlightened Clear Glass
enderio:block_enlightened_fused_glass:7, Enlightened Clear Glass
enderio:block_enlightened_fused_glass:8, Enlightened Clear Glass
enderio:block_enlightened_fused_glass:9, Enlightened Clear Glass
enderio:block_enlightened_fused_glass:10, Enlightened Clear Glass
enderio:block_enlightened_fused_glass:11, Enlightened Clear Glass
enderio:block_enlightened_fused_glass:12, Enlightened Clear Glass
enderio:block_enlightened_fused_glass:13, Enlightened Clear Glass
enderio:block_enlightened_fused_glass:14, Enlightened Clear Glass
enderio:block_enlightened_fused_glass:15, Enlightened Clear Glass
enderio:block_dark_fused_quartz:0, Dark Fused Quartz
enderio:block_dark_fused_quartz:1, Dark Fused Quartz
enderio:block_dark_fused_quartz:2, Dark Fused Quartz
enderio:block_dark_fused_quartz:3, Dark Fused Quartz
enderio:block_dark_fused_quartz:4, Dark Fused Quartz
enderio:block_dark_fused_quartz:5, Dark Fused Quartz
enderio:block_dark_fused_quartz:6, Dark Fused Quartz
enderio:block_dark_fused_quartz:7, Dark Fused Quartz
enderio:block_dark_fused_quartz:8, Dark Fused Quartz
enderio:block_dark_fused_quartz:9, Dark Fused Quartz
enderio:block_dark_fused_quartz:10, Dark Fused Quartz
enderio:block_dark_fused_quartz:11, Dark Fused Quartz
enderio:block_dark_fused_quartz:12, Dark Fused Quartz
enderio:block_dark_fused_quartz:13, Dark Fused Quartz
enderio:block_dark_fused_quartz:14, Dark Fused Quartz
enderio:block_dark_fused_quartz:15, Dark Fused Quartz
enderio:block_dark_fused_glass:0, Dark Clear Glass
enderio:block_dark_fused_glass:1, Dark Clear Glass
enderio:block_dark_fused_glass:2, Dark Clear Glass
enderio:block_dark_fused_glass:3, Dark Clear Glass
enderio:block_dark_fused_glass:4, Dark Clear Glass
enderio:block_dark_fused_glass:5, Dark Clear Glass
enderio:block_dark_fused_glass:6, Dark Clear Glass
enderio:block_dark_fused_glass:7, Dark Clear Glass
enderio:block_dark_fused_glass:8, Dark Clear Glass
enderio:block_dark_fused_glass:9, Dark Clear Glass
enderio:block_dark_fused_glass:10, Dark Clear Glass
enderio:block_dark_fused_glass:11, Dark Clear Glass
enderio:block_dark_fused_glass:12, Dark Clear Glass
enderio:block_dark_fused_glass:13, Dark Clear Glass
enderio:block_dark_fused_glass:14, Dark Clear Glass
enderio:block_dark_fused_glass:15, Dark Clear Glass
enderio:block_holy_fused_quartz:0, Fused Quartz
enderio:block_holy_fused_quartz:1, Fused Quartz
enderio:block_holy_fused_quartz:2, Fused Quartz
enderio:block_holy_fused_quartz:3, Fused Quartz
enderio:block_holy_fused_quartz:4, Fused Quartz
enderio:block_holy_fused_quartz:5, Fused Quartz
enderio:block_holy_fused_quartz:6, Fused Quartz
enderio:block_holy_fused_quartz:7, Fused Quartz
enderio:block_holy_fused_quartz:8, Fused Quartz
enderio:block_holy_fused_quartz:9, Fused Quartz
enderio:block_holy_fused_quartz:10, Fused Quartz
enderio:block_holy_fused_quartz:11, Fused Quartz
enderio:block_holy_fused_quartz:12, Fused Quartz
enderio:block_holy_fused_quartz:13, Fused Quartz
enderio:block_holy_fused_quartz:14, Fused Quartz
enderio:block_holy_fused_quartz:15, Fused Quartz
enderio:block_holy_fused_glass:0, Quite Clear Glass
enderio:block_holy_fused_glass:1, Quite Clear Glass
enderio:block_holy_fused_glass:2, Quite Clear Glass
enderio:block_holy_fused_glass:3, Quite Clear Glass
enderio:block_holy_fused_glass:4, Quite Clear Glass
enderio:block_holy_fused_glass:5, Quite Clear Glass
enderio:block_holy_fused_glass:6, Quite Clear Glass
enderio:block_holy_fused_glass:7, Quite Clear Glass
enderio:block_holy_fused_glass:8, Quite Clear Glass
enderio:block_holy_fused_glass:9, Quite Clear Glass
enderio:block_holy_fused_glass:10, Quite Clear Glass
enderio:block_holy_fused_glass:11, Quite Clear Glass
enderio:block_holy_fused_glass:12, Quite Clear Glass
enderio:block_holy_fused_glass:13, Quite Clear Glass
enderio:block_holy_fused_glass:14, Quite Clear Glass
enderio:block_holy_fused_glass:15, Quite Clear Glass
enderio:block_holy_enlightened_fused_quartz:0, Enlightened Fused Quartz
enderio:block_holy_enlightened_fused_quartz:1, Enlightened Fused Quartz
enderio:block_holy_enlightened_fused_quartz:2, Enlightened Fused Quartz
enderio:block_holy_enlightened_fused_quartz:3, Enlightened Fused Quartz
enderio:block_holy_enlightened_fused_quartz:4, Enlightened Fused Quartz
enderio:block_holy_enlightened_fused_quartz:5, Enlightened Fused Quartz
enderio:block_holy_enlightened_fused_quartz:6, Enlightened Fused Quartz
enderio:block_holy_enlightened_fused_quartz:7, Enlightened Fused Quartz
enderio:block_holy_enlightened_fused_quartz:8, Enlightened Fused Quartz
enderio:block_holy_enlightened_fused_quartz:9, Enlightened Fused Quartz
enderio:block_holy_enlightened_fused_quartz:10, Enlightened Fused Quartz
enderio:block_holy_enlightened_fused_quartz:11, Enlightened Fused Quartz
enderio:block_holy_enlightened_fused_quartz:12, Enlightened Fused Quartz
enderio:block_holy_enlightened_fused_quartz:13, Enlightened Fused Quartz
enderio:block_holy_enlightened_fused_quartz:14, Enlightened Fused Quartz
enderio:block_holy_enlightened_fused_quartz:15, Enlightened Fused Quartz
enderio:block_holy_enlightened_fused_glass:0, Enlightened Clear Glass
enderio:block_holy_enlightened_fused_glass:1, Enlightened Clear Glass
enderio:block_holy_enlightened_fused_glass:2, Enlightened Clear Glass
enderio:block_holy_enlightened_fused_glass:3, Enlightened Clear Glass
enderio:block_holy_enlightened_fused_glass:4, Enlightened Clear Glass
enderio:block_holy_enlightened_fused_glass:5, Enlightened Clear Glass
enderio:block_holy_enlightened_fused_glass:6, Enlightened Clear Glass
enderio:block_holy_enlightened_fused_glass:7, Enlightened Clear Glass
enderio:block_holy_enlightened_fused_glass:8, Enlightened Clear Glass
enderio:block_holy_enlightened_fused_glass:9, Enlightened Clear Glass
enderio:block_holy_enlightened_fused_glass:10, Enlightened Clear Glass
enderio:block_holy_enlightened_fused_glass:11, Enlightened Clear Glass
enderio:block_holy_enlightened_fused_glass:12, Enlightened Clear Glass
enderio:block_holy_enlightened_fused_glass:13, Enlightened Clear Glass
enderio:block_holy_enlightened_fused_glass:14, Enlightened Clear Glass
enderio:block_holy_enlightened_fused_glass:15, Enlightened Clear Glass
enderio:block_holy_dark_fused_quartz:0, Dark Fused Quartz
enderio:block_holy_dark_fused_quartz:1, Dark Fused Quartz
enderio:block_holy_dark_fused_quartz:2, Dark Fused Quartz
enderio:block_holy_dark_fused_quartz:3, Dark Fused Quartz
enderio:block_holy_dark_fused_quartz:4, Dark Fused Quartz
enderio:block_holy_dark_fused_quartz:5, Dark Fused Quartz
enderio:block_holy_dark_fused_quartz:6, Dark Fused Quartz
enderio:block_holy_dark_fused_quartz:7, Dark Fused Quartz
enderio:block_holy_dark_fused_quartz:8, Dark Fused Quartz
enderio:block_holy_dark_fused_quartz:9, Dark Fused Quartz
enderio:block_holy_dark_fused_quartz:10, Dark Fused Quartz
enderio:block_holy_dark_fused_quartz:11, Dark Fused Quartz
enderio:block_holy_dark_fused_quartz:12, Dark Fused Quartz
enderio:block_holy_dark_fused_quartz:13, Dark Fused Quartz
enderio:block_holy_dark_fused_quartz:14, Dark Fused Quartz
enderio:block_holy_dark_fused_quartz:15, Dark Fused Quartz
enderio:block_holy_dark_fused_glass:0, Dark Clear Glass
enderio:block_holy_dark_fused_glass:1, Dark Clear Glass
enderio:block_holy_dark_fused_glass:2, Dark Clear Glass
enderio:block_holy_dark_fused_glass:3, Dark Clear Glass
enderio:block_holy_dark_fused_glass:4, Dark Clear Glass
enderio:block_holy_dark_fused_glass:5, Dark Clear Glass
enderio:block_holy_dark_fused_glass:6, Dark Clear Glass
enderio:block_holy_dark_fused_glass:7, Dark Clear Glass
enderio:block_holy_dark_fused_glass:8, Dark Clear Glass
enderio:block_holy_dark_fused_glass:9, Dark Clear Glass
enderio:block_holy_dark_fused_glass:10, Dark Clear Glass
enderio:block_holy_dark_fused_glass:11, Dark Clear Glass
enderio:block_holy_dark_fused_glass:12, Dark Clear Glass
enderio:block_holy_dark_fused_glass:13, Dark Clear Glass
enderio:block_holy_dark_fused_glass:14, Dark Clear Glass
enderio:block_holy_dark_fused_glass:15, Dark Clear Glass
enderio:block_unholy_fused_quartz:0, Fused Quartz
enderio:block_unholy_fused_quartz:1, Fused Quartz
enderio:block_unholy_fused_quartz:2, Fused Quartz
enderio:block_unholy_fused_quartz:3, Fused Quartz
enderio:block_unholy_fused_quartz:4, Fused Quartz
enderio:block_unholy_fused_quartz:5, Fused Quartz
enderio:block_unholy_fused_quartz:6, Fused Quartz
enderio:block_unholy_fused_quartz:7, Fused Quartz
enderio:block_unholy_fused_quartz:8, Fused Quartz
enderio:block_unholy_fused_quartz:9, Fused Quartz
enderio:block_unholy_fused_quartz:10, Fused Quartz
enderio:block_unholy_fused_quartz:11, Fused Quartz
enderio:block_unholy_fused_quartz:12, Fused Quartz
enderio:block_unholy_fused_quartz:13, Fused Quartz
enderio:block_unholy_fused_quartz:14, Fused Quartz
enderio:block_unholy_fused_quartz:15, Fused Quartz
enderio:block_unholy_fused_glass:0, Quite Clear Glass
enderio:block_unholy_fused_glass:1, Quite Clear Glass
enderio:block_unholy_fused_glass:2, Quite Clear Glass
enderio:block_unholy_fused_glass:3, Quite Clear Glass
enderio:block_unholy_fused_glass:4, Quite Clear Glass
enderio:block_unholy_fused_glass:5, Quite Clear Glass
enderio:block_unholy_fused_glass:6, Quite Clear Glass
enderio:block_unholy_fused_glass:7, Quite Clear Glass
enderio:block_unholy_fused_glass:8, Quite Clear Glass
enderio:block_unholy_fused_glass:9, Quite Clear Glass
enderio:block_unholy_fused_glass:10, Quite Clear Glass
enderio:block_unholy_fused_glass:11, Quite Clear Glass
enderio:block_unholy_fused_glass:12, Quite Clear Glass
enderio:block_unholy_fused_glass:13, Quite Clear Glass
enderio:block_unholy_fused_glass:14, Quite Clear Glass
enderio:block_unholy_fused_glass:15, Quite Clear Glass
enderio:block_unholy_enlightened_fused_quartz:0, Enlightened Fused Quartz
enderio:block_unholy_enlightened_fused_quartz:1, Enlightened Fused Quartz
enderio:block_unholy_enlightened_fused_quartz:2, Enlightened Fused Quartz
enderio:block_unholy_enlightened_fused_quartz:3, Enlightened Fused Quartz
enderio:block_unholy_enlightened_fused_quartz:4, Enlightened Fused Quartz
enderio:block_unholy_enlightened_fused_quartz:5, Enlightened Fused Quartz
enderio:block_unholy_enlightened_fused_quartz:6, Enlightened Fused Quartz
enderio:block_unholy_enlightened_fused_quartz:7, Enlightened Fused Quartz
enderio:block_unholy_enlightened_fused_quartz:8, Enlightened Fused Quartz
enderio:block_unholy_enlightened_fused_quartz:9, Enlightened Fused Quartz
enderio:block_unholy_enlightened_fused_quartz:10, Enlightened Fused Quartz
enderio:block_unholy_enlightened_fused_quartz:11, Enlightened Fused Quartz
enderio:block_unholy_enlightened_fused_quartz:12, Enlightened Fused Quartz
enderio:block_unholy_enlightened_fused_quartz:13, Enlightened Fused Quartz
enderio:block_unholy_enlightened_fused_quartz:14, Enlightened Fused Quartz
enderio:block_unholy_enlightened_fused_quartz:15, Enlightened Fused Quartz
enderio:block_unholy_enlightened_fused_glass:0, Enlightened Clear Glass
enderio:block_unholy_enlightened_fused_glass:1, Enlightened Clear Glass
enderio:block_unholy_enlightened_fused_glass:2, Enlightened Clear Glass
enderio:block_unholy_enlightened_fused_glass:3, Enlightened Clear Glass
enderio:block_unholy_enlightened_fused_glass:4, Enlightened Clear Glass
enderio:block_unholy_enlightened_fused_glass:5, Enlightened Clear Glass
enderio:block_unholy_enlightened_fused_glass:6, Enlightened Clear Glass
enderio:block_unholy_enlightened_fused_glass:7, Enlightened Clear Glass
enderio:block_unholy_enlightened_fused_glass:8, Enlightened Clear Glass
enderio:block_unholy_enlightened_fused_glass:9, Enlightened Clear Glass
enderio:block_unholy_enlightened_fused_glass:10, Enlightened Clear Glass
enderio:block_unholy_enlightened_fused_glass:11, Enlightened Clear Glass
enderio:block_unholy_enlightened_fused_glass:12, Enlightened Clear Glass
enderio:block_unholy_enlightened_fused_glass:13, Enlightened Clear Glass
enderio:block_unholy_enlightened_fused_glass:14, Enlightened Clear Glass
enderio:block_unholy_enlightened_fused_glass:15, Enlightened Clear Glass
enderio:block_unholy_dark_fused_quartz:0, Dark Fused Quartz
enderio:block_unholy_dark_fused_quartz:1, Dark Fused Quartz
enderio:block_unholy_dark_fused_quartz:2, Dark Fused Quartz
enderio:block_unholy_dark_fused_quartz:3, Dark Fused Quartz
enderio:block_unholy_dark_fused_quartz:4, Dark Fused Quartz
enderio:block_unholy_dark_fused_quartz:5, Dark Fused Quartz
enderio:block_unholy_dark_fused_quartz:6, Dark Fused Quartz
enderio:block_unholy_dark_fused_quartz:7, Dark Fused Quartz
enderio:block_unholy_dark_fused_quartz:8, Dark Fused Quartz
enderio:block_unholy_dark_fused_quartz:9, Dark Fused Quartz
enderio:block_unholy_dark_fused_quartz:10, Dark Fused Quartz
enderio:block_unholy_dark_fused_quartz:11, Dark Fused Quartz
enderio:block_unholy_dark_fused_quartz:12, Dark Fused Quartz
enderio:block_unholy_dark_fused_quartz:13, Dark Fused Quartz
enderio:block_unholy_dark_fused_quartz:14, Dark Fused Quartz
enderio:block_unholy_dark_fused_quartz:15, Dark Fused Quartz
enderio:block_unholy_dark_fused_glass:0, Dark Clear Glass
enderio:block_unholy_dark_fused_glass:1, Dark Clear Glass
enderio:block_unholy_dark_fused_glass:2, Dark Clear Glass
enderio:block_unholy_dark_fused_glass:3, Dark Clear Glass
enderio:block_unholy_dark_fused_glass:4, Dark Clear Glass
enderio:block_unholy_dark_fused_glass:5, Dark Clear Glass
enderio:block_unholy_dark_fused_glass:6, Dark Clear Glass
enderio:block_unholy_dark_fused_glass:7, Dark Clear Glass
enderio:block_unholy_dark_fused_glass:8, Dark Clear Glass
enderio:block_unholy_dark_fused_glass:9, Dark Clear Glass
enderio:block_unholy_dark_fused_glass:10, Dark Clear Glass
enderio:block_unholy_dark_fused_glass:11, Dark Clear Glass
enderio:block_unholy_dark_fused_glass:12, Dark Clear Glass
enderio:block_unholy_dark_fused_glass:13, Dark Clear Glass
enderio:block_unholy_dark_fused_glass:14, Dark Clear Glass
enderio:block_unholy_dark_fused_glass:15, Dark Clear Glass
enderio:block_pasture_fused_quartz:0, Fused Quartz
enderio:block_pasture_fused_quartz:1, Fused Quartz
enderio:block_pasture_fused_quartz:2, Fused Quartz
enderio:block_pasture_fused_quartz:3, Fused Quartz
enderio:block_pasture_fused_quartz:4, Fused Quartz
enderio:block_pasture_fused_quartz:5, Fused Quartz
enderio:block_pasture_fused_quartz:6, Fused Quartz
enderio:block_pasture_fused_quartz:7, Fused Quartz
enderio:block_pasture_fused_quartz:8, Fused Quartz
enderio:block_pasture_fused_quartz:9, Fused Quartz
enderio:block_pasture_fused_quartz:10, Fused Quartz
enderio:block_pasture_fused_quartz:11, Fused Quartz
enderio:block_pasture_fused_quartz:12, Fused Quartz
enderio:block_pasture_fused_quartz:13, Fused Quartz
enderio:block_pasture_fused_quartz:14, Fused Quartz
enderio:block_pasture_fused_quartz:15, Fused Quartz
enderio:block_pasture_fused_glass:0, Quite Clear Glass
enderio:block_pasture_fused_glass:1, Quite Clear Glass
enderio:block_pasture_fused_glass:2, Quite Clear Glass
enderio:block_pasture_fused_glass:3, Quite Clear Glass
enderio:block_pasture_fused_glass:4, Quite Clear Glass
enderio:block_pasture_fused_glass:5, Quite Clear Glass
enderio:block_pasture_fused_glass:6, Quite Clear Glass
enderio:block_pasture_fused_glass:7, Quite Clear Glass
enderio:block_pasture_fused_glass:8, Quite Clear Glass
enderio:block_pasture_fused_glass:9, Quite Clear Glass
enderio:block_pasture_fused_glass:10, Quite Clear Glass
enderio:block_pasture_fused_glass:11, Quite Clear Glass
enderio:block_pasture_fused_glass:12, Quite Clear Glass
enderio:block_pasture_fused_glass:13, Quite Clear Glass
enderio:block_pasture_fused_glass:14, Quite Clear Glass
enderio:block_pasture_fused_glass:15, Quite Clear Glass
enderio:block_pasture_enlightened_fused_quartz:0, Enlightened Fused Quartz
enderio:block_pasture_enlightened_fused_quartz:1, Enlightened Fused Quartz
enderio:block_pasture_enlightened_fused_quartz:2, Enlightened Fused Quartz
enderio:block_pasture_enlightened_fused_quartz:3, Enlightened Fused Quartz
enderio:block_pasture_enlightened_fused_quartz:4, Enlightened Fused Quartz
enderio:block_pasture_enlightened_fused_quartz:5, Enlightened Fused Quartz
enderio:block_pasture_enlightened_fused_quartz:6, Enlightened Fused Quartz
enderio:block_pasture_enlightened_fused_quartz:7, Enlightened Fused Quartz
enderio:block_pasture_enlightened_fused_quartz:8, Enlightened Fused Quartz
enderio:block_pasture_enlightened_fused_quartz:9, Enlightened Fused Quartz
enderio:block_pasture_enlightened_fused_quartz:10, Enlightened Fused Quartz
enderio:block_pasture_enlightened_fused_quartz:11, Enlightened Fused Quartz
enderio:block_pasture_enlightened_fused_quartz:12, Enlightened Fused Quartz
enderio:block_pasture_enlightened_fused_quartz:13, Enlightened Fused Quartz
enderio:block_pasture_enlightened_fused_quartz:14, Enlightened Fused Quartz
enderio:block_pasture_enlightened_fused_quartz:15, Enlightened Fused Quartz
enderio:block_pasture_enlightened_fused_glass:0, Enlightened Clear Glass
enderio:block_pasture_enlightened_fused_glass:1, Enlightened Clear Glass
enderio:block_pasture_enlightened_fused_glass:2, Enlightened Clear Glass
enderio:block_pasture_enlightened_fused_glass:3, Enlightened Clear Glass
enderio:block_pasture_enlightened_fused_glass:4, Enlightened Clear Glass
enderio:block_pasture_enlightened_fused_glass:5, Enlightened Clear Glass
enderio:block_pasture_enlightened_fused_glass:6, Enlightened Clear Glass
enderio:block_pasture_enlightened_fused_glass:7, Enlightened Clear Glass
enderio:block_pasture_enlightened_fused_glass:8, Enlightened Clear Glass
enderio:block_pasture_enlightened_fused_glass:9, Enlightened Clear Glass
enderio:block_pasture_enlightened_fused_glass:10, Enlightened Clear Glass
enderio:block_pasture_enlightened_fused_glass:11, Enlightened Clear Glass
enderio:block_pasture_enlightened_fused_glass:12, Enlightened Clear Glass
enderio:block_pasture_enlightened_fused_glass:13, Enlightened Clear Glass
enderio:block_pasture_enlightened_fused_glass:14, Enlightened Clear Glass
enderio:block_pasture_enlightened_fused_glass:15, Enlightened Clear Glass
enderio:block_pasture_dark_fused_quartz:0, Dark Fused Quartz
enderio:block_pasture_dark_fused_quartz:1, Dark Fused Quartz
enderio:block_pasture_dark_fused_quartz:2, Dark Fused Quartz
enderio:block_pasture_dark_fused_quartz:3, Dark Fused Quartz
enderio:block_pasture_dark_fused_quartz:4, Dark Fused Quartz
enderio:block_pasture_dark_fused_quartz:5, Dark Fused Quartz
enderio:block_pasture_dark_fused_quartz:6, Dark Fused Quartz
enderio:block_pasture_dark_fused_quartz:7, Dark Fused Quartz
enderio:block_pasture_dark_fused_quartz:8, Dark Fused Quartz
enderio:block_pasture_dark_fused_quartz:9, Dark Fused Quartz
enderio:block_pasture_dark_fused_quartz:10, Dark Fused Quartz
enderio:block_pasture_dark_fused_quartz:11, Dark Fused Quartz
enderio:block_pasture_dark_fused_quartz:12, Dark Fused Quartz
enderio:block_pasture_dark_fused_quartz:13, Dark Fused Quartz
enderio:block_pasture_dark_fused_quartz:14, Dark Fused Quartz
enderio:block_pasture_dark_fused_quartz:15, Dark Fused Quartz
enderio:block_pasture_dark_fused_glass:0, Dark Clear Glass
enderio:block_pasture_dark_fused_glass:1, Dark Clear Glass
enderio:block_pasture_dark_fused_glass:2, Dark Clear Glass
enderio:block_pasture_dark_fused_glass:3, Dark Clear Glass
enderio:block_pasture_dark_fused_glass:4, Dark Clear Glass
enderio:block_pasture_dark_fused_glass:5, Dark Clear Glass
enderio:block_pasture_dark_fused_glass:6, Dark Clear Glass
enderio:block_pasture_dark_fused_glass:7, Dark Clear Glass
enderio:block_pasture_dark_fused_glass:8, Dark Clear Glass
enderio:block_pasture_dark_fused_glass:9, Dark Clear Glass
enderio:block_pasture_dark_fused_glass:10, Dark Clear Glass
enderio:block_pasture_dark_fused_glass:11, Dark Clear Glass
enderio:block_pasture_dark_fused_glass:12, Dark Clear Glass
enderio:block_pasture_dark_fused_glass:13, Dark Clear Glass
enderio:block_pasture_dark_fused_glass:14, Dark Clear Glass
enderio:block_pasture_dark_fused_glass:15, Dark Clear Glass
enderio:block_not_holy_fused_quartz:0, Fused Quartz
enderio:block_not_holy_fused_quartz:1, Fused Quartz
enderio:block_not_holy_fused_quartz:2, Fused Quartz
enderio:block_not_holy_fused_quartz:3, Fused Quartz
enderio:block_not_holy_fused_quartz:4, Fused Quartz
enderio:block_not_holy_fused_quartz:5, Fused Quartz
enderio:block_not_holy_fused_quartz:6, Fused Quartz
enderio:block_not_holy_fused_quartz:7, Fused Quartz
enderio:block_not_holy_fused_quartz:8, Fused Quartz
enderio:block_not_holy_fused_quartz:9, Fused Quartz
enderio:block_not_holy_fused_quartz:10, Fused Quartz
enderio:block_not_holy_fused_quartz:11, Fused Quartz
enderio:block_not_holy_fused_quartz:12, Fused Quartz
enderio:block_not_holy_fused_quartz:13, Fused Quartz
enderio:block_not_holy_fused_quartz:14, Fused Quartz
enderio:block_not_holy_fused_quartz:15, Fused Quartz
enderio:block_not_holy_fused_glass:0, Quite Clear Glass
enderio:block_not_holy_fused_glass:1, Quite Clear Glass
enderio:block_not_holy_fused_glass:2, Quite Clear Glass
enderio:block_not_holy_fused_glass:3, Quite Clear Glass
enderio:block_not_holy_fused_glass:4, Quite Clear Glass
enderio:block_not_holy_fused_glass:5, Quite Clear Glass
enderio:block_not_holy_fused_glass:6, Quite Clear Glass
enderio:block_not_holy_fused_glass:7, Quite Clear Glass
enderio:block_not_holy_fused_glass:8, Quite Clear Glass
enderio:block_not_holy_fused_glass:9, Quite Clear Glass
enderio:block_not_holy_fused_glass:10, Quite Clear Glass
enderio:block_not_holy_fused_glass:11, Quite Clear Glass
enderio:block_not_holy_fused_glass:12, Quite Clear Glass
enderio:block_not_holy_fused_glass:13, Quite Clear Glass
enderio:block_not_holy_fused_glass:14, Quite Clear Glass
enderio:block_not_holy_fused_glass:15, Quite Clear Glass
enderio:block_not_holy_enlightened_fused_quartz:0, Enlightened Fused Quartz
enderio:block_not_holy_enlightened_fused_quartz:1, Enlightened Fused Quartz
enderio:block_not_holy_enlightened_fused_quartz:2, Enlightened Fused Quartz
enderio:block_not_holy_enlightened_fused_quartz:3, Enlightened Fused Quartz
enderio:block_not_holy_enlightened_fused_quartz:4, Enlightened Fused Quartz
enderio:block_not_holy_enlightened_fused_quartz:5, Enlightened Fused Quartz
enderio:block_not_holy_enlightened_fused_quartz:6, Enlightened Fused Quartz
enderio:block_not_holy_enlightened_fused_quartz:7, Enlightened Fused Quartz
enderio:block_not_holy_enlightened_fused_quartz:8, Enlightened Fused Quartz
enderio:block_not_holy_enlightened_fused_quartz:9, Enlightened Fused Quartz
enderio:block_not_holy_enlightened_fused_quartz:10, Enlightened Fused Quartz
enderio:block_not_holy_enlightened_fused_quartz:11, Enlightened Fused Quartz
enderio:block_not_holy_enlightened_fused_quartz:12, Enlightened Fused Quartz
enderio:block_not_holy_enlightened_fused_quartz:13, Enlightened Fused Quartz
enderio:block_not_holy_enlightened_fused_quartz:14, Enlightened Fused Quartz
enderio:block_not_holy_enlightened_fused_quartz:15, Enlightened Fused Quartz
enderio:block_not_holy_enlightened_fused_glass:0, Enlightened Clear Glass
enderio:block_not_holy_enlightened_fused_glass:1, Enlightened Clear Glass
enderio:block_not_holy_enlightened_fused_glass:2, Enlightened Clear Glass
enderio:block_not_holy_enlightened_fused_glass:3, Enlightened Clear Glass
enderio:block_not_holy_enlightened_fused_glass:4, Enlightened Clear Glass
enderio:block_not_holy_enlightened_fused_glass:5, Enlightened Clear Glass
enderio:block_not_holy_enlightened_fused_glass:6, Enlightened Clear Glass
enderio:block_not_holy_enlightened_fused_glass:7, Enlightened Clear Glass
enderio:block_not_holy_enlightened_fused_glass:8, Enlightened Clear Glass
enderio:block_not_holy_enlightened_fused_glass:9, Enlightened Clear Glass
enderio:block_not_holy_enlightened_fused_glass:10, Enlightened Clear Glass
enderio:block_not_holy_enlightened_fused_glass:11, Enlightened Clear Glass
enderio:block_not_holy_enlightened_fused_glass:12, Enlightened Clear Glass
enderio:block_not_holy_enlightened_fused_glass:13, Enlightened Clear Glass
enderio:block_not_holy_enlightened_fused_glass:14, Enlightened Clear Glass
enderio:block_not_holy_enlightened_fused_glass:15, Enlightened Clear Glass
enderio:block_not_holy_dark_fused_quartz:0, Dark Fused Quartz
enderio:block_not_holy_dark_fused_quartz:1, Dark Fused Quartz
enderio:block_not_holy_dark_fused_quartz:2, Dark Fused Quartz
enderio:block_not_holy_dark_fused_quartz:3, Dark Fused Quartz
enderio:block_not_holy_dark_fused_quartz:4, Dark Fused Quartz
enderio:block_not_holy_dark_fused_quartz:5, Dark Fused Quartz
enderio:block_not_holy_dark_fused_quartz:6, Dark Fused Quartz
enderio:block_not_holy_dark_fused_quartz:7, Dark Fused Quartz
enderio:block_not_holy_dark_fused_quartz:8, Dark Fused Quartz
enderio:block_not_holy_dark_fused_quartz:9, Dark Fused Quartz
enderio:block_not_holy_dark_fused_quartz:10, Dark Fused Quartz
enderio:block_not_holy_dark_fused_quartz:11, Dark Fused Quartz
enderio:block_not_holy_dark_fused_quartz:12, Dark Fused Quartz
enderio:block_not_holy_dark_fused_quartz:13, Dark Fused Quartz
enderio:block_not_holy_dark_fused_quartz:14, Dark Fused Quartz
enderio:block_not_holy_dark_fused_quartz:15, Dark Fused Quartz
enderio:block_not_holy_dark_fused_glass:0, Dark Clear Glass
enderio:block_not_holy_dark_fused_glass:1, Dark Clear Glass
enderio:block_not_holy_dark_fused_glass:2, Dark Clear Glass
enderio:block_not_holy_dark_fused_glass:3, Dark Clear Glass
enderio:block_not_holy_dark_fused_glass:4, Dark Clear Glass
enderio:block_not_holy_dark_fused_glass:5, Dark Clear Glass
enderio:block_not_holy_dark_fused_glass:6, Dark Clear Glass
enderio:block_not_holy_dark_fused_glass:7, Dark Clear Glass
enderio:block_not_holy_dark_fused_glass:8, Dark Clear Glass
enderio:block_not_holy_dark_fused_glass:9, Dark Clear Glass
enderio:block_not_holy_dark_fused_glass:10, Dark Clear Glass
enderio:block_not_holy_dark_fused_glass:11, Dark Clear Glass
enderio:block_not_holy_dark_fused_glass:12, Dark Clear Glass
enderio:block_not_holy_dark_fused_glass:13, Dark Clear Glass
enderio:block_not_holy_dark_fused_glass:14, Dark Clear Glass
enderio:block_not_holy_dark_fused_glass:15, Dark Clear Glass
enderio:block_not_unholy_fused_quartz:0, Fused Quartz
enderio:block_not_unholy_fused_quartz:1, Fused Quartz
enderio:block_not_unholy_fused_quartz:2, Fused Quartz
enderio:block_not_unholy_fused_quartz:3, Fused Quartz
enderio:block_not_unholy_fused_quartz:4, Fused Quartz
enderio:block_not_unholy_fused_quartz:5, Fused Quartz
enderio:block_not_unholy_fused_quartz:6, Fused Quartz
enderio:block_not_unholy_fused_quartz:7, Fused Quartz
enderio:block_not_unholy_fused_quartz:8, Fused Quartz
enderio:block_not_unholy_fused_quartz:9, Fused Quartz
enderio:block_not_unholy_fused_quartz:10, Fused Quartz
enderio:block_not_unholy_fused_quartz:11, Fused Quartz
enderio:block_not_unholy_fused_quartz:12, Fused Quartz
enderio:block_not_unholy_fused_quartz:13, Fused Quartz
enderio:block_not_unholy_fused_quartz:14, Fused Quartz
enderio:block_not_unholy_fused_quartz:15, Fused Quartz
enderio:block_not_unholy_fused_glass:0, Quite Clear Glass
enderio:block_not_unholy_fused_glass:1, Quite Clear Glass
enderio:block_not_unholy_fused_glass:2, Quite Clear Glass
enderio:block_not_unholy_fused_glass:3, Quite Clear Glass
enderio:block_not_unholy_fused_glass:4, Quite Clear Glass
enderio:block_not_unholy_fused_glass:5, Quite Clear Glass
enderio:block_not_unholy_fused_glass:6, Quite Clear Glass
enderio:block_not_unholy_fused_glass:7, Quite Clear Glass
enderio:block_not_unholy_fused_glass:8, Quite Clear Glass
enderio:block_not_unholy_fused_glass:9, Quite Clear Glass
enderio:block_not_unholy_fused_glass:10, Quite Clear Glass
enderio:block_not_unholy_fused_glass:11, Quite Clear Glass
enderio:block_not_unholy_fused_glass:12, Quite Clear Glass
enderio:block_not_unholy_fused_glass:13, Quite Clear Glass
enderio:block_not_unholy_fused_glass:14, Quite Clear Glass
enderio:block_not_unholy_fused_glass:15, Quite Clear Glass
enderio:block_not_unholy_enlightened_fused_quartz:0, Enlightened Fused Quartz
enderio:block_not_unholy_enlightened_fused_quartz:1, Enlightened Fused Quartz
enderio:block_not_unholy_enlightened_fused_quartz:2, Enlightened Fused Quartz
enderio:block_not_unholy_enlightened_fused_quartz:3, Enlightened Fused Quartz
enderio:block_not_unholy_enlightened_fused_quartz:4, Enlightened Fused Quartz
enderio:block_not_unholy_enlightened_fused_quartz:5, Enlightened Fused Quartz
enderio:block_not_unholy_enlightened_fused_quartz:6, Enlightened Fused Quartz
enderio:block_not_unholy_enlightened_fused_quartz:7, Enlightened Fused Quartz
enderio:block_not_unholy_enlightened_fused_quartz:8, Enlightened Fused Quartz
enderio:block_not_unholy_enlightened_fused_quartz:9, Enlightened Fused Quartz
enderio:block_not_unholy_enlightened_fused_quartz:10, Enlightened Fused Quartz
enderio:block_not_unholy_enlightened_fused_quartz:11, Enlightened Fused Quartz
enderio:block_not_unholy_enlightened_fused_quartz:12, Enlightened Fused Quartz
enderio:block_not_unholy_enlightened_fused_quartz:13, Enlightened Fused Quartz
enderio:block_not_unholy_enlightened_fused_quartz:14, Enlightened Fused Quartz
enderio:block_not_unholy_enlightened_fused_quartz:15, Enlightened Fused Quartz
enderio:block_not_unholy_enlightened_fused_glass:0, Enlightened Clear Glass
enderio:block_not_unholy_enlightened_fused_glass:1, Enlightened Clear Glass
enderio:block_not_unholy_enlightened_fused_glass:2, Enlightened Clear Glass
enderio:block_not_unholy_enlightened_fused_glass:3, Enlightened Clear Glass
enderio:block_not_unholy_enlightened_fused_glass:4, Enlightened Clear Glass
enderio:block_not_unholy_enlightened_fused_glass:5, Enlightened Clear Glass
enderio:block_not_unholy_enlightened_fused_glass:6, Enlightened Clear Glass
enderio:block_not_unholy_enlightened_fused_glass:7, Enlightened Clear Glass
enderio:block_not_unholy_enlightened_fused_glass:8, Enlightened Clear Glass
enderio:block_not_unholy_enlightened_fused_glass:9, Enlightened Clear Glass
enderio:block_not_unholy_enlightened_fused_glass:10, Enlightened Clear Glass
enderio:block_not_unholy_enlightened_fused_glass:11, Enlightened Clear Glass
enderio:block_not_unholy_enlightened_fused_glass:12, Enlightened Clear Glass
enderio:block_not_unholy_enlightened_fused_glass:13, Enlightened Clear Glass
enderio:block_not_unholy_enlightened_fused_glass:14, Enlightened Clear Glass
enderio:block_not_unholy_enlightened_fused_glass:15, Enlightened Clear Glass
enderio:block_not_unholy_dark_fused_quartz:0, Dark Fused Quartz
enderio:block_not_unholy_dark_fused_quartz:1, Dark Fused Quartz
enderio:block_not_unholy_dark_fused_quartz:2, Dark Fused Quartz
enderio:block_not_unholy_dark_fused_quartz:3, Dark Fused Quartz
enderio:block_not_unholy_dark_fused_quartz:4, Dark Fused Quartz
enderio:block_not_unholy_dark_fused_quartz:5, Dark Fused Quartz
enderio:block_not_unholy_dark_fused_quartz:6, Dark Fused Quartz
enderio:block_not_unholy_dark_fused_quartz:7, Dark Fused Quartz
enderio:block_not_unholy_dark_fused_quartz:8, Dark Fused Quartz
enderio:block_not_unholy_dark_fused_quartz:9, Dark Fused Quartz
enderio:block_not_unholy_dark_fused_quartz:10, Dark Fused Quartz
enderio:block_not_unholy_dark_fused_quartz:11, Dark Fused Quartz
enderio:block_not_unholy_dark_fused_quartz:12, Dark Fused Quartz
enderio:block_not_unholy_dark_fused_quartz:13, Dark Fused Quartz
enderio:block_not_unholy_dark_fused_quartz:14, Dark Fused Quartz
enderio:block_not_unholy_dark_fused_quartz:15, Dark Fused Quartz
enderio:block_not_unholy_dark_fused_glass:0, Dark Clear Glass
enderio:block_not_unholy_dark_fused_glass:1, Dark Clear Glass
enderio:block_not_unholy_dark_fused_glass:2, Dark Clear Glass
enderio:block_not_unholy_dark_fused_glass:3, Dark Clear Glass
enderio:block_not_unholy_dark_fused_glass:4, Dark Clear Glass
enderio:block_not_unholy_dark_fused_glass:5, Dark Clear Glass
enderio:block_not_unholy_dark_fused_glass:6, Dark Clear Glass
enderio:block_not_unholy_dark_fused_glass:7, Dark Clear Glass
enderio:block_not_unholy_dark_fused_glass:8, Dark Clear Glass
enderio:block_not_unholy_dark_fused_glass:9, Dark Clear Glass
enderio:block_not_unholy_dark_fused_glass:10, Dark Clear Glass
enderio:block_not_unholy_dark_fused_glass:11, Dark Clear Glass
enderio:block_not_unholy_dark_fused_glass:12, Dark Clear Glass
enderio:block_not_unholy_dark_fused_glass:13, Dark Clear Glass
enderio:block_not_unholy_dark_fused_glass:14, Dark Clear Glass
enderio:block_not_unholy_dark_fused_glass:15, Dark Clear Glass
enderio:block_not_pasture_fused_quartz:0, Fused Quartz
enderio:block_not_pasture_fused_quartz:1, Fused Quartz
enderio:block_not_pasture_fused_quartz:2, Fused Quartz
enderio:block_not_pasture_fused_quartz:3, Fused Quartz
enderio:block_not_pasture_fused_quartz:4, Fused Quartz
enderio:block_not_pasture_fused_quartz:5, Fused Quartz
enderio:block_not_pasture_fused_quartz:6, Fused Quartz
enderio:block_not_pasture_fused_quartz:7, Fused Quartz
enderio:block_not_pasture_fused_quartz:8, Fused Quartz
enderio:block_not_pasture_fused_quartz:9, Fused Quartz
enderio:block_not_pasture_fused_quartz:10, Fused Quartz
enderio:block_not_pasture_fused_quartz:11, Fused Quartz
enderio:block_not_pasture_fused_quartz:12, Fused Quartz
enderio:block_not_pasture_fused_quartz:13, Fused Quartz
enderio:block_not_pasture_fused_quartz:14, Fused Quartz
enderio:block_not_pasture_fused_quartz:15, Fused Quartz
enderio:block_not_pasture_fused_glass:0, Quite Clear Glass
enderio:block_not_pasture_fused_glass:1, Quite Clear Glass
enderio:block_not_pasture_fused_glass:2, Quite Clear Glass
enderio:block_not_pasture_fused_glass:3, Quite Clear Glass
enderio:block_not_pasture_fused_glass:4, Quite Clear Glass
enderio:block_not_pasture_fused_glass:5, Quite Clear Glass
enderio:block_not_pasture_fused_glass:6, Quite Clear Glass
enderio:block_not_pasture_fused_glass:7, Quite Clear Glass
enderio:block_not_pasture_fused_glass:8, Quite Clear Glass
enderio:block_not_pasture_fused_glass:9, Quite Clear Glass
enderio:block_not_pasture_fused_glass:10, Quite Clear Glass
enderio:block_not_pasture_fused_glass:11, Quite Clear Glass
enderio:block_not_pasture_fused_glass:12, Quite Clear Glass
enderio:block_not_pasture_fused_glass:13, Quite Clear Glass
enderio:block_not_pasture_fused_glass:14, Quite Clear Glass
enderio:block_not_pasture_fused_glass:15, Quite Clear Glass
enderio:block_not_pasture_enlightened_fused_quartz:0, Enlightened Fused Quartz
enderio:block_not_pasture_enlightened_fused_quartz:1, Enlightened Fused Quartz
enderio:block_not_pasture_enlightened_fused_quartz:2, Enlightened Fused Quartz
enderio:block_not_pasture_enlightened_fused_quartz:3, Enlightened Fused Quartz
enderio:block_not_pasture_enlightened_fused_quartz:4, Enlightened Fused Quartz
enderio:block_not_pasture_enlightened_fused_quartz:5, Enlightened Fused Quartz
enderio:block_not_pasture_enlightened_fused_quartz:6, Enlightened Fused Quartz
enderio:block_not_pasture_enlightened_fused_quartz:7, Enlightened Fused Quartz
enderio:block_not_pasture_enlightened_fused_quartz:8, Enlightened Fused Quartz
enderio:block_not_pasture_enlightened_fused_quartz:9, Enlightened Fused Quartz
enderio:block_not_pasture_enlightened_fused_quartz:10, Enlightened Fused Quartz
enderio:block_not_pasture_enlightened_fused_quartz:11, Enlightened Fused Quartz
enderio:block_not_pasture_enlightened_fused_quartz:12, Enlightened Fused Quartz
enderio:block_not_pasture_enlightened_fused_quartz:13, Enlightened Fused Quartz
enderio:block_not_pasture_enlightened_fused_quartz:14, Enlightened Fused Quartz
enderio:block_not_pasture_enlightened_fused_quartz:15, Enlightened Fused Quartz
enderio:block_not_pasture_enlightened_fused_glass:0, Enlightened Clear Glass
enderio:block_not_pasture_enlightened_fused_glass:1, Enlightened Clear Glass
enderio:block_not_pasture_enlightened_fused_glass:2, Enlightened Clear Glass
enderio:block_not_pasture_enlightened_fused_glass:3, Enlightened Clear Glass
enderio:block_not_pasture_enlightened_fused_glass:4, Enlightened Clear Glass
enderio:block_not_pasture_enlightened_fused_glass:5, Enlightened Clear Glass
enderio:block_not_pasture_enlightened_fused_glass:6, Enlightened Clear Glass
enderio:block_not_pasture_enlightened_fused_glass:7, Enlightened Clear Glass
enderio:block_not_pasture_enlightened_fused_glass:8, Enlightened Clear Glass
enderio:block_not_pasture_enlightened_fused_glass:9, Enlightened Clear Glass
enderio:block_not_pasture_enlightened_fused_glass:10, Enlightened Clear Glass
enderio:block_not_pasture_enlightened_fused_glass:11, Enlightened Clear Glass
enderio:block_not_pasture_enlightened_fused_glass:12, Enlightened Clear Glass
enderio:block_not_pasture_enlightened_fused_glass:13, Enlightened Clear Glass
enderio:block_not_pasture_enlightened_fused_glass:14, Enlightened Clear Glass
enderio:block_not_pasture_enlightened_fused_glass:15, Enlightened Clear Glass
enderio:block_not_pasture_dark_fused_quartz:0, Dark Fused Quartz
enderio:block_not_pasture_dark_fused_quartz:1, Dark Fused Quartz
enderio:block_not_pasture_dark_fused_quartz:2, Dark Fused Quartz
enderio:block_not_pasture_dark_fused_quartz:3, Dark Fused Quartz
enderio:block_not_pasture_dark_fused_quartz:4, Dark Fused Quartz
enderio:block_not_pasture_dark_fused_quartz:5, Dark Fused Quartz
enderio:block_not_pasture_dark_fused_quartz:6, Dark Fused Quartz
enderio:block_not_pasture_dark_fused_quartz:7, Dark Fused Quartz
enderio:block_not_pasture_dark_fused_quartz:8, Dark Fused Quartz
enderio:block_not_pasture_dark_fused_quartz:9, Dark Fused Quartz
enderio:block_not_pasture_dark_fused_quartz:10, Dark Fused Quartz
enderio:block_not_pasture_dark_fused_quartz:11, Dark Fused Quartz
enderio:block_not_pasture_dark_fused_quartz:12, Dark Fused Quartz
enderio:block_not_pasture_dark_fused_quartz:13, Dark Fused Quartz
enderio:block_not_pasture_dark_fused_quartz:14, Dark Fused Quartz
enderio:block_not_pasture_dark_fused_quartz:15, Dark Fused Quartz
enderio:block_not_pasture_dark_fused_glass:0, Dark Clear Glass
enderio:block_not_pasture_dark_fused_glass:1, Dark Clear Glass
enderio:block_not_pasture_dark_fused_glass:2, Dark Clear Glass
enderio:block_not_pasture_dark_fused_glass:3, Dark Clear Glass
enderio:block_not_pasture_dark_fused_glass:4, Dark Clear Glass
enderio:block_not_pasture_dark_fused_glass:5, Dark Clear Glass
enderio:block_not_pasture_dark_fused_glass:6, Dark Clear Glass
enderio:block_not_pasture_dark_fused_glass:7, Dark Clear Glass
enderio:block_not_pasture_dark_fused_glass:8, Dark Clear Glass
enderio:block_not_pasture_dark_fused_glass:9, Dark Clear Glass
enderio:block_not_pasture_dark_fused_glass:10, Dark Clear Glass
enderio:block_not_pasture_dark_fused_glass:11, Dark Clear Glass
enderio:block_not_pasture_dark_fused_glass:12, Dark Clear Glass
enderio:block_not_pasture_dark_fused_glass:13, Dark Clear Glass
enderio:block_not_pasture_dark_fused_glass:14, Dark Clear Glass
enderio:block_not_pasture_dark_fused_glass:15, Dark Clear Glass
enderio:item_soul_vial, Soul Vial
enderio:block_detector_block:0, Block Detector
enderio:block_detector_block_silent:0, Block Detector (Silent)
enderio:item_dark_steel_helmet, Dark Helm
enderio:item_dark_steel_chestplate, Dark Plate
enderio:item_dark_steel_leggings, Dark Leggings
enderio:item_dark_steel_boots, Dark Boots
enderio:item_dark_steel_shield, Dark Shield
enderio:item_dark_steel_sword, The Ender
enderio:item_dark_steel_pickaxe, Dark Pick
enderio:item_dark_steel_axe, Dark Axe
enderio:item_dark_steel_bow, Dark Bow
enderio:item_dark_steel_shears, Dark Shears
enderio:item_dark_steel_treetap, Dark Treetap
enderio:item_dark_steel_crook, Dark Crook
enderio:item_dark_steel_hand, Dark Backhoe
enderio:item_inventory_charger_simple, Simple Inventory Charger
enderio:item_inventory_charger_basic, Basic Inventory Charger
enderio:item_inventory_charger, Inventory Charger
enderio:item_inventory_charger_vibrant, Vibrant Inventory Charger
enderio:item_end_steel_sword, The Ender Mk2
enderio:item_end_steel_pickaxe, Ender Pickaxe
enderio:item_end_steel_axe, Ender Axe
enderio:item_end_steel_bow, Ender Bow
enderio:item_end_steel_helmet, Ender Helm
enderio:item_end_steel_chestplate, Ender Plate
enderio:item_end_steel_leggings, Ender Leggings
enderio:item_end_steel_boots, Ender Boots
enderio:item_end_steel_shield, Ender Shield
enderio:item_staff_of_levity:0, Staff of Levity
enderio:item_staff_of_levity:0, Staff of Levity
enderio:item_dark_steel_upgrade:0, Blank Dark Steel Upgrade
enderio:item_dark_steel_upgrade:1, Dark Steel Upgrade "Micro Anvil"
enderio:item_dark_steel_upgrade:1, Dark Steel Upgrade "Micro Anvil"
enderio:item_dark_steel_upgrade:1, Dark Steel Upgrade "Mini Anvil"
enderio:item_dark_steel_upgrade:1, Dark Steel Upgrade "Mini Anvil"
enderio:item_dark_steel_upgrade:1, Dark Steel Upgrade "Pocket Anvil"
enderio:item_dark_steel_upgrade:1, Dark Steel Upgrade "Pocket Anvil"
enderio:item_dark_steel_upgrade:1, Dark Steel Upgrade "Carpeting"
enderio:item_dark_steel_upgrade:1, Dark Steel Upgrade "Carpeting"
enderio:item_dark_steel_upgrade:1, Dark Steel Upgrade "Depth"
enderio:item_dark_steel_upgrade:1, Dark Steel Upgrade "Depth"
enderio:item_dark_steel_upgrade:1, Dark Steel Upgrade "Direct"
enderio:item_dark_steel_upgrade:1, Dark Steel Upgrade "Direct"
enderio:item_dark_steel_upgrade:1, Dark Steel Upgrade "Elytra"
enderio:item_dark_steel_upgrade:1, Dark Steel Upgrade "Elytra"
enderio:item_dark_steel_upgrade:1, Dark Steel Upgrade "Empowered"
enderio:item_dark_steel_upgrade:1, Dark Steel Upgrade "Empowered"
enderio:item_dark_steel_upgrade:1, Dark Steel Upgrade "Empowered II"
enderio:item_dark_steel_upgrade:1, Dark Steel Upgrade "Empowered II"
enderio:item_dark_steel_upgrade:1, Dark Steel Upgrade "Empowered III"
enderio:item_dark_steel_upgrade:1, Dark Steel Upgrade "Empowered III"
enderio:item_dark_steel_upgrade:1, Dark Steel Upgrade "Empowered IV"
enderio:item_dark_steel_upgrade:1, Dark Steel Upgrade "Empowered IV"
enderio:item_dark_steel_upgrade:1, Dark Steel Upgrade "Empowered V"
enderio:item_dark_steel_upgrade:1, Dark Steel Upgrade "Empowered V"
enderio:item_dark_steel_upgrade:1, Dark Steel Upgrade "Glider"
enderio:item_dark_steel_upgrade:1, Dark Steel Upgrade "Glider"
enderio:item_dark_steel_upgrade:1, Dark Steel Upgrade "Revealing"
enderio:item_dark_steel_upgrade:1, Dark Steel Upgrade "Revealing"
enderio:item_dark_steel_upgrade:1, Dark Steel Upgrade "Fork"
enderio:item_dark_steel_upgrade:1, Dark Steel Upgrade "Fork"
enderio:item_dark_steel_upgrade:1, Dark Steel Upgrade "Inventory I"
enderio:item_dark_steel_upgrade:1, Dark Steel Upgrade "Inventory I"
enderio:item_dark_steel_upgrade:1, Dark Steel Upgrade "Inventory II"
enderio:item_dark_steel_upgrade:1, Dark Steel Upgrade "Inventory II"
enderio:item_dark_steel_upgrade:1, Dark Steel Upgrade "Inventory III"
enderio:item_dark_steel_upgrade:1, Dark Steel Upgrade "Inventory III"
enderio:item_dark_steel_upgrade:1, Dark Steel Upgrade "Jump"
enderio:item_dark_steel_upgrade:1, Dark Steel Upgrade "Jump"
enderio:item_dark_steel_upgrade:1, Dark Steel Upgrade "Jump II"
enderio:item_dark_steel_upgrade:1, Dark Steel Upgrade "Jump II"
enderio:item_dark_steel_upgrade:1, Dark Steel Upgrade "Jump III"
enderio:item_dark_steel_upgrade:1, Dark Steel Upgrade "Jump III"
enderio:item_dark_steel_upgrade:1, Dark Steel Upgrade "Night Vision"
enderio:item_dark_steel_upgrade:1, Dark Steel Upgrade "Night Vision"
enderio:item_dark_steel_upgrade:1, Dark Steel Upgrade "Padding"
enderio:item_dark_steel_upgrade:1, Dark Steel Upgrade "Padding"
enderio:item_dark_steel_upgrade:1, Dark Steel Upgrade "Simple Solar"
enderio:item_dark_steel_upgrade:1, Dark Steel Upgrade "Simple Solar"
enderio:item_dark_steel_upgrade:1, Dark Steel Upgrade "Solar I"
enderio:item_dark_steel_upgrade:1, Dark Steel Upgrade "Solar I"
enderio:item_dark_steel_upgrade:1, Dark Steel Upgrade "Solar II"
enderio:item_dark_steel_upgrade:1, Dark Steel Upgrade "Solar II"
enderio:item_dark_steel_upgrade:1, Dark Steel Upgrade "Solar III"
enderio:item_dark_steel_upgrade:1, Dark Steel Upgrade "Solar III"
enderio:item_dark_steel_upgrade:1, Dark Steel Upgrade "Sound Locator"
enderio:item_dark_steel_upgrade:1, Dark Steel Upgrade "Sound Locator"
enderio:item_dark_steel_upgrade:1, Dark Steel Upgrade "Speed"
enderio:item_dark_steel_upgrade:1, Dark Steel Upgrade "Speed"
enderio:item_dark_steel_upgrade:1, Dark Steel Upgrade "Speed II"
enderio:item_dark_steel_upgrade:1, Dark Steel Upgrade "Speed II"
enderio:item_dark_steel_upgrade:1, Dark Steel Upgrade "Speed III"
enderio:item_dark_steel_upgrade:1, Dark Steel Upgrade "Speed III"
enderio:item_dark_steel_upgrade:1, Dark Steel Upgrade "Spoon"
enderio:item_dark_steel_upgrade:1, Dark Steel Upgrade "Spoon"
enderio:item_dark_steel_upgrade:1, Dark Steel Upgrade "Step Assist"
enderio:item_dark_steel_upgrade:1, Dark Steel Upgrade "Step Assist"
enderio:item_dark_steel_upgrade:1, Dark Steel Upgrade "Flippers"
enderio:item_dark_steel_upgrade:1, Dark Steel Upgrade "Flippers"
enderio:item_dark_steel_upgrade:1, Dark Steel Upgrade "Thaumaturge's Robe"
enderio:item_dark_steel_upgrade:1, Dark Steel Upgrade "Thaumaturge's Robe"
enderio:item_dark_steel_upgrade:1, Dark Steel Upgrade "Thaumaturge's Boots"
enderio:item_dark_steel_upgrade:1, Dark Steel Upgrade "Thaumaturge's Boots"
enderio:item_dark_steel_upgrade:1, Dark Steel Upgrade "Thaumaturge's Leggings"
enderio:item_dark_steel_upgrade:1, Dark Steel Upgrade "Thaumaturge's Leggings"
enderio:item_dark_steel_upgrade:1, Dark Steel Upgrade "Explosive I"
enderio:item_dark_steel_upgrade:1, Dark Steel Upgrade "Explosive I"
enderio:item_dark_steel_upgrade:1, Dark Steel Upgrade "Explosive II"
enderio:item_dark_steel_upgrade:1, Dark Steel Upgrade "Explosive II"
enderio:item_dark_steel_upgrade:1, Dark Steel Upgrade "Explosive III"
enderio:item_dark_steel_upgrade:1, Dark Steel Upgrade "Explosive III"
enderio:item_dark_steel_upgrade:1, Dark Steel Upgrade "Explosive IV"
enderio:item_dark_steel_upgrade:1, Dark Steel Upgrade "Explosive IV"
enderio:item_dark_steel_upgrade:1, Dark Steel Upgrade "Explosive V"
enderio:item_dark_steel_upgrade:1, Dark Steel Upgrade "Explosive V"
enderio:item_dark_steel_upgrade:1, Dark Steel Upgrade "Travel"
enderio:item_dark_steel_upgrade:1, Dark Steel Upgrade "Travel"
enderio:block_death_pouch, Death Urn
enderio:item_owl_egg, Owl Egg
enderio:block_alloy_endergy:0, Crude Steel Block
enderio:block_alloy_endergy:1, Crystalline Alloy Block
enderio:block_alloy_endergy:2, Melodic Alloy Block
enderio:block_alloy_endergy:3, Stellar Alloy Block
enderio:block_alloy_endergy:4, Crystalline Pink Slime Block
enderio:block_alloy_endergy:5, Energetic Silver Block
enderio:block_alloy_endergy:6, Vivid Alloy Block
enderio:item_alloy_endergy_ingot:0, Crude Steel Ingot
enderio:item_alloy_endergy_ingot:1, Crystalline Alloy Ingot
enderio:item_alloy_endergy_ingot:2, Melodic Alloy Ingot
enderio:item_alloy_endergy_ingot:3, Stellar Alloy Ingot
enderio:item_alloy_endergy_ingot:4, Crystalline Pink Slime Ingot
enderio:item_alloy_endergy_ingot:5, Energetic Silver Ingot
enderio:item_alloy_endergy_ingot:6, Vivid Alloy Ingot
enderio:item_alloy_endergy_nugget:0, Crude Steel Nugget
enderio:item_alloy_endergy_nugget:1, Crystalline Alloy Nugget
enderio:item_alloy_endergy_nugget:2, Melodic Alloy Nugget
enderio:item_alloy_endergy_nugget:3, Stellar Alloy Nugget
enderio:item_alloy_endergy_nugget:4, Crystalline Pink Slime Nugget
enderio:item_alloy_endergy_nugget:5, Energetic Silver Nugget
enderio:item_alloy_endergy_nugget:6, Vivid Alloy Nugget
enderio:item_alloy_endergy_ball:0, Crude Steel Grinding Ball
enderio:item_alloy_endergy_ball:1, Crystalline Alloy Grinding Ball
enderio:item_alloy_endergy_ball:2, Melodic Alloy Grinding Ball
enderio:item_alloy_endergy_ball:3, Stellar Alloy Grinding Ball
enderio:item_alloy_endergy_ball:4, Crystalline Pink Slime Grinding Ball
enderio:item_alloy_endergy_ball:5, Energetic Silver Grinding Ball
enderio:item_alloy_endergy_ball:6, Vivid Alloy Grinding Ball
enderio:item_item_conduit:0, Item Conduit
enderio:item_liquid_conduit:0, Fluid Conduit
enderio:item_liquid_conduit:1, Pressurized Fluid Conduit
enderio:item_liquid_conduit:2, Ender Fluid Conduit
enderio:item_power_conduit:0, Energy Conduit
enderio:item_power_conduit:1, Enhanced Energy Conduit
enderio:item_power_conduit:2, Ender Energy Conduit
enderio:item_redstone_conduit:0, Redstone Conduit
enderio:item_extract_speed_upgrade:0, Extract Speed Upgrade
enderio:item_extract_speed_downgrade:0, Extract Speed Downgrade
enderio:item_me_conduit:0, ME Conduit
enderio:item_me_conduit:1, Dense ME Conduit
enderio:block_inventory_panel, Inventory Panel
enderio:block_inventory_panel_sensor, Inventory Sensor
enderio:block_inventory_chest_tiny, Tiny Inventory System Storage
enderio:block_inventory_chest_small, Small Inventory System Storage
enderio:block_inventory_chest_medium, Medium Inventory System Storage
enderio:block_inventory_chest_big, Big Inventory System Storage
enderio:block_inventory_chest_large, Large Inventory System Storage
enderio:block_inventory_chest_huge, Huge Inventory System Storage
enderio:block_inventory_chest_enormous, Enormous Inventory System Storage
enderio:block_inventory_chest_warehouse, Inventory System Storage Warehouse
enderio:block_inventory_chest_warehouse13, Inventory System Storage Extended Warehouse
enderio:item_inventory_remote:0, Inventory Panel Remote
enderio:item_inventory_remote:0, Inventory Panel Remote
enderio:item_inventory_remote:1, Advanced Inventory Panel Remote
enderio:item_inventory_remote:1, Advanced Inventory Panel Remote
enderio:item_inventory_remote:2, Ender Inventory Panel Remote
enderio:item_inventory_remote:2, Ender Inventory Panel Remote
enderio:item_data_conduit:0, Data Conduit
enderio:block_simple_furnace, Simple Powered Furnace
enderio:block_simple_alloy_smelter, Simple Alloy Smelter
enderio:block_alloy_smelter, Alloy Smelter
enderio:block_enhanced_alloy_smelter, Enhanced Alloy Smelter
enderio:block_buffer:0, Item Buffer
enderio:block_buffer:1, Power Buffer
enderio:block_buffer:2, Omni Buffer
enderio:block_buffer:3, Creative Buffer
enderio:block_enchanter, Enchanter
enderio:block_farm_station, Farming Station
enderio:block_combustion_generator, Combustion Generator
enderio:block_enhanced_combustion_generator, Enhanced Combustion Generator
enderio:block_simple_stirling_generator, Simple Stirling Generator
enderio:block_stirling_generator, Stirling Generator
enderio:block_zombie_generator, Zombie Generator
enderio:block_franken_zombie_generator, Frank'n'Zombie Generator
enderio:block_ender_generator, Ender Generator
enderio:block_lava_generator, Lava Heat Exchanger
enderio:block_killer_joe, Killer Joe
enderio:block_electric_light:0, Electric Light
enderio:block_electric_light:1, Electric Light (Inverted)
enderio:block_electric_light:2, Light
enderio:block_electric_light:3, Light (Inverted)
enderio:block_electric_light:4, Wireless Light
enderio:block_electric_light:5, Wireless Light (Inverted)
enderio:block_attractor_obelisk, Attractor Obelisk
enderio:block_aversion_obelisk, Aversion Obelisk
enderio:block_inhibitor_obelisk, Inhibitor Obelisk
enderio:block_relocator_obelisk, Relocator Obelisk
enderio:block_weather_obelisk, Weather Obelisk
enderio:block_experience_obelisk, Experience Obelisk
enderio:block_painter, Painting Machine
enderio:block_reservoir, Endervoir
enderio:block_omni_reservoir, Omnivoir
enderio:block_simple_sag_mill, Simple SAG Mill
enderio:block_sag_mill, SAG Mill
enderio:block_enhanced_sag_mill, Enhanced SAG Mill
enderio:block_slice_and_splice, Slice'N'Splice
enderio:block_solar_panel:0, Simple Photovoltaic Cell
enderio:block_solar_panel:1, Photovoltaic Cell
enderio:block_solar_panel:2, Advanced Photovoltaic Cell
enderio:block_solar_panel:3, Vibrant Photovoltaic Cell
enderio:block_soul_binder, Soul Binder
enderio:block_powered_spawner, Powered Spawner
enderio:block_vat, The Vat
enderio:block_enhanced_vat, The Enhanced Vat
enderio:block_simple_wired_charger, Simple Wired Charger
enderio:block_wired_charger, Wired Charger
enderio:block_enhanced_wired_charger, Enhanced Wired Charger
enderio:block_wireless_charger, Wireless Charger
enderio:block_normal_wireless_charger, Wireless Charging Antenna
enderio:block_enhanced_wireless_charger, Enhanced Wireless Charging Antenna
enderio:block_wireless_charger_extension, Wireless Charging Antenna Extension
enderio:block_tank:0, Fluid Tank
enderio:block_tank:1, Pressurized Fluid Tank
enderio:block_transceiver, Dimensional Transceiver
enderio:block_vacuum_chest, Vacuum Chest
enderio:block_xp_vacuum, XP Vacuum
enderio:block_niard, The Niard
enderio:block_travel_anchor, Travel Anchor
enderio:block_tele_pad, Telepad Block
enderio:block_dialing_device, Dialing Device
enderio:block_impulse_hopper, Impulse Hopper
enderio:block_simple_crafter, Simple Crafter
enderio:block_crafter, Crafter
enderio:block_creative_spawner, Creative Spawner
enderio:block_cap_bank:0, Creative Capacitor Bank
enderio:block_cap_bank:1, Basic Capacitor Bank
enderio:block_cap_bank:1, Basic Capacitor Bank
enderio:block_cap_bank:2, Capacitor Bank
enderio:block_cap_bank:2, Capacitor Bank
enderio:block_cap_bank:3, Vibrant Capacitor Bank
enderio:block_cap_bank:3, Vibrant Capacitor Bank
enderio:block_gauge, Energy Gauge
enderio:block_power_monitor, Power Monitor
enderio:block_advanced_power_monitor, Graphical Power Monitor
tconstruct:book, Materials and You
tconstruct:soil:0, Grout
tconstruct:soil:1, Green Slimy Mud
tconstruct:soil:2, Blue Slimy Mud
tconstruct:soil:3, Graveyard Soil
tconstruct:soil:4, Consecrated Soil
tconstruct:soil:5, Slimy Magma Mud
tconstruct:slime:1, Slime Block
tconstruct:slime:2, Slime Block
tconstruct:slime:3, Blood Slime Block
tconstruct:slime:4, Slime Block
tconstruct:slime_congealed:0, Congealed Slime Block
tconstruct:slime_congealed:1, Congealed Slime Block
tconstruct:slime_congealed:2, Congealed Slime Block
tconstruct:slime_congealed:3, Congealed Bloodblock
tconstruct:slime_congealed:4, Congealed Slime Block
tconstruct:ore:0, Cobalt Ore
tconstruct:ore:1, Ardite Ore
tconstruct:firewood:0, Lavawood
tconstruct:firewood:1, Firewood
tconstruct:deco_ground:0, Mud Bricks
tconstruct:clear_glass:0, Clear Glass
tconstruct:clear_stained_glass:0, Clear White Stained Glass
tconstruct:clear_stained_glass:1, Clear Orange Stained Glass
tconstruct:clear_stained_glass:2, Clear Magenta Stained Glass
tconstruct:clear_stained_glass:3, Clear Light Blue Stained Glass
tconstruct:clear_stained_glass:4, Clear Yellow Stained Glass
tconstruct:clear_stained_glass:5, Clear Light Green Stained Glass
tconstruct:clear_stained_glass:6, Clear Pink Stained Glass
tconstruct:clear_stained_glass:7, Clear Gray Stained Glass
tconstruct:clear_stained_glass:8, Clear Light Gray Stained Glass
tconstruct:clear_stained_glass:9, Clear Cyan Stained Glass
tconstruct:clear_stained_glass:10, Clear Purple Stained Glass
tconstruct:clear_stained_glass:11, Clear Blue Stained Glass
tconstruct:clear_stained_glass:12, Clear Brown Stained Glass
tconstruct:clear_stained_glass:13, Clear Green Stained Glass
tconstruct:clear_stained_glass:14, Clear Red Stained Glass
tconstruct:clear_stained_glass:15, Clear Black Stained Glass
tconstruct:deco_ground_slab:0, Mud Bricks Slab
tconstruct:firewood_slab:0, Lavawood Slab
tconstruct:firewood_slab:1, Firewood Slab
tconstruct:mudbrick_stairs:0, Mud Bricks Stairs
tconstruct:firewood_stairs:0, Firewood Stairs
tconstruct:lavawood_stairs:0, Lavawood Stairs
tconstruct:nuggets:0, Cobalt Nugget
tconstruct:nuggets:1, Ardite Nugget
tconstruct:nuggets:2, Manyullyn Nugget
tconstruct:nuggets:3, Knightslime Nugget
tconstruct:nuggets:4, Pigiron Nugget
tconstruct:ingots:0, Cobalt Ingot
tconstruct:ingots:1, Ardite Ingot
tconstruct:ingots:2, Manyullyn Ingot
tconstruct:ingots:3, Knightslime Ingot
tconstruct:ingots:4, Pigiron Ingot
tconstruct:materials:0, Seared Brick
tconstruct:materials:1, Mud Brick
tconstruct:materials:2, Dried Brick
tconstruct:materials:9, Green Slime Crystal
tconstruct:materials:10, Blue Slime Crystal
tconstruct:materials:11, Magma Slime Crystal
tconstruct:materials:12, Expander (Horizontal)
tconstruct:materials:13, Expander (Vertical)
tconstruct:materials:14, Reinforcement
tconstruct:materials:15, Silky Cloth
tconstruct:materials:16, Silky Jewel
tconstruct:materials:17, Necrotic Bone
tconstruct:materials:18, Ball of Moss
tconstruct:materials:19, Mending Moss
tconstruct:materials:50, Creative Modifier
tconstruct:edible:0, Bacon
tconstruct:edible:1, Slimeball
tconstruct:edible:2, Slimeball
tconstruct:edible:3, Coagulated Blood
tconstruct:edible:4, Slimeball
tconstruct:edible:5, Slimeball
tconstruct:edible:10, Monster Jerky
tconstruct:edible:11, Beef Jerky
tconstruct:edible:12, Chicken Jerky
tconstruct:edible:13, Bacon Jerky
tconstruct:edible:14, Mutton Jerky
tconstruct:edible:15, Rabbit Jerky
tconstruct:edible:20, Fish Jerky
tconstruct:edible:21, Salmon Jerky
tconstruct:edible:22, Clownfish Jerky
tconstruct:edible:23, Fugu Jerky
tconstruct:edible:30, Gelatinous Slime Drop
tconstruct:edible:31, Gelatinous Slime Drop
tconstruct:edible:32, Gelatinous Slime Drop
tconstruct:edible:33, Coagulated Blood Drop
tconstruct:edible:34, Gelatinous Slime Drop
tconstruct:metal:0, Block of Cobalt
tconstruct:metal:1, Block of Ardite
tconstruct:metal:2, Block of Manyullyn
tconstruct:metal:3, Block of Knightslime
tconstruct:metal:4, Block of Pigiron
tconstruct:metal:6, Silky Block of Jewel
tconstruct:slime_dirt:0, Green Slimy Dirt
tconstruct:slime_dirt:1, Blue Slimy Dirt
tconstruct:slime_dirt:2, Purple Slimy Dirt
tconstruct:slime_dirt:3, Magma Slimy Dirt
tconstruct:slime_grass:0, Slimy Grass
tconstruct:slime_grass:1, Green Slimy Grass
tconstruct:slime_grass:2, Blue Slimy Grass
tconstruct:slime_grass:3, Purple Slimy Grass
tconstruct:slime_grass:4, Magma Slimy Grass
tconstruct:slime_grass:5, Slimy Grass
tconstruct:slime_grass:6, Green Slimy Grass
tconstruct:slime_grass:7, Blue Slimy Grass
tconstruct:slime_grass:8, Purple Slimy Grass
tconstruct:slime_grass:9, Magma Slimy Grass
tconstruct:slime_grass:10, Slimy Grass
tconstruct:slime_grass:11, Green Slimy Grass
tconstruct:slime_grass:12, Blue Slimy Grass
tconstruct:slime_grass:13, Purple Slimy Grass
tconstruct:slime_grass:14, Magma Slimy Grass
tconstruct:slime_leaves:0, Slimy Leaves
tconstruct:slime_leaves:1, Slimy Leaves
tconstruct:slime_leaves:2, Slimy Leaves
tconstruct:slime_grass_tall:0, Tall Slimy Grass
tconstruct:slime_grass_tall:4, Tall Slimy Grass
tconstruct:slime_grass_tall:8, Tall Slimy Grass
tconstruct:slime_grass_tall:1, Slimy Fern
tconstruct:slime_grass_tall:5, Slimy Fern
tconstruct:slime_grass_tall:9, Slimy Fern
tconstruct:slime_sapling:0, Blue Slime Sapling
tconstruct:slime_sapling:1, Purple Slime Sapling
tconstruct:slime_sapling:2, Magma Slime Sapling
tconstruct:slime_vine_blue_end:0, Blue Slimy Vine
tconstruct:slime_vine_blue_mid:0, Blue Slimy Vine
tconstruct:slime_vine_blue:0, Blue Slimy Vine
tconstruct:slime_vine_purple_end:0, Purple Slimy Vine
tconstruct:slime_vine_purple_mid:0, Purple Slimy Vine
tconstruct:slime_vine_purple:0, Purple Slimy Vine
tconstruct:pattern:0, Blank Pattern
tconstruct:pattern:0, Arrow Head Pattern
tconstruct:pattern:0, Pan Pattern
tconstruct:pattern:0, Wide Guard Pattern
tconstruct:pattern:0, Cross Guard Pattern
tconstruct:pattern:0, Tough Binding Pattern
tconstruct:pattern:0, Binding Pattern
tconstruct:pattern:0, Bowlimb Pattern
tconstruct:pattern:0, Tool Rod Pattern
tconstruct:pattern:0, Sign Plate Pattern
tconstruct:pattern:0, Hand Guard Pattern
tconstruct:pattern:0, Arrow Shaft Pattern
tconstruct:pattern:0, Bowstring Pattern
tconstruct:pattern:0, Kama Head Pattern
tconstruct:pattern:0, Excavator Head Pattern
tconstruct:pattern:0, Large Plate Pattern
tconstruct:pattern:0, Tough Tool Rod Pattern
tconstruct:pattern:0, Fletching Pattern
tconstruct:pattern:0, Sword Blade Pattern
tconstruct:pattern:0, Shard Pattern
tconstruct:pattern:0, Pickaxe Head Pattern
tconstruct:pattern:0, Axe Head Pattern
tconstruct:pattern:0, Knife Blade Pattern
tconstruct:pattern:0, Hammer Head Pattern
tconstruct:pattern:0, Shovel Head Pattern
tconstruct:pattern:0, Sharpening Kit Pattern
tconstruct:pattern:0, Scythe Head Pattern
tconstruct:pattern:0, Large Sword Blade Pattern
tconstruct:pattern:0, Broad Axe Head Pattern
tconstruct:shard:0, Naga Scale Shard
tconstruct:shard:0, Steeleaf Shard
tconstruct:shard:0, Fiery Shard
tconstruct:shard:0, Knightly Shard
tconstruct:shard:0, Electrical Shard
tconstruct:shard:0, Energetic Shard
tconstruct:shard:0, Vibrant Shard
tconstruct:shard:0, Red Shard
tconstruct:shard:0, Conductive Shard
tconstruct:shard:0, Pulsating Shard
tconstruct:shard:0, Dark Shard
tconstruct:shard:0, Souled Shard
tconstruct:shard:0, Shard of the End
tconstruct:shard:0, Fake-Iron Shard
tconstruct:shard:0, Wooden Shard
tconstruct:shard:0, Stone Shard
tconstruct:shard:0, Flint Shard
tconstruct:shard:0, Cactus Shard
tconstruct:shard:0, Bone Shard
tconstruct:shard:0, Obsidian Shard
tconstruct:shard:0, Prismarine Shard
tconstruct:shard:0, End Shard
tconstruct:shard:0, Paper Shard
tconstruct:shard:0, Sponge Shard
tconstruct:shard:0, Firewood Shard
tconstruct:shard:0, Iron Shard
tconstruct:shard:0, Pig Iron Shard
tconstruct:shard:0, Knightslime Shard
tconstruct:shard:0, Slime Shard
tconstruct:shard:0, Slime Shard
tconstruct:shard:0, Magma Slime Shard
tconstruct:shard:0, Netherrack Shard
tconstruct:shard:0, Cobalt Shard
tconstruct:shard:0, Ardite Shard
tconstruct:shard:0, Manyullyn Shard
tconstruct:shard:0, Copper Shard
tconstruct:shard:0, Bronze Shard
tconstruct:shard:0, Lead Shard
tconstruct:shard:0, Silver Shard
tconstruct:shard:0, Electrum Shard
tconstruct:shard:0, Steel Shard
tconstruct:shard:0, Magical Wooden Shard
tconstruct:shard:0, Evil Infused Shard
tconstruct:shard:0, Enchanted Shard
tconstruct:shard:0, Demonic Shard
tconstruct:shard:0, Molten Meat Shard
tconstruct:shard:0, Chitin Shard
tconstruct:shard:0, Vespa Carapace Shard
tconstruct:shard:0, Scythe Claw Shard
tconstruct:shard:0, Ectoplasm Shard
tconstruct:shard:0, Holy Sludge Shard
tconstruct:shard:0, Ancient Amber Shard
tconstruct:shard:0, Ancient Metal Shard
tconstruct:shard:0, Tar Shard
tconstruct:shard:0, Dark Chitin Shard
tconstruct:shard:0, Earth Chitin Shard
tconstruct:shard:0, Fire Chitin Shard
tconstruct:shard:0, Frost Chitin Shard
tconstruct:shard:0, Undead Chitin Shard
tconstruct:shard:0, Big Cat Claw Shard
tconstruct:shard:0, Shark Tooth Shard
tconstruct:shard:0, Ancient Silver Shard
tconstruct:shard:0, Cheese Shard
tconstruct:shard:0, Plague Metal Shard
tconstruct:sharpening_kit:0, Naga Scale Sharpening Kit
tconstruct:sharpening_kit:0, Steeleaf Sharpening Kit
tconstruct:sharpening_kit:0, Fiery Sharpening Kit
tconstruct:sharpening_kit:0, Knightly Sharpening Kit
tconstruct:sharpening_kit:0, Thallasium Sharpening Kit
tconstruct:sharpening_kit:0, Terminite Sharpening Kit
tconstruct:sharpening_kit:0, Aeternium Sharpening Kit
tconstruct:sharpening_kit:0, Electrical Sharpening Kit
tconstruct:sharpening_kit:0, Energetic Sharpening Kit
tconstruct:sharpening_kit:0, Vibrant Sharpening Kit
tconstruct:sharpening_kit:0, Red Sharpening Kit
tconstruct:sharpening_kit:0, Conductive Sharpening Kit
tconstruct:sharpening_kit:0, Pulsating Sharpening Kit
tconstruct:sharpening_kit:0, Dark Sharpening Kit
tconstruct:sharpening_kit:0, Souled Sharpening Kit
tconstruct:sharpening_kit:0, Sharpening Kit of the End
tconstruct:sharpening_kit:0, Fake-Iron Sharpening Kit
tconstruct:sharpening_kit:0, Wooden Sharpening Kit
tconstruct:sharpening_kit:0, Stone Sharpening Kit
tconstruct:sharpening_kit:0, Flint Sharpening Kit
tconstruct:sharpening_kit:0, Cactus Sharpening Kit
tconstruct:sharpening_kit:0, Bone Sharpening Kit
tconstruct:sharpening_kit:0, Obsidian Sharpening Kit
tconstruct:sharpening_kit:0, Prismarine Sharpening Kit
tconstruct:sharpening_kit:0, End Sharpening Kit
tconstruct:sharpening_kit:0, Paper Sharpening Kit
tconstruct:sharpening_kit:0, Sponge Sharpening Kit
tconstruct:sharpening_kit:0, Firewood Sharpening Kit
tconstruct:sharpening_kit:0, Iron Sharpening Kit
tconstruct:sharpening_kit:0, Pig Iron Sharpening Kit
tconstruct:sharpening_kit:0, Knightslime Sharpening Kit
tconstruct:sharpening_kit:0, Slime Sharpening Kit
tconstruct:sharpening_kit:0, Slime Sharpening Kit
tconstruct:sharpening_kit:0, Magma Slime Sharpening Kit
tconstruct:sharpening_kit:0, Netherrack Sharpening Kit
tconstruct:sharpening_kit:0, Cobalt Sharpening Kit
tconstruct:sharpening_kit:0, Ardite Sharpening Kit
tconstruct:sharpening_kit:0, Manyullyn Sharpening Kit
tconstruct:sharpening_kit:0, Copper Sharpening Kit
tconstruct:sharpening_kit:0, Bronze Sharpening Kit
tconstruct:sharpening_kit:0, Lead Sharpening Kit
tconstruct:sharpening_kit:0, Silver Sharpening Kit
tconstruct:sharpening_kit:0, Electrum Sharpening Kit
tconstruct:sharpening_kit:0, Steel Sharpening Kit
tconstruct:sharpening_kit:0, Magical Wooden Sharpening Kit
tconstruct:sharpening_kit:0, Evil Infused Sharpening Kit
tconstruct:sharpening_kit:0, Enchanted Sharpening Kit
tconstruct:sharpening_kit:0, Demonic Sharpening Kit
tconstruct:sharpening_kit:0, Molten Meat Sharpening Kit
tconstruct:sharpening_kit:0, Chitin Sharpening Kit
tconstruct:sharpening_kit:0, Vespa Carapace Sharpening Kit
tconstruct:sharpening_kit:0, Scythe Claw Sharpening Kit
tconstruct:sharpening_kit:0, Ectoplasm Sharpening Kit
tconstruct:sharpening_kit:0, Holy Sludge Sharpening Kit
tconstruct:sharpening_kit:0, Ancient Amber Sharpening Kit
tconstruct:sharpening_kit:0, Ancient Metal Sharpening Kit
tconstruct:sharpening_kit:0, Tar Sharpening Kit
tconstruct:sharpening_kit:0, Dark Chitin Sharpening Kit
tconstruct:sharpening_kit:0, Earth Chitin Sharpening Kit
tconstruct:sharpening_kit:0, Fire Chitin Sharpening Kit
tconstruct:sharpening_kit:0, Frost Chitin Sharpening Kit
tconstruct:sharpening_kit:0, Undead Chitin Sharpening Kit
tconstruct:sharpening_kit:0, Big Cat Claw Sharpening Kit
tconstruct:sharpening_kit:0, Shark Tooth Sharpening Kit
tconstruct:sharpening_kit:0, Ancient Silver Sharpening Kit
tconstruct:sharpening_kit:0, Cheese Sharpening Kit
tconstruct:sharpening_kit:0, Plague Metal Sharpening Kit
tconstruct:pick_head:0, Naga Scale Pickaxe Head
tconstruct:pick_head:0, Steeleaf Pickaxe Head
tconstruct:pick_head:0, Fiery Pickaxe Head
tconstruct:pick_head:0, Knightly Pickaxe Head
tconstruct:pick_head:0, Thallasium Pickaxe Head
tconstruct:pick_head:0, Terminite Pickaxe Head
tconstruct:pick_head:0, Aeternium Pickaxe Head
tconstruct:pick_head:0, Electrical Pickaxe Head
tconstruct:pick_head:0, Energetic Pickaxe Head
tconstruct:pick_head:0, Vibrant Pickaxe Head
tconstruct:pick_head:0, Red Pickaxe Head
tconstruct:pick_head:0, Conductive Pickaxe Head
tconstruct:pick_head:0, Pulsating Pickaxe Head
tconstruct:pick_head:0, Dark Pickaxe Head
tconstruct:pick_head:0, Souled Pickaxe Head
tconstruct:pick_head:0, Pickaxe Head of the End
tconstruct:pick_head:0, Fake-Iron Pickaxe Head
tconstruct:pick_head:0, Wooden Pickaxe Head
tconstruct:pick_head:0, Stone Pickaxe Head
tconstruct:pick_head:0, Flint Pickaxe Head
tconstruct:pick_head:0, Cactus Pickaxe Head
tconstruct:pick_head:0, Bone Pickaxe Head
tconstruct:pick_head:0, Obsidian Pickaxe Head
tconstruct:pick_head:0, Prismarine Pickaxe Head
tconstruct:pick_head:0, End Pickaxe Head
tconstruct:pick_head:0, Paper Pickaxe Head
tconstruct:pick_head:0, Sponge Pickaxe Head
tconstruct:pick_head:0, Firewood Pickaxe Head
tconstruct:pick_head:0, Iron Pickaxe Head
tconstruct:pick_head:0, Pig Iron Pickaxe Head
tconstruct:pick_head:0, Knightslime Pickaxe Head
tconstruct:pick_head:0, Slime Pickaxe Head
tconstruct:pick_head:0, Slime Pickaxe Head
tconstruct:pick_head:0, Magma Slime Pickaxe Head
tconstruct:pick_head:0, Netherrack Pickaxe Head
tconstruct:pick_head:0, Cobalt Pickaxe Head
tconstruct:pick_head:0, Ardite Pickaxe Head
tconstruct:pick_head:0, Manyullyn Pickaxe Head
tconstruct:pick_head:0, Copper Pickaxe Head
tconstruct:pick_head:0, Bronze Pickaxe Head
tconstruct:pick_head:0, Lead Pickaxe Head
tconstruct:pick_head:0, Silver Pickaxe Head
tconstruct:pick_head:0, Electrum Pickaxe Head
tconstruct:pick_head:0, Steel Pickaxe Head
tconstruct:pick_head:0, Magical Wooden Pickaxe Head
tconstruct:pick_head:0, Evil Infused Pickaxe Head
tconstruct:pick_head:0, Enchanted Pickaxe Head
tconstruct:pick_head:0, Demonic Pickaxe Head
tconstruct:pick_head:0, Molten Meat Pickaxe Head
tconstruct:pick_head:0, Chitin Pickaxe Head
tconstruct:pick_head:0, Vespa Carapace Pickaxe Head
tconstruct:pick_head:0, Scythe Claw Pickaxe Head
tconstruct:pick_head:0, Ectoplasm Pickaxe Head
tconstruct:pick_head:0, Holy Sludge Pickaxe Head
tconstruct:pick_head:0, Ancient Amber Pickaxe Head
tconstruct:pick_head:0, Ancient Metal Pickaxe Head
tconstruct:pick_head:0, Tar Pickaxe Head
tconstruct:pick_head:0, Dark Chitin Pickaxe Head
tconstruct:pick_head:0, Earth Chitin Pickaxe Head
tconstruct:pick_head:0, Fire Chitin Pickaxe Head
tconstruct:pick_head:0, Frost Chitin Pickaxe Head
tconstruct:pick_head:0, Undead Chitin Pickaxe Head
tconstruct:pick_head:0, Big Cat Claw Pickaxe Head
tconstruct:pick_head:0, Shark Tooth Pickaxe Head
tconstruct:pick_head:0, Ancient Silver Pickaxe Head
tconstruct:pick_head:0, Cheese Pickaxe Head
tconstruct:pick_head:0, Plague Metal Pickaxe Head
tconstruct:shovel_head:0, Naga Scale Shovel Head
tconstruct:shovel_head:0, Steeleaf Shovel Head
tconstruct:shovel_head:0, Fiery Shovel Head
tconstruct:shovel_head:0, Knightly Shovel Head
tconstruct:shovel_head:0, Thallasium Shovel Head
tconstruct:shovel_head:0, Terminite Shovel Head
tconstruct:shovel_head:0, Aeternium Shovel Head
tconstruct:shovel_head:0, Electrical Shovel Head
tconstruct:shovel_head:0, Energetic Shovel Head
tconstruct:shovel_head:0, Vibrant Shovel Head
tconstruct:shovel_head:0, Red Shovel Head
tconstruct:shovel_head:0, Conductive Shovel Head
tconstruct:shovel_head:0, Pulsating Shovel Head
tconstruct:shovel_head:0, Dark Shovel Head
tconstruct:shovel_head:0, Souled Shovel Head
tconstruct:shovel_head:0, Shovel Head of the End
tconstruct:shovel_head:0, Fake-Iron Shovel Head
tconstruct:shovel_head:0, Wooden Shovel Head
tconstruct:shovel_head:0, Stone Shovel Head
tconstruct:shovel_head:0, Flint Shovel Head
tconstruct:shovel_head:0, Cactus Shovel Head
tconstruct:shovel_head:0, Bone Shovel Head
tconstruct:shovel_head:0, Obsidian Shovel Head
tconstruct:shovel_head:0, Prismarine Shovel Head
tconstruct:shovel_head:0, End Shovel Head
tconstruct:shovel_head:0, Paper Shovel Head
tconstruct:shovel_head:0, Sponge Shovel Head
tconstruct:shovel_head:0, Firewood Shovel Head
tconstruct:shovel_head:0, Iron Shovel Head
tconstruct:shovel_head:0, Pig Iron Shovel Head
tconstruct:shovel_head:0, Knightslime Shovel Head
tconstruct:shovel_head:0, Slime Shovel Head
tconstruct:shovel_head:0, Slime Shovel Head
tconstruct:shovel_head:0, Magma Slime Shovel Head
tconstruct:shovel_head:0, Netherrack Shovel Head
tconstruct:shovel_head:0, Cobalt Shovel Head
tconstruct:shovel_head:0, Ardite Shovel Head
tconstruct:shovel_head:0, Manyullyn Shovel Head
tconstruct:shovel_head:0, Copper Shovel Head
tconstruct:shovel_head:0, Bronze Shovel Head
tconstruct:shovel_head:0, Lead Shovel Head
tconstruct:shovel_head:0, Silver Shovel Head
tconstruct:shovel_head:0, Electrum Shovel Head
tconstruct:shovel_head:0, Steel Shovel Head
tconstruct:shovel_head:0, Magical Wooden Shovel Head
tconstruct:shovel_head:0, Evil Infused Shovel Head
tconstruct:shovel_head:0, Enchanted Shovel Head
tconstruct:shovel_head:0, Demonic Shovel Head
tconstruct:shovel_head:0, Molten Meat Shovel Head
tconstruct:shovel_head:0, Chitin Shovel Head
tconstruct:shovel_head:0, Vespa Carapace Shovel Head
tconstruct:shovel_head:0, Scythe Claw Shovel Head
tconstruct:shovel_head:0, Ectoplasm Shovel Head
tconstruct:shovel_head:0, Holy Sludge Shovel Head
tconstruct:shovel_head:0, Ancient Amber Shovel Head
tconstruct:shovel_head:0, Ancient Metal Shovel Head
tconstruct:shovel_head:0, Tar Shovel Head
tconstruct:shovel_head:0, Dark Chitin Shovel Head
tconstruct:shovel_head:0, Earth Chitin Shovel Head
tconstruct:shovel_head:0, Fire Chitin Shovel Head
tconstruct:shovel_head:0, Frost Chitin Shovel Head
tconstruct:shovel_head:0, Undead Chitin Shovel Head
tconstruct:shovel_head:0, Big Cat Claw Shovel Head
tconstruct:shovel_head:0, Shark Tooth Shovel Head
tconstruct:shovel_head:0, Ancient Silver Shovel Head
tconstruct:shovel_head:0, Cheese Shovel Head
tconstruct:shovel_head:0, Plague Metal Shovel Head
tconstruct:axe_head:0, Naga Scale Axe Head
tconstruct:axe_head:0, Steeleaf Axe Head
tconstruct:axe_head:0, Fiery Axe Head
tconstruct:axe_head:0, Knightly Axe Head
tconstruct:axe_head:0, Thallasium Axe Head
tconstruct:axe_head:0, Terminite Axe Head
tconstruct:axe_head:0, Aeternium Axe Head
tconstruct:axe_head:0, Electrical Axe Head
tconstruct:axe_head:0, Energetic Axe Head
tconstruct:axe_head:0, Vibrant Axe Head
tconstruct:axe_head:0, Red Axe Head
tconstruct:axe_head:0, Conductive Axe Head
tconstruct:axe_head:0, Pulsating Axe Head
tconstruct:axe_head:0, Dark Axe Head
tconstruct:axe_head:0, Souled Axe Head
tconstruct:axe_head:0, Axe Head of the End
tconstruct:axe_head:0, Fake-Iron Axe Head
tconstruct:axe_head:0, Wooden Axe Head
tconstruct:axe_head:0, Stone Axe Head
tconstruct:axe_head:0, Flint Axe Head
tconstruct:axe_head:0, Cactus Axe Head
tconstruct:axe_head:0, Bone Axe Head
tconstruct:axe_head:0, Obsidian Axe Head
tconstruct:axe_head:0, Prismarine Axe Head
tconstruct:axe_head:0, End Axe Head
tconstruct:axe_head:0, Paper Axe Head
tconstruct:axe_head:0, Sponge Axe Head
tconstruct:axe_head:0, Firewood Axe Head
tconstruct:axe_head:0, Iron Axe Head
tconstruct:axe_head:0, Pig Iron Axe Head
tconstruct:axe_head:0, Knightslime Axe Head
tconstruct:axe_head:0, Slime Axe Head
tconstruct:axe_head:0, Slime Axe Head
tconstruct:axe_head:0, Magma Slime Axe Head
tconstruct:axe_head:0, Netherrack Axe Head
tconstruct:axe_head:0, Cobalt Axe Head
tconstruct:axe_head:0, Ardite Axe Head
tconstruct:axe_head:0, Manyullyn Axe Head
tconstruct:axe_head:0, Copper Axe Head
tconstruct:axe_head:0, Bronze Axe Head
tconstruct:axe_head:0, Lead Axe Head
tconstruct:axe_head:0, Silver Axe Head
tconstruct:axe_head:0, Electrum Axe Head
tconstruct:axe_head:0, Steel Axe Head
tconstruct:axe_head:0, Magical Wooden Axe Head
tconstruct:axe_head:0, Evil Infused Axe Head
tconstruct:axe_head:0, Enchanted Axe Head
tconstruct:axe_head:0, Demonic Axe Head
tconstruct:axe_head:0, Molten Meat Axe Head
tconstruct:axe_head:0, Chitin Axe Head
tconstruct:axe_head:0, Vespa Carapace Axe Head
tconstruct:axe_head:0, Scythe Claw Axe Head
tconstruct:axe_head:0, Ectoplasm Axe Head
tconstruct:axe_head:0, Holy Sludge Axe Head
tconstruct:axe_head:0, Ancient Amber Axe Head
tconstruct:axe_head:0, Ancient Metal Axe Head
tconstruct:axe_head:0, Tar Axe Head
tconstruct:axe_head:0, Dark Chitin Axe Head
tconstruct:axe_head:0, Earth Chitin Axe Head
tconstruct:axe_head:0, Fire Chitin Axe Head
tconstruct:axe_head:0, Frost Chitin Axe Head
tconstruct:axe_head:0, Undead Chitin Axe Head
tconstruct:axe_head:0, Big Cat Claw Axe Head
tconstruct:axe_head:0, Shark Tooth Axe Head
tconstruct:axe_head:0, Ancient Silver Axe Head
tconstruct:axe_head:0, Cheese Axe Head
tconstruct:axe_head:0, Plague Metal Axe Head
tconstruct:broad_axe_head:0, Naga Scale Broad Axe Head
tconstruct:broad_axe_head:0, Steeleaf Broad Axe Head
tconstruct:broad_axe_head:0, Fiery Broad Axe Head
tconstruct:broad_axe_head:0, Knightly Broad Axe Head
tconstruct:broad_axe_head:0, Thallasium Broad Axe Head
tconstruct:broad_axe_head:0, Terminite Broad Axe Head
tconstruct:broad_axe_head:0, Aeternium Broad Axe Head
tconstruct:broad_axe_head:0, Electrical Broad Axe Head
tconstruct:broad_axe_head:0, Energetic Broad Axe Head
tconstruct:broad_axe_head:0, Vibrant Broad Axe Head
tconstruct:broad_axe_head:0, Red Broad Axe Head
tconstruct:broad_axe_head:0, Conductive Broad Axe Head
tconstruct:broad_axe_head:0, Pulsating Broad Axe Head
tconstruct:broad_axe_head:0, Dark Broad Axe Head
tconstruct:broad_axe_head:0, Souled Broad Axe Head
tconstruct:broad_axe_head:0, Broad Axe Head of the End
tconstruct:broad_axe_head:0, Fake-Iron Broad Axe Head
tconstruct:broad_axe_head:0, Wooden Broad Axe Head
tconstruct:broad_axe_head:0, Stone Broad Axe Head
tconstruct:broad_axe_head:0, Flint Broad Axe Head
tconstruct:broad_axe_head:0, Cactus Broad Axe Head
tconstruct:broad_axe_head:0, Bone Broad Axe Head
tconstruct:broad_axe_head:0, Obsidian Broad Axe Head
tconstruct:broad_axe_head:0, Prismarine Broad Axe Head
tconstruct:broad_axe_head:0, End Broad Axe Head
tconstruct:broad_axe_head:0, Paper Broad Axe Head
tconstruct:broad_axe_head:0, Sponge Broad Axe Head
tconstruct:broad_axe_head:0, Firewood Broad Axe Head
tconstruct:broad_axe_head:0, Iron Broad Axe Head
tconstruct:broad_axe_head:0, Pig Iron Broad Axe Head
tconstruct:broad_axe_head:0, Knightslime Broad Axe Head
tconstruct:broad_axe_head:0, Slime Broad Axe Head
tconstruct:broad_axe_head:0, Slime Broad Axe Head
tconstruct:broad_axe_head:0, Magma Slime Broad Axe Head
tconstruct:broad_axe_head:0, Netherrack Broad Axe Head
tconstruct:broad_axe_head:0, Cobalt Broad Axe Head
tconstruct:broad_axe_head:0, Ardite Broad Axe Head
tconstruct:broad_axe_head:0, Manyullyn Broad Axe Head
tconstruct:broad_axe_head:0, Copper Broad Axe Head
tconstruct:broad_axe_head:0, Bronze Broad Axe Head
tconstruct:broad_axe_head:0, Lead Broad Axe Head
tconstruct:broad_axe_head:0, Silver Broad Axe Head
tconstruct:broad_axe_head:0, Electrum Broad Axe Head
tconstruct:broad_axe_head:0, Steel Broad Axe Head
tconstruct:broad_axe_head:0, Magical Wooden Broad Axe Head
tconstruct:broad_axe_head:0, Evil Infused Broad Axe Head
tconstruct:broad_axe_head:0, Enchanted Broad Axe Head
tconstruct:broad_axe_head:0, Demonic Broad Axe Head
tconstruct:broad_axe_head:0, Molten Meat Broad Axe Head
tconstruct:broad_axe_head:0, Chitin Broad Axe Head
tconstruct:broad_axe_head:0, Vespa Carapace Broad Axe Head
tconstruct:broad_axe_head:0, Scythe Claw Broad Axe Head
tconstruct:broad_axe_head:0, Ectoplasm Broad Axe Head
tconstruct:broad_axe_head:0, Holy Sludge Broad Axe Head
tconstruct:broad_axe_head:0, Ancient Amber Broad Axe Head
tconstruct:broad_axe_head:0, Ancient Metal Broad Axe Head
tconstruct:broad_axe_head:0, Tar Broad Axe Head
tconstruct:broad_axe_head:0, Dark Chitin Broad Axe Head
tconstruct:broad_axe_head:0, Earth Chitin Broad Axe Head
tconstruct:broad_axe_head:0, Fire Chitin Broad Axe Head
tconstruct:broad_axe_head:0, Frost Chitin Broad Axe Head
tconstruct:broad_axe_head:0, Undead Chitin Broad Axe Head
tconstruct:broad_axe_head:0, Big Cat Claw Broad Axe Head
tconstruct:broad_axe_head:0, Shark Tooth Broad Axe Head
tconstruct:broad_axe_head:0, Ancient Silver Broad Axe Head
tconstruct:broad_axe_head:0, Cheese Broad Axe Head
tconstruct:broad_axe_head:0, Plague Metal Broad Axe Head
tconstruct:sword_blade:0, Naga Scale Sword Blade
tconstruct:sword_blade:0, Steeleaf Sword Blade
tconstruct:sword_blade:0, Fiery Sword Blade
tconstruct:sword_blade:0, Knightly Sword Blade
tconstruct:sword_blade:0, Thallasium Sword Blade
tconstruct:sword_blade:0, Terminite Sword Blade
tconstruct:sword_blade:0, Aeternium Sword Blade
tconstruct:sword_blade:0, Electrical Sword Blade
tconstruct:sword_blade:0, Energetic Sword Blade
tconstruct:sword_blade:0, Vibrant Sword Blade
tconstruct:sword_blade:0, Red Sword Blade
tconstruct:sword_blade:0, Conductive Sword Blade
tconstruct:sword_blade:0, Pulsating Sword Blade
tconstruct:sword_blade:0, Dark Sword Blade
tconstruct:sword_blade:0, Souled Sword Blade
tconstruct:sword_blade:0, Sword Blade of the End
tconstruct:sword_blade:0, Fake-Iron Sword Blade
tconstruct:sword_blade:0, Wooden Sword Blade
tconstruct:sword_blade:0, Stone Sword Blade
tconstruct:sword_blade:0, Flint Sword Blade
tconstruct:sword_blade:0, Cactus Sword Blade
tconstruct:sword_blade:0, Bone Sword Blade
tconstruct:sword_blade:0, Obsidian Sword Blade
tconstruct:sword_blade:0, Prismarine Sword Blade
tconstruct:sword_blade:0, End Sword Blade
tconstruct:sword_blade:0, Paper Sword Blade
tconstruct:sword_blade:0, Sponge Sword Blade
tconstruct:sword_blade:0, Firewood Sword Blade
tconstruct:sword_blade:0, Iron Sword Blade
tconstruct:sword_blade:0, Pig Iron Sword Blade
tconstruct:sword_blade:0, Knightslime Sword Blade
tconstruct:sword_blade:0, Slime Sword Blade
tconstruct:sword_blade:0, Slime Sword Blade
tconstruct:sword_blade:0, Magma Slime Sword Blade
tconstruct:sword_blade:0, Netherrack Sword Blade
tconstruct:sword_blade:0, Cobalt Sword Blade
tconstruct:sword_blade:0, Ardite Sword Blade
tconstruct:sword_blade:0, Manyullyn Sword Blade
tconstruct:sword_blade:0, Copper Sword Blade
tconstruct:sword_blade:0, Bronze Sword Blade
tconstruct:sword_blade:0, Lead Sword Blade
tconstruct:sword_blade:0, Silver Sword Blade
tconstruct:sword_blade:0, Electrum Sword Blade
tconstruct:sword_blade:0, Steel Sword Blade
tconstruct:sword_blade:0, Magical Wooden Sword Blade
tconstruct:sword_blade:0, Evil Infused Sword Blade
tconstruct:sword_blade:0, Enchanted Sword Blade
tconstruct:sword_blade:0, Demonic Sword Blade
tconstruct:sword_blade:0, Molten Meat Sword Blade
tconstruct:sword_blade:0, Chitin Sword Blade
tconstruct:sword_blade:0, Vespa Carapace Sword Blade
tconstruct:sword_blade:0, Scythe Claw Sword Blade
tconstruct:sword_blade:0, Ectoplasm Sword Blade
tconstruct:sword_blade:0, Holy Sludge Sword Blade
tconstruct:sword_blade:0, Ancient Amber Sword Blade
tconstruct:sword_blade:0, Ancient Metal Sword Blade
tconstruct:sword_blade:0, Tar Sword Blade
tconstruct:sword_blade:0, Dark Chitin Sword Blade
tconstruct:sword_blade:0, Earth Chitin Sword Blade
tconstruct:sword_blade:0, Fire Chitin Sword Blade
tconstruct:sword_blade:0, Frost Chitin Sword Blade
tconstruct:sword_blade:0, Undead Chitin Sword Blade
tconstruct:sword_blade:0, Big Cat Claw Sword Blade
tconstruct:sword_blade:0, Shark Tooth Sword Blade
tconstruct:sword_blade:0, Ancient Silver Sword Blade
tconstruct:sword_blade:0, Cheese Sword Blade
tconstruct:sword_blade:0, Plague Metal Sword Blade
tconstruct:large_sword_blade:0, Naga Scale Large Sword Blade
tconstruct:large_sword_blade:0, Steeleaf Large Sword Blade
tconstruct:large_sword_blade:0, Fiery Large Sword Blade
tconstruct:large_sword_blade:0, Knightly Large Sword Blade
tconstruct:large_sword_blade:0, Thallasium Large Sword Blade
tconstruct:large_sword_blade:0, Terminite Large Sword Blade
tconstruct:large_sword_blade:0, Aeternium Large Sword Blade
tconstruct:large_sword_blade:0, Electrical Large Sword Blade
tconstruct:large_sword_blade:0, Energetic Large Sword Blade
tconstruct:large_sword_blade:0, Vibrant Large Sword Blade
tconstruct:large_sword_blade:0, Red Large Sword Blade
tconstruct:large_sword_blade:0, Conductive Large Sword Blade
tconstruct:large_sword_blade:0, Pulsating Large Sword Blade
tconstruct:large_sword_blade:0, Dark Large Sword Blade
tconstruct:large_sword_blade:0, Souled Large Sword Blade
tconstruct:large_sword_blade:0, Large Sword Blade of the End
tconstruct:large_sword_blade:0, Fake-Iron Large Sword Blade
tconstruct:large_sword_blade:0, Wooden Large Sword Blade
tconstruct:large_sword_blade:0, Stone Large Sword Blade
tconstruct:large_sword_blade:0, Flint Large Sword Blade
tconstruct:large_sword_blade:0, Cactus Large Sword Blade
tconstruct:large_sword_blade:0, Bone Large Sword Blade
tconstruct:large_sword_blade:0, Obsidian Large Sword Blade
tconstruct:large_sword_blade:0, Prismarine Large Sword Blade
tconstruct:large_sword_blade:0, End Large Sword Blade
tconstruct:large_sword_blade:0, Paper Large Sword Blade
tconstruct:large_sword_blade:0, Sponge Large Sword Blade
tconstruct:large_sword_blade:0, Firewood Large Sword Blade
tconstruct:large_sword_blade:0, Iron Large Sword Blade
tconstruct:large_sword_blade:0, Pig Iron Large Sword Blade
tconstruct:large_sword_blade:0, Knightslime Large Sword Blade
tconstruct:large_sword_blade:0, Slime Large Sword Blade
tconstruct:large_sword_blade:0, Slime Large Sword Blade
tconstruct:large_sword_blade:0, Magma Slime Large Sword Blade
tconstruct:large_sword_blade:0, Netherrack Large Sword Blade
tconstruct:large_sword_blade:0, Cobalt Large Sword Blade
tconstruct:large_sword_blade:0, Ardite Large Sword Blade
tconstruct:large_sword_blade:0, Manyullyn Large Sword Blade
tconstruct:large_sword_blade:0, Copper Large Sword Blade
tconstruct:large_sword_blade:0, Bronze Large Sword Blade
tconstruct:large_sword_blade:0, Lead Large Sword Blade
tconstruct:large_sword_blade:0, Silver Large Sword Blade
tconstruct:large_sword_blade:0, Electrum Large Sword Blade
tconstruct:large_sword_blade:0, Steel Large Sword Blade
tconstruct:large_sword_blade:0, Magical Wooden Large Sword Blade
tconstruct:large_sword_blade:0, Evil Infused Large Sword Blade
tconstruct:large_sword_blade:0, Enchanted Large Sword Blade
tconstruct:large_sword_blade:0, Demonic Large Sword Blade
tconstruct:large_sword_blade:0, Molten Meat Large Sword Blade
tconstruct:large_sword_blade:0, Chitin Large Sword Blade
tconstruct:large_sword_blade:0, Vespa Carapace Large Sword Blade
tconstruct:large_sword_blade:0, Scythe Claw Large Sword Blade
tconstruct:large_sword_blade:0, Ectoplasm Large Sword Blade
tconstruct:large_sword_blade:0, Holy Sludge Large Sword Blade
tconstruct:large_sword_blade:0, Ancient Amber Large Sword Blade
tconstruct:large_sword_blade:0, Ancient Metal Large Sword Blade
tconstruct:large_sword_blade:0, Tar Large Sword Blade
tconstruct:large_sword_blade:0, Dark Chitin Large Sword Blade
tconstruct:large_sword_blade:0, Earth Chitin Large Sword Blade
tconstruct:large_sword_blade:0, Fire Chitin Large Sword Blade
tconstruct:large_sword_blade:0, Frost Chitin Large Sword Blade
tconstruct:large_sword_blade:0, Undead Chitin Large Sword Blade
tconstruct:large_sword_blade:0, Big Cat Claw Large Sword Blade
tconstruct:large_sword_blade:0, Shark Tooth Large Sword Blade
tconstruct:large_sword_blade:0, Ancient Silver Large Sword Blade
tconstruct:large_sword_blade:0, Cheese Large Sword Blade
tconstruct:large_sword_blade:0, Plague Metal Large Sword Blade
tconstruct:hammer_head:0, Naga Scale Hammer Head
tconstruct:hammer_head:0, Steeleaf Hammer Head
tconstruct:hammer_head:0, Fiery Hammer Head
tconstruct:hammer_head:0, Knightly Hammer Head
tconstruct:hammer_head:0, Thallasium Hammer Head
tconstruct:hammer_head:0, Terminite Hammer Head
tconstruct:hammer_head:0, Aeternium Hammer Head
tconstruct:hammer_head:0, Electrical Hammer Head
tconstruct:hammer_head:0, Energetic Hammer Head
tconstruct:hammer_head:0, Vibrant Hammer Head
tconstruct:hammer_head:0, Red Hammer Head
tconstruct:hammer_head:0, Conductive Hammer Head
tconstruct:hammer_head:0, Pulsating Hammer Head
tconstruct:hammer_head:0, Dark Hammer Head
tconstruct:hammer_head:0, Souled Hammer Head
tconstruct:hammer_head:0, Hammer Head of the End
tconstruct:hammer_head:0, Fake-Iron Hammer Head
tconstruct:hammer_head:0, Wooden Hammer Head
tconstruct:hammer_head:0, Stone Hammer Head
tconstruct:hammer_head:0, Flint Hammer Head
tconstruct:hammer_head:0, Cactus Hammer Head
tconstruct:hammer_head:0, Bone Hammer Head
tconstruct:hammer_head:0, Obsidian Hammer Head
tconstruct:hammer_head:0, Prismarine Hammer Head
tconstruct:hammer_head:0, End Hammer Head
tconstruct:hammer_head:0, Paper Hammer Head
tconstruct:hammer_head:0, Sponge Hammer Head
tconstruct:hammer_head:0, Firewood Hammer Head
tconstruct:hammer_head:0, Iron Hammer Head
tconstruct:hammer_head:0, Pig Iron Hammer Head
tconstruct:hammer_head:0, Knightslime Hammer Head
tconstruct:hammer_head:0, Slime Hammer Head
tconstruct:hammer_head:0, Slime Hammer Head
tconstruct:hammer_head:0, Magma Slime Hammer Head
tconstruct:hammer_head:0, Netherrack Hammer Head
tconstruct:hammer_head:0, Cobalt Hammer Head
tconstruct:hammer_head:0, Ardite Hammer Head
tconstruct:hammer_head:0, Manyullyn Hammer Head
tconstruct:hammer_head:0, Copper Hammer Head
tconstruct:hammer_head:0, Bronze Hammer Head
tconstruct:hammer_head:0, Lead Hammer Head
tconstruct:hammer_head:0, Silver Hammer Head
tconstruct:hammer_head:0, Electrum Hammer Head
tconstruct:hammer_head:0, Steel Hammer Head
tconstruct:hammer_head:0, Magical Wooden Hammer Head
tconstruct:hammer_head:0, Evil Infused Hammer Head
tconstruct:hammer_head:0, Enchanted Hammer Head
tconstruct:hammer_head:0, Demonic Hammer Head
tconstruct:hammer_head:0, Molten Meat Hammer Head
tconstruct:hammer_head:0, Chitin Hammer Head
tconstruct:hammer_head:0, Vespa Carapace Hammer Head
tconstruct:hammer_head:0, Scythe Claw Hammer Head
tconstruct:hammer_head:0, Ectoplasm Hammer Head
tconstruct:hammer_head:0, Holy Sludge Hammer Head
tconstruct:hammer_head:0, Ancient Amber Hammer Head
tconstruct:hammer_head:0, Ancient Metal Hammer Head
tconstruct:hammer_head:0, Tar Hammer Head
tconstruct:hammer_head:0, Dark Chitin Hammer Head
tconstruct:hammer_head:0, Earth Chitin Hammer Head
tconstruct:hammer_head:0, Fire Chitin Hammer Head
tconstruct:hammer_head:0, Frost Chitin Hammer Head
tconstruct:hammer_head:0, Undead Chitin Hammer Head
tconstruct:hammer_head:0, Big Cat Claw Hammer Head
tconstruct:hammer_head:0, Shark Tooth Hammer Head
tconstruct:hammer_head:0, Ancient Silver Hammer Head
tconstruct:hammer_head:0, Cheese Hammer Head
tconstruct:hammer_head:0, Plague Metal Hammer Head
tconstruct:excavator_head:0, Naga Scale Excavator Head
tconstruct:excavator_head:0, Steeleaf Excavator Head
tconstruct:excavator_head:0, Fiery Excavator Head
tconstruct:excavator_head:0, Knightly Excavator Head
tconstruct:excavator_head:0, Thallasium Excavator Head
tconstruct:excavator_head:0, Terminite Excavator Head
tconstruct:excavator_head:0, Aeternium Excavator Head
tconstruct:excavator_head:0, Electrical Excavator Head
tconstruct:excavator_head:0, Energetic Excavator Head
tconstruct:excavator_head:0, Vibrant Excavator Head
tconstruct:excavator_head:0, Red Excavator Head
tconstruct:excavator_head:0, Conductive Excavator Head
tconstruct:excavator_head:0, Pulsating Excavator Head
tconstruct:excavator_head:0, Dark Excavator Head
tconstruct:excavator_head:0, Souled Excavator Head
tconstruct:excavator_head:0, Excavator Head of the End
tconstruct:excavator_head:0, Fake-Iron Excavator Head
tconstruct:excavator_head:0, Wooden Excavator Head
tconstruct:excavator_head:0, Stone Excavator Head
tconstruct:excavator_head:0, Flint Excavator Head
tconstruct:excavator_head:0, Cactus Excavator Head
tconstruct:excavator_head:0, Bone Excavator Head
tconstruct:excavator_head:0, Obsidian Excavator Head
tconstruct:excavator_head:0, Prismarine Excavator Head
tconstruct:excavator_head:0, End Excavator Head
tconstruct:excavator_head:0, Paper Excavator Head
tconstruct:excavator_head:0, Sponge Excavator Head
tconstruct:excavator_head:0, Firewood Excavator Head
tconstruct:excavator_head:0, Iron Excavator Head
tconstruct:excavator_head:0, Pig Iron Excavator Head
tconstruct:excavator_head:0, Knightslime Excavator Head
tconstruct:excavator_head:0, Slime Excavator Head
tconstruct:excavator_head:0, Slime Excavator Head
tconstruct:excavator_head:0, Magma Slime Excavator Head
tconstruct:excavator_head:0, Netherrack Excavator Head
tconstruct:excavator_head:0, Cobalt Excavator Head
tconstruct:excavator_head:0, Ardite Excavator Head
tconstruct:excavator_head:0, Manyullyn Excavator Head
tconstruct:excavator_head:0, Copper Excavator Head
tconstruct:excavator_head:0, Bronze Excavator Head
tconstruct:excavator_head:0, Lead Excavator Head
tconstruct:excavator_head:0, Silver Excavator Head
tconstruct:excavator_head:0, Electrum Excavator Head
tconstruct:excavator_head:0, Steel Excavator Head
tconstruct:excavator_head:0, Magical Wooden Excavator Head
tconstruct:excavator_head:0, Evil Infused Excavator Head
tconstruct:excavator_head:0, Enchanted Excavator Head
tconstruct:excavator_head:0, Demonic Excavator Head
tconstruct:excavator_head:0, Molten Meat Excavator Head
tconstruct:excavator_head:0, Chitin Excavator Head
tconstruct:excavator_head:0, Vespa Carapace Excavator Head
tconstruct:excavator_head:0, Scythe Claw Excavator Head
tconstruct:excavator_head:0, Ectoplasm Excavator Head
tconstruct:excavator_head:0, Holy Sludge Excavator Head
tconstruct:excavator_head:0, Ancient Amber Excavator Head
tconstruct:excavator_head:0, Ancient Metal Excavator Head
tconstruct:excavator_head:0, Tar Excavator Head
tconstruct:excavator_head:0, Dark Chitin Excavator Head
tconstruct:excavator_head:0, Earth Chitin Excavator Head
tconstruct:excavator_head:0, Fire Chitin Excavator Head
tconstruct:excavator_head:0, Frost Chitin Excavator Head
tconstruct:excavator_head:0, Undead Chitin Excavator Head
tconstruct:excavator_head:0, Big Cat Claw Excavator Head
tconstruct:excavator_head:0, Shark Tooth Excavator Head
tconstruct:excavator_head:0, Ancient Silver Excavator Head
tconstruct:excavator_head:0, Cheese Excavator Head
tconstruct:excavator_head:0, Plague Metal Excavator Head
tconstruct:kama_head:0, Naga Scale Kama Head
tconstruct:kama_head:0, Steeleaf Kama Head
tconstruct:kama_head:0, Fiery Kama Head
tconstruct:kama_head:0, Knightly Kama Head
tconstruct:kama_head:0, Thallasium Kama Head
tconstruct:kama_head:0, Terminite Kama Head
tconstruct:kama_head:0, Aeternium Kama Head
tconstruct:kama_head:0, Electrical Kama Head
tconstruct:kama_head:0, Energetic Kama Head
tconstruct:kama_head:0, Vibrant Kama Head
tconstruct:kama_head:0, Red Kama Head
tconstruct:kama_head:0, Conductive Kama Head
tconstruct:kama_head:0, Pulsating Kama Head
tconstruct:kama_head:0, Dark Kama Head
tconstruct:kama_head:0, Souled Kama Head
tconstruct:kama_head:0, Kama Head of the End
tconstruct:kama_head:0, Fake-Iron Kama Head
tconstruct:kama_head:0, Wooden Kama Head
tconstruct:kama_head:0, Stone Kama Head
tconstruct:kama_head:0, Flint Kama Head
tconstruct:kama_head:0, Cactus Kama Head
tconstruct:kama_head:0, Bone Kama Head
tconstruct:kama_head:0, Obsidian Kama Head
tconstruct:kama_head:0, Prismarine Kama Head
tconstruct:kama_head:0, End Kama Head
tconstruct:kama_head:0, Paper Kama Head
tconstruct:kama_head:0, Sponge Kama Head
tconstruct:kama_head:0, Firewood Kama Head
tconstruct:kama_head:0, Iron Kama Head
tconstruct:kama_head:0, Pig Iron Kama Head
tconstruct:kama_head:0, Knightslime Kama Head
tconstruct:kama_head:0, Slime Kama Head
tconstruct:kama_head:0, Slime Kama Head
tconstruct:kama_head:0, Magma Slime Kama Head
tconstruct:kama_head:0, Netherrack Kama Head
tconstruct:kama_head:0, Cobalt Kama Head
tconstruct:kama_head:0, Ardite Kama Head
tconstruct:kama_head:0, Manyullyn Kama Head
tconstruct:kama_head:0, Copper Kama Head
tconstruct:kama_head:0, Bronze Kama Head
tconstruct:kama_head:0, Lead Kama Head
tconstruct:kama_head:0, Silver Kama Head
tconstruct:kama_head:0, Electrum Kama Head
tconstruct:kama_head:0, Steel Kama Head
tconstruct:kama_head:0, Magical Wooden Kama Head
tconstruct:kama_head:0, Evil Infused Kama Head
tconstruct:kama_head:0, Enchanted Kama Head
tconstruct:kama_head:0, Demonic Kama Head
tconstruct:kama_head:0, Molten Meat Kama Head
tconstruct:kama_head:0, Chitin Kama Head
tconstruct:kama_head:0, Vespa Carapace Kama Head
tconstruct:kama_head:0, Scythe Claw Kama Head
tconstruct:kama_head:0, Ectoplasm Kama Head
tconstruct:kama_head:0, Holy Sludge Kama Head
tconstruct:kama_head:0, Ancient Amber Kama Head
tconstruct:kama_head:0, Ancient Metal Kama Head
tconstruct:kama_head:0, Tar Kama Head
tconstruct:kama_head:0, Dark Chitin Kama Head
tconstruct:kama_head:0, Earth Chitin Kama Head
tconstruct:kama_head:0, Fire Chitin Kama Head
tconstruct:kama_head:0, Frost Chitin Kama Head
tconstruct:kama_head:0, Undead Chitin Kama Head
tconstruct:kama_head:0, Big Cat Claw Kama Head
tconstruct:kama_head:0, Shark Tooth Kama Head
tconstruct:kama_head:0, Ancient Silver Kama Head
tconstruct:kama_head:0, Cheese Kama Head
tconstruct:kama_head:0, Plague Metal Kama Head
tconstruct:scythe_head:0, Naga Scale Scythe Head
tconstruct:scythe_head:0, Steeleaf Scythe Head
tconstruct:scythe_head:0, Fiery Scythe Head
tconstruct:scythe_head:0, Knightly Scythe Head
tconstruct:scythe_head:0, Thallasium Scythe Head
tconstruct:scythe_head:0, Terminite Scythe Head
tconstruct:scythe_head:0, Aeternium Scythe Head
tconstruct:scythe_head:0, Electrical Scythe Head
tconstruct:scythe_head:0, Energetic Scythe Head
tconstruct:scythe_head:0, Vibrant Scythe Head
tconstruct:scythe_head:0, Red Scythe Head
tconstruct:scythe_head:0, Conductive Scythe Head
tconstruct:scythe_head:0, Pulsating Scythe Head
tconstruct:scythe_head:0, Dark Scythe Head
tconstruct:scythe_head:0, Souled Scythe Head
tconstruct:scythe_head:0, Scythe Head of the End
tconstruct:scythe_head:0, Fake-Iron Scythe Head
tconstruct:scythe_head:0, Wooden Scythe Head
tconstruct:scythe_head:0, Stone Scythe Head
tconstruct:scythe_head:0, Flint Scythe Head
tconstruct:scythe_head:0, Cactus Scythe Head
tconstruct:scythe_head:0, Bone Scythe Head
tconstruct:scythe_head:0, Obsidian Scythe Head
tconstruct:scythe_head:0, Prismarine Scythe Head
tconstruct:scythe_head:0, End Scythe Head
tconstruct:scythe_head:0, Paper Scythe Head
tconstruct:scythe_head:0, Sponge Scythe Head
tconstruct:scythe_head:0, Firewood Scythe Head
tconstruct:scythe_head:0, Iron Scythe Head
tconstruct:scythe_head:0, Pig Iron Scythe Head
tconstruct:scythe_head:0, Knightslime Scythe Head
tconstruct:scythe_head:0, Slime Scythe Head
tconstruct:scythe_head:0, Slime Scythe Head
tconstruct:scythe_head:0, Magma Slime Scythe Head
tconstruct:scythe_head:0, Netherrack Scythe Head
tconstruct:scythe_head:0, Cobalt Scythe Head
tconstruct:scythe_head:0, Ardite Scythe Head
tconstruct:scythe_head:0, Manyullyn Scythe Head
tconstruct:scythe_head:0, Copper Scythe Head
tconstruct:scythe_head:0, Bronze Scythe Head
tconstruct:scythe_head:0, Lead Scythe Head
tconstruct:scythe_head:0, Silver Scythe Head
tconstruct:scythe_head:0, Electrum Scythe Head
tconstruct:scythe_head:0, Steel Scythe Head
tconstruct:scythe_head:0, Magical Wooden Scythe Head
tconstruct:scythe_head:0, Evil Infused Scythe Head
tconstruct:scythe_head:0, Enchanted Scythe Head
tconstruct:scythe_head:0, Demonic Scythe Head
tconstruct:scythe_head:0, Molten Meat Scythe Head
tconstruct:scythe_head:0, Chitin Scythe Head
tconstruct:scythe_head:0, Vespa Carapace Scythe Head
tconstruct:scythe_head:0, Scythe Claw Scythe Head
tconstruct:scythe_head:0, Ectoplasm Scythe Head
tconstruct:scythe_head:0, Holy Sludge Scythe Head
tconstruct:scythe_head:0, Ancient Amber Scythe Head
tconstruct:scythe_head:0, Ancient Metal Scythe Head
tconstruct:scythe_head:0, Tar Scythe Head
tconstruct:scythe_head:0, Dark Chitin Scythe Head
tconstruct:scythe_head:0, Earth Chitin Scythe Head
tconstruct:scythe_head:0, Fire Chitin Scythe Head
tconstruct:scythe_head:0, Frost Chitin Scythe Head
tconstruct:scythe_head:0, Undead Chitin Scythe Head
tconstruct:scythe_head:0, Big Cat Claw Scythe Head
tconstruct:scythe_head:0, Shark Tooth Scythe Head
tconstruct:scythe_head:0, Ancient Silver Scythe Head
tconstruct:scythe_head:0, Cheese Scythe Head
tconstruct:scythe_head:0, Plague Metal Scythe Head
tconstruct:pan_head:0, Naga Scale Pan
tconstruct:pan_head:0, Steeleaf Pan
tconstruct:pan_head:0, Fiery Pan
tconstruct:pan_head:0, Knightly Pan
tconstruct:pan_head:0, Thallasium Pan
tconstruct:pan_head:0, Terminite Pan
tconstruct:pan_head:0, Aeternium Pan
tconstruct:pan_head:0, Electrical Pan
tconstruct:pan_head:0, Energetic Pan
tconstruct:pan_head:0, Vibrant Pan
tconstruct:pan_head:0, Red Pan
tconstruct:pan_head:0, Conductive Pan
tconstruct:pan_head:0, Pulsating Pan
tconstruct:pan_head:0, Dark Pan
tconstruct:pan_head:0, Souled Pan
tconstruct:pan_head:0, Pan of the End
tconstruct:pan_head:0, Fake-Iron Pan
tconstruct:pan_head:0, Wooden Pan
tconstruct:pan_head:0, Stone Pan
tconstruct:pan_head:0, Flint Pan
tconstruct:pan_head:0, Cactus Pan
tconstruct:pan_head:0, Bone Pan
tconstruct:pan_head:0, Obsidian Pan
tconstruct:pan_head:0, Prismarine Pan
tconstruct:pan_head:0, End Pan
tconstruct:pan_head:0, Paper Pan
tconstruct:pan_head:0, Sponge Pan
tconstruct:pan_head:0, Firewood Pan
tconstruct:pan_head:0, Iron Pan
tconstruct:pan_head:0, Pig Iron Pan
tconstruct:pan_head:0, Knightslime Pan
tconstruct:pan_head:0, Slime Pan
tconstruct:pan_head:0, Slime Pan
tconstruct:pan_head:0, Magma Slime Pan
tconstruct:pan_head:0, Netherrack Pan
tconstruct:pan_head:0, Cobalt Pan
tconstruct:pan_head:0, Ardite Pan
tconstruct:pan_head:0, Manyullyn Pan
tconstruct:pan_head:0, Copper Pan
tconstruct:pan_head:0, Bronze Pan
tconstruct:pan_head:0, Lead Pan
tconstruct:pan_head:0, Silver Pan
tconstruct:pan_head:0, Electrum Pan
tconstruct:pan_head:0, Steel Pan
tconstruct:pan_head:0, Magical Wooden Pan
tconstruct:pan_head:0, Evil Infused Pan
tconstruct:pan_head:0, Enchanted Pan
tconstruct:pan_head:0, Demonic Pan
tconstruct:pan_head:0, Molten Meat Pan
tconstruct:pan_head:0, Chitin Pan
tconstruct:pan_head:0, Vespa Carapace Pan
tconstruct:pan_head:0, Scythe Claw Pan
tconstruct:pan_head:0, Ectoplasm Pan
tconstruct:pan_head:0, Holy Sludge Pan
tconstruct:pan_head:0, Ancient Amber Pan
tconstruct:pan_head:0, Ancient Metal Pan
tconstruct:pan_head:0, Tar Pan
tconstruct:pan_head:0, Dark Chitin Pan
tconstruct:pan_head:0, Earth Chitin Pan
tconstruct:pan_head:0, Fire Chitin Pan
tconstruct:pan_head:0, Frost Chitin Pan
tconstruct:pan_head:0, Undead Chitin Pan
tconstruct:pan_head:0, Big Cat Claw Pan
tconstruct:pan_head:0, Shark Tooth Pan
tconstruct:pan_head:0, Ancient Silver Pan
tconstruct:pan_head:0, Cheese Pan
tconstruct:pan_head:0, Plague Metal Pan
tconstruct:sign_head:0, Naga Scale Sign Plate
tconstruct:sign_head:0, Steeleaf Sign Plate
tconstruct:sign_head:0, Fiery Sign Plate
tconstruct:sign_head:0, Knightly Sign Plate
tconstruct:sign_head:0, Thallasium Sign Plate
tconstruct:sign_head:0, Terminite Sign Plate
tconstruct:sign_head:0, Aeternium Sign Plate
tconstruct:sign_head:0, Electrical Sign Plate
tconstruct:sign_head:0, Energetic Sign Plate
tconstruct:sign_head:0, Vibrant Sign Plate
tconstruct:sign_head:0, Red Sign Plate
tconstruct:sign_head:0, Conductive Sign Plate
tconstruct:sign_head:0, Pulsating Sign Plate
tconstruct:sign_head:0, Dark Sign Plate
tconstruct:sign_head:0, Souled Sign Plate
tconstruct:sign_head:0, Sign Plate of the End
tconstruct:sign_head:0, Fake-Iron Sign Plate
tconstruct:sign_head:0, Wooden Sign Plate
tconstruct:sign_head:0, Stone Sign Plate
tconstruct:sign_head:0, Flint Sign Plate
tconstruct:sign_head:0, Cactus Sign Plate
tconstruct:sign_head:0, Bone Sign Plate
tconstruct:sign_head:0, Obsidian Sign Plate
tconstruct:sign_head:0, Prismarine Sign Plate
tconstruct:sign_head:0, End Sign Plate
tconstruct:sign_head:0, Paper Sign Plate
tconstruct:sign_head:0, Sponge Sign Plate
tconstruct:sign_head:0, Firewood Sign Plate
tconstruct:sign_head:0, Iron Sign Plate
tconstruct:sign_head:0, Pig Iron Sign Plate
tconstruct:sign_head:0, Knightslime Sign Plate
tconstruct:sign_head:0, Slime Sign Plate
tconstruct:sign_head:0, Slime Sign Plate
tconstruct:sign_head:0, Magma Slime Sign Plate
tconstruct:sign_head:0, Netherrack Sign Plate
tconstruct:sign_head:0, Cobalt Sign Plate
tconstruct:sign_head:0, Ardite Sign Plate
tconstruct:sign_head:0, Manyullyn Sign Plate
tconstruct:sign_head:0, Copper Sign Plate
tconstruct:sign_head:0, Bronze Sign Plate
tconstruct:sign_head:0, Lead Sign Plate
tconstruct:sign_head:0, Silver Sign Plate
tconstruct:sign_head:0, Electrum Sign Plate
tconstruct:sign_head:0, Steel Sign Plate
tconstruct:sign_head:0, Magical Wooden Sign Plate
tconstruct:sign_head:0, Evil Infused Sign Plate
tconstruct:sign_head:0, Enchanted Sign Plate
tconstruct:sign_head:0, Demonic Sign Plate
tconstruct:sign_head:0, Molten Meat Sign Plate
tconstruct:sign_head:0, Chitin Sign Plate
tconstruct:sign_head:0, Vespa Carapace Sign Plate
tconstruct:sign_head:0, Scythe Claw Sign Plate
tconstruct:sign_head:0, Ectoplasm Sign Plate
tconstruct:sign_head:0, Holy Sludge Sign Plate
tconstruct:sign_head:0, Ancient Amber Sign Plate
tconstruct:sign_head:0, Ancient Metal Sign Plate
tconstruct:sign_head:0, Tar Sign Plate
tconstruct:sign_head:0, Dark Chitin Sign Plate
tconstruct:sign_head:0, Earth Chitin Sign Plate
tconstruct:sign_head:0, Fire Chitin Sign Plate
tconstruct:sign_head:0, Frost Chitin Sign Plate
tconstruct:sign_head:0, Undead Chitin Sign Plate
tconstruct:sign_head:0, Big Cat Claw Sign Plate
tconstruct:sign_head:0, Shark Tooth Sign Plate
tconstruct:sign_head:0, Ancient Silver Sign Plate
tconstruct:sign_head:0, Cheese Sign Plate
tconstruct:sign_head:0, Plague Metal Sign Plate
tconstruct:tool_rod:0, Steeleaf Tool Rod
tconstruct:tool_rod:0, Fiery Tool Rod
tconstruct:tool_rod:0, Knightly Tool Rod
tconstruct:tool_rod:0, Thallasium Tool Rod
tconstruct:tool_rod:0, Terminite Tool Rod
tconstruct:tool_rod:0, Aeternium Tool Rod
tconstruct:tool_rod:0, Electrical Tool Rod
tconstruct:tool_rod:0, Energetic Tool Rod
tconstruct:tool_rod:0, Vibrant Tool Rod
tconstruct:tool_rod:0, Red Tool Rod
tconstruct:tool_rod:0, Conductive Tool Rod
tconstruct:tool_rod:0, Pulsating Tool Rod
tconstruct:tool_rod:0, Dark Tool Rod
tconstruct:tool_rod:0, Souled Tool Rod
tconstruct:tool_rod:0, Tool Rod of the End
tconstruct:tool_rod:0, Fake-Iron Tool Rod
tconstruct:tool_rod:0, Wooden Tool Rod
tconstruct:tool_rod:0, Stone Tool Rod
tconstruct:tool_rod:0, Flint Tool Rod
tconstruct:tool_rod:0, Cactus Tool Rod
tconstruct:tool_rod:0, Bone Tool Rod
tconstruct:tool_rod:0, Obsidian Tool Rod
tconstruct:tool_rod:0, Prismarine Tool Rod
tconstruct:tool_rod:0, End Tool Rod
tconstruct:tool_rod:0, Paper Tool Rod
tconstruct:tool_rod:0, Sponge Tool Rod
tconstruct:tool_rod:0, Firewood Tool Rod
tconstruct:tool_rod:0, Iron Tool Rod
tconstruct:tool_rod:0, Pig Iron Tool Rod
tconstruct:tool_rod:0, Knightslime Tool Rod
tconstruct:tool_rod:0, Slime Tool Rod
tconstruct:tool_rod:0, Slime Tool Rod
tconstruct:tool_rod:0, Magma Slime Tool Rod
tconstruct:tool_rod:0, Netherrack Tool Rod
tconstruct:tool_rod:0, Cobalt Tool Rod
tconstruct:tool_rod:0, Ardite Tool Rod
tconstruct:tool_rod:0, Manyullyn Tool Rod
tconstruct:tool_rod:0, Copper Tool Rod
tconstruct:tool_rod:0, Bronze Tool Rod
tconstruct:tool_rod:0, Lead Tool Rod
tconstruct:tool_rod:0, Silver Tool Rod
tconstruct:tool_rod:0, Electrum Tool Rod
tconstruct:tool_rod:0, Steel Tool Rod
tconstruct:tool_rod:0, Magical Wooden Tool Rod
tconstruct:tool_rod:0, Evil Infused Tool Rod
tconstruct:tool_rod:0, Enchanted Tool Rod
tconstruct:tool_rod:0, Demonic Tool Rod
tconstruct:tool_rod:0, Molten Meat Tool Rod
tconstruct:tool_rod:0, Chitin Tool Rod
tconstruct:tool_rod:0, Vespa Carapace Tool Rod
tconstruct:tool_rod:0, Scythe Claw Tool Rod
tconstruct:tool_rod:0, Ectoplasm Tool Rod
tconstruct:tool_rod:0, Holy Sludge Tool Rod
tconstruct:tool_rod:0, Ancient Amber Tool Rod
tconstruct:tool_rod:0, Ancient Metal Tool Rod
tconstruct:tool_rod:0, Tar Tool Rod
tconstruct:tool_rod:0, Dark Chitin Tool Rod
tconstruct:tool_rod:0, Earth Chitin Tool Rod
tconstruct:tool_rod:0, Fire Chitin Tool Rod
tconstruct:tool_rod:0, Frost Chitin Tool Rod
tconstruct:tool_rod:0, Undead Chitin Tool Rod
tconstruct:tool_rod:0, Big Cat Claw Tool Rod
tconstruct:tool_rod:0, Shark Tooth Tool Rod
tconstruct:tool_rod:0, Ancient Silver Tool Rod
tconstruct:tool_rod:0, Cheese Tool Rod
tconstruct:tool_rod:0, Plague Metal Tool Rod
tconstruct:tough_tool_rod:0, Steeleaf Tough Tool Rod
tconstruct:tough_tool_rod:0, Fiery Tough Tool Rod
tconstruct:tough_tool_rod:0, Knightly Tough Tool Rod
tconstruct:tough_tool_rod:0, Thallasium Tough Tool Rod
tconstruct:tough_tool_rod:0, Terminite Tough Tool Rod
tconstruct:tough_tool_rod:0, Aeternium Tough Tool Rod
tconstruct:tough_tool_rod:0, Electrical Tough Tool Rod
tconstruct:tough_tool_rod:0, Energetic Tough Tool Rod
tconstruct:tough_tool_rod:0, Vibrant Tough Tool Rod
tconstruct:tough_tool_rod:0, Red Tough Tool Rod
tconstruct:tough_tool_rod:0, Conductive Tough Tool Rod
tconstruct:tough_tool_rod:0, Pulsating Tough Tool Rod
tconstruct:tough_tool_rod:0, Dark Tough Tool Rod
tconstruct:tough_tool_rod:0, Souled Tough Tool Rod
tconstruct:tough_tool_rod:0, Tough Tool Rod of the End
tconstruct:tough_tool_rod:0, Fake-Iron Tough Tool Rod
tconstruct:tough_tool_rod:0, Wooden Tough Tool Rod
tconstruct:tough_tool_rod:0, Stone Tough Tool Rod
tconstruct:tough_tool_rod:0, Flint Tough Tool Rod
tconstruct:tough_tool_rod:0, Cactus Tough Tool Rod
tconstruct:tough_tool_rod:0, Bone Tough Tool Rod
tconstruct:tough_tool_rod:0, Obsidian Tough Tool Rod
tconstruct:tough_tool_rod:0, Prismarine Tough Tool Rod
tconstruct:tough_tool_rod:0, End Tough Tool Rod
tconstruct:tough_tool_rod:0, Paper Tough Tool Rod
tconstruct:tough_tool_rod:0, Sponge Tough Tool Rod
tconstruct:tough_tool_rod:0, Firewood Tough Tool Rod
tconstruct:tough_tool_rod:0, Iron Tough Tool Rod
tconstruct:tough_tool_rod:0, Pig Iron Tough Tool Rod
tconstruct:tough_tool_rod:0, Knightslime Tough Tool Rod
tconstruct:tough_tool_rod:0, Slime Tough Tool Rod
tconstruct:tough_tool_rod:0, Slime Tough Tool Rod
tconstruct:tough_tool_rod:0, Magma Slime Tough Tool Rod
tconstruct:tough_tool_rod:0, Netherrack Tough Tool Rod
tconstruct:tough_tool_rod:0, Cobalt Tough Tool Rod
tconstruct:tough_tool_rod:0, Ardite Tough Tool Rod
tconstruct:tough_tool_rod:0, Manyullyn Tough Tool Rod
tconstruct:tough_tool_rod:0, Copper Tough Tool Rod
tconstruct:tough_tool_rod:0, Bronze Tough Tool Rod
tconstruct:tough_tool_rod:0, Lead Tough Tool Rod
tconstruct:tough_tool_rod:0, Silver Tough Tool Rod
tconstruct:tough_tool_rod:0, Electrum Tough Tool Rod
tconstruct:tough_tool_rod:0, Steel Tough Tool Rod
tconstruct:tough_tool_rod:0, Magical Wooden Tough Tool Rod
tconstruct:tough_tool_rod:0, Evil Infused Tough Tool Rod
tconstruct:tough_tool_rod:0, Enchanted Tough Tool Rod
tconstruct:tough_tool_rod:0, Demonic Tough Tool Rod
tconstruct:tough_tool_rod:0, Molten Meat Tough Tool Rod
tconstruct:tough_tool_rod:0, Chitin Tough Tool Rod
tconstruct:tough_tool_rod:0, Vespa Carapace Tough Tool Rod
tconstruct:tough_tool_rod:0, Scythe Claw Tough Tool Rod
tconstruct:tough_tool_rod:0, Ectoplasm Tough Tool Rod
tconstruct:tough_tool_rod:0, Holy Sludge Tough Tool Rod
tconstruct:tough_tool_rod:0, Ancient Amber Tough Tool Rod
tconstruct:tough_tool_rod:0, Ancient Metal Tough Tool Rod
tconstruct:tough_tool_rod:0, Tar Tough Tool Rod
tconstruct:tough_tool_rod:0, Dark Chitin Tough Tool Rod
tconstruct:tough_tool_rod:0, Earth Chitin Tough Tool Rod
tconstruct:tough_tool_rod:0, Fire Chitin Tough Tool Rod
tconstruct:tough_tool_rod:0, Frost Chitin Tough Tool Rod
tconstruct:tough_tool_rod:0, Undead Chitin Tough Tool Rod
tconstruct:tough_tool_rod:0, Big Cat Claw Tough Tool Rod
tconstruct:tough_tool_rod:0, Shark Tooth Tough Tool Rod
tconstruct:tough_tool_rod:0, Ancient Silver Tough Tool Rod
tconstruct:tough_tool_rod:0, Cheese Tough Tool Rod
tconstruct:tough_tool_rod:0, Plague Metal Tough Tool Rod
tconstruct:binding:0, Steeleaf Binding
tconstruct:binding:0, Fiery Binding
tconstruct:binding:0, Knightly Binding
tconstruct:binding:0, Thallasium Binding
tconstruct:binding:0, Terminite Binding
tconstruct:binding:0, Aeternium Binding
tconstruct:binding:0, Electrical Binding
tconstruct:binding:0, Energetic Binding
tconstruct:binding:0, Vibrant Binding
tconstruct:binding:0, Red Binding
tconstruct:binding:0, Conductive Binding
tconstruct:binding:0, Pulsating Binding
tconstruct:binding:0, Dark Binding
tconstruct:binding:0, Souled Binding
tconstruct:binding:0, Binding of the End
tconstruct:binding:0, Fake-Iron Binding
tconstruct:binding:0, Wooden Binding
tconstruct:binding:0, Stone Binding
tconstruct:binding:0, Flint Binding
tconstruct:binding:0, Cactus Binding
tconstruct:binding:0, Bone Binding
tconstruct:binding:0, Obsidian Binding
tconstruct:binding:0, Prismarine Binding
tconstruct:binding:0, End Binding
tconstruct:binding:0, Paper Binding
tconstruct:binding:0, Sponge Binding
tconstruct:binding:0, Firewood Binding
tconstruct:binding:0, Iron Binding
tconstruct:binding:0, Pig Iron Binding
tconstruct:binding:0, Knightslime Binding
tconstruct:binding:0, Slime Binding
tconstruct:binding:0, Slime Binding
tconstruct:binding:0, Magma Slime Binding
tconstruct:binding:0, Netherrack Binding
tconstruct:binding:0, Cobalt Binding
tconstruct:binding:0, Ardite Binding
tconstruct:binding:0, Manyullyn Binding
tconstruct:binding:0, Copper Binding
tconstruct:binding:0, Bronze Binding
tconstruct:binding:0, Lead Binding
tconstruct:binding:0, Silver Binding
tconstruct:binding:0, Electrum Binding
tconstruct:binding:0, Steel Binding
tconstruct:binding:0, Magical Wooden Binding
tconstruct:binding:0, Evil Infused Binding
tconstruct:binding:0, Enchanted Binding
tconstruct:binding:0, Demonic Binding
tconstruct:binding:0, Molten Meat Binding
tconstruct:binding:0, Chitin Binding
tconstruct:binding:0, Vespa Carapace Binding
tconstruct:binding:0, Scythe Claw Binding
tconstruct:binding:0, Ectoplasm Binding
tconstruct:binding:0, Holy Sludge Binding
tconstruct:binding:0, Ancient Amber Binding
tconstruct:binding:0, Ancient Metal Binding
tconstruct:binding:0, Tar Binding
tconstruct:binding:0, Dark Chitin Binding
tconstruct:binding:0, Earth Chitin Binding
tconstruct:binding:0, Fire Chitin Binding
tconstruct:binding:0, Frost Chitin Binding
tconstruct:binding:0, Undead Chitin Binding
tconstruct:binding:0, Big Cat Claw Binding
tconstruct:binding:0, Shark Tooth Binding
tconstruct:binding:0, Ancient Silver Binding
tconstruct:binding:0, Cheese Binding
tconstruct:binding:0, Plague Metal Binding
tconstruct:tough_binding:0, Steeleaf Tough Binding
tconstruct:tough_binding:0, Fiery Tough Binding
tconstruct:tough_binding:0, Knightly Tough Binding
tconstruct:tough_binding:0, Thallasium Tough Binding
tconstruct:tough_binding:0, Terminite Tough Binding
tconstruct:tough_binding:0, Aeternium Tough Binding
tconstruct:tough_binding:0, Electrical Tough Binding
tconstruct:tough_binding:0, Energetic Tough Binding
tconstruct:tough_binding:0, Vibrant Tough Binding
tconstruct:tough_binding:0, Red Tough Binding
tconstruct:tough_binding:0, Conductive Tough Binding
tconstruct:tough_binding:0, Pulsating Tough Binding
tconstruct:tough_binding:0, Dark Tough Binding
tconstruct:tough_binding:0, Souled Tough Binding
tconstruct:tough_binding:0, Tough Binding of the End
tconstruct:tough_binding:0, Fake-Iron Tough Binding
tconstruct:tough_binding:0, Wooden Tough Binding
tconstruct:tough_binding:0, Stone Tough Binding
tconstruct:tough_binding:0, Flint Tough Binding
tconstruct:tough_binding:0, Cactus Tough Binding
tconstruct:tough_binding:0, Bone Tough Binding
tconstruct:tough_binding:0, Obsidian Tough Binding
tconstruct:tough_binding:0, Prismarine Tough Binding
tconstruct:tough_binding:0, End Tough Binding
tconstruct:tough_binding:0, Paper Tough Binding
tconstruct:tough_binding:0, Sponge Tough Binding
tconstruct:tough_binding:0, Firewood Tough Binding
tconstruct:tough_binding:0, Iron Tough Binding
tconstruct:tough_binding:0, Pig Iron Tough Binding
tconstruct:tough_binding:0, Knightslime Tough Binding
tconstruct:tough_binding:0, Slime Tough Binding
tconstruct:tough_binding:0, Slime Tough Binding
tconstruct:tough_binding:0, Magma Slime Tough Binding
tconstruct:tough_binding:0, Netherrack Tough Binding
tconstruct:tough_binding:0, Cobalt Tough Binding
tconstruct:tough_binding:0, Ardite Tough Binding
tconstruct:tough_binding:0, Manyullyn Tough Binding
tconstruct:tough_binding:0, Copper Tough Binding
tconstruct:tough_binding:0, Bronze Tough Binding
tconstruct:tough_binding:0, Lead Tough Binding
tconstruct:tough_binding:0, Silver Tough Binding
tconstruct:tough_binding:0, Electrum Tough Binding
tconstruct:tough_binding:0, Steel Tough Binding
tconstruct:tough_binding:0, Magical Wooden Tough Binding
tconstruct:tough_binding:0, Evil Infused Tough Binding
tconstruct:tough_binding:0, Enchanted Tough Binding
tconstruct:tough_binding:0, Demonic Tough Binding
tconstruct:tough_binding:0, Molten Meat Tough Binding
tconstruct:tough_binding:0, Chitin Tough Binding
tconstruct:tough_binding:0, Vespa Carapace Tough Binding
tconstruct:tough_binding:0, Scythe Claw Tough Binding
tconstruct:tough_binding:0, Ectoplasm Tough Binding
tconstruct:tough_binding:0, Holy Sludge Tough Binding
tconstruct:tough_binding:0, Ancient Amber Tough Binding
tconstruct:tough_binding:0, Ancient Metal Tough Binding
tconstruct:tough_binding:0, Tar Tough Binding
tconstruct:tough_binding:0, Dark Chitin Tough Binding
tconstruct:tough_binding:0, Earth Chitin Tough Binding
tconstruct:tough_binding:0, Fire Chitin Tough Binding
tconstruct:tough_binding:0, Frost Chitin Tough Binding
tconstruct:tough_binding:0, Undead Chitin Tough Binding
tconstruct:tough_binding:0, Big Cat Claw Tough Binding
tconstruct:tough_binding:0, Shark Tooth Tough Binding
tconstruct:tough_binding:0, Ancient Silver Tough Binding
tconstruct:tough_binding:0, Cheese Tough Binding
tconstruct:tough_binding:0, Plague Metal Tough Binding
tconstruct:wide_guard:0, Steeleaf Wide Guard
tconstruct:wide_guard:0, Fiery Wide Guard
tconstruct:wide_guard:0, Knightly Wide Guard
tconstruct:wide_guard:0, Thallasium Wide Guard
tconstruct:wide_guard:0, Terminite Wide Guard
tconstruct:wide_guard:0, Aeternium Wide Guard
tconstruct:wide_guard:0, Electrical Wide Guard
tconstruct:wide_guard:0, Energetic Wide Guard
tconstruct:wide_guard:0, Vibrant Wide Guard
tconstruct:wide_guard:0, Red Wide Guard
tconstruct:wide_guard:0, Conductive Wide Guard
tconstruct:wide_guard:0, Pulsating Wide Guard
tconstruct:wide_guard:0, Dark Wide Guard
tconstruct:wide_guard:0, Souled Wide Guard
tconstruct:wide_guard:0, Wide Guard of the End
tconstruct:wide_guard:0, Fake-Iron Wide Guard
tconstruct:wide_guard:0, Wooden Wide Guard
tconstruct:wide_guard:0, Stone Wide Guard
tconstruct:wide_guard:0, Flint Wide Guard
tconstruct:wide_guard:0, Cactus Wide Guard
tconstruct:wide_guard:0, Bone Wide Guard
tconstruct:wide_guard:0, Obsidian Wide Guard
tconstruct:wide_guard:0, Prismarine Wide Guard
tconstruct:wide_guard:0, End Wide Guard
tconstruct:wide_guard:0, Paper Wide Guard
tconstruct:wide_guard:0, Sponge Wide Guard
tconstruct:wide_guard:0, Firewood Wide Guard
tconstruct:wide_guard:0, Iron Wide Guard
tconstruct:wide_guard:0, Pig Iron Wide Guard
tconstruct:wide_guard:0, Knightslime Wide Guard
tconstruct:wide_guard:0, Slime Wide Guard
tconstruct:wide_guard:0, Slime Wide Guard
tconstruct:wide_guard:0, Magma Slime Wide Guard
tconstruct:wide_guard:0, Netherrack Wide Guard
tconstruct:wide_guard:0, Cobalt Wide Guard
tconstruct:wide_guard:0, Ardite Wide Guard
tconstruct:wide_guard:0, Manyullyn Wide Guard
tconstruct:wide_guard:0, Copper Wide Guard
tconstruct:wide_guard:0, Bronze Wide Guard
tconstruct:wide_guard:0, Lead Wide Guard
tconstruct:wide_guard:0, Silver Wide Guard
tconstruct:wide_guard:0, Electrum Wide Guard
tconstruct:wide_guard:0, Steel Wide Guard
tconstruct:wide_guard:0, Magical Wooden Wide Guard
tconstruct:wide_guard:0, Evil Infused Wide Guard
tconstruct:wide_guard:0, Enchanted Wide Guard
tconstruct:wide_guard:0, Demonic Wide Guard
tconstruct:wide_guard:0, Molten Meat Wide Guard
tconstruct:wide_guard:0, Chitin Wide Guard
tconstruct:wide_guard:0, Vespa Carapace Wide Guard
tconstruct:wide_guard:0, Scythe Claw Wide Guard
tconstruct:wide_guard:0, Ectoplasm Wide Guard
tconstruct:wide_guard:0, Holy Sludge Wide Guard
tconstruct:wide_guard:0, Ancient Amber Wide Guard
tconstruct:wide_guard:0, Ancient Metal Wide Guard
tconstruct:wide_guard:0, Tar Wide Guard
tconstruct:wide_guard:0, Dark Chitin Wide Guard
tconstruct:wide_guard:0, Earth Chitin Wide Guard
tconstruct:wide_guard:0, Fire Chitin Wide Guard
tconstruct:wide_guard:0, Frost Chitin Wide Guard
tconstruct:wide_guard:0, Undead Chitin Wide Guard
tconstruct:wide_guard:0, Big Cat Claw Wide Guard
tconstruct:wide_guard:0, Shark Tooth Wide Guard
tconstruct:wide_guard:0, Ancient Silver Wide Guard
tconstruct:wide_guard:0, Cheese Wide Guard
tconstruct:wide_guard:0, Plague Metal Wide Guard
tconstruct:hand_guard:0, Steeleaf Hand Guard
tconstruct:hand_guard:0, Fiery Hand Guard
tconstruct:hand_guard:0, Knightly Hand Guard
tconstruct:hand_guard:0, Thallasium Hand Guard
tconstruct:hand_guard:0, Terminite Hand Guard
tconstruct:hand_guard:0, Aeternium Hand Guard
tconstruct:hand_guard:0, Electrical Hand Guard
tconstruct:hand_guard:0, Energetic Hand Guard
tconstruct:hand_guard:0, Vibrant Hand Guard
tconstruct:hand_guard:0, Red Hand Guard
tconstruct:hand_guard:0, Conductive Hand Guard
tconstruct:hand_guard:0, Pulsating Hand Guard
tconstruct:hand_guard:0, Dark Hand Guard
tconstruct:hand_guard:0, Souled Hand Guard
tconstruct:hand_guard:0, Hand Guard of the End
tconstruct:hand_guard:0, Fake-Iron Hand Guard
tconstruct:hand_guard:0, Wooden Hand Guard
tconstruct:hand_guard:0, Stone Hand Guard
tconstruct:hand_guard:0, Flint Hand Guard
tconstruct:hand_guard:0, Cactus Hand Guard
tconstruct:hand_guard:0, Bone Hand Guard
tconstruct:hand_guard:0, Obsidian Hand Guard
tconstruct:hand_guard:0, Prismarine Hand Guard
tconstruct:hand_guard:0, End Hand Guard
tconstruct:hand_guard:0, Paper Hand Guard
tconstruct:hand_guard:0, Sponge Hand Guard
tconstruct:hand_guard:0, Firewood Hand Guard
tconstruct:hand_guard:0, Iron Hand Guard
tconstruct:hand_guard:0, Pig Iron Hand Guard
tconstruct:hand_guard:0, Knightslime Hand Guard
tconstruct:hand_guard:0, Slime Hand Guard
tconstruct:hand_guard:0, Slime Hand Guard
tconstruct:hand_guard:0, Magma Slime Hand Guard
tconstruct:hand_guard:0, Netherrack Hand Guard
tconstruct:hand_guard:0, Cobalt Hand Guard
tconstruct:hand_guard:0, Ardite Hand Guard
tconstruct:hand_guard:0, Manyullyn Hand Guard
tconstruct:hand_guard:0, Copper Hand Guard
tconstruct:hand_guard:0, Bronze Hand Guard
tconstruct:hand_guard:0, Lead Hand Guard
tconstruct:hand_guard:0, Silver Hand Guard
tconstruct:hand_guard:0, Electrum Hand Guard
tconstruct:hand_guard:0, Steel Hand Guard
tconstruct:hand_guard:0, Magical Wooden Hand Guard
tconstruct:hand_guard:0, Evil Infused Hand Guard
tconstruct:hand_guard:0, Enchanted Hand Guard
tconstruct:hand_guard:0, Demonic Hand Guard
tconstruct:hand_guard:0, Molten Meat Hand Guard
tconstruct:hand_guard:0, Chitin Hand Guard
tconstruct:hand_guard:0, Vespa Carapace Hand Guard
tconstruct:hand_guard:0, Scythe Claw Hand Guard
tconstruct:hand_guard:0, Ectoplasm Hand Guard
tconstruct:hand_guard:0, Holy Sludge Hand Guard
tconstruct:hand_guard:0, Ancient Amber Hand Guard
tconstruct:hand_guard:0, Ancient Metal Hand Guard
tconstruct:hand_guard:0, Tar Hand Guard
tconstruct:hand_guard:0, Dark Chitin Hand Guard
tconstruct:hand_guard:0, Earth Chitin Hand Guard
tconstruct:hand_guard:0, Fire Chitin Hand Guard
tconstruct:hand_guard:0, Frost Chitin Hand Guard
tconstruct:hand_guard:0, Undead Chitin Hand Guard
tconstruct:hand_guard:0, Big Cat Claw Hand Guard
tconstruct:hand_guard:0, Shark Tooth Hand Guard
tconstruct:hand_guard:0, Ancient Silver Hand Guard
tconstruct:hand_guard:0, Cheese Hand Guard
tconstruct:hand_guard:0, Plague Metal Hand Guard
tconstruct:cross_guard:0, Steeleaf Cross Guard
tconstruct:cross_guard:0, Fiery Cross Guard
tconstruct:cross_guard:0, Knightly Cross Guard
tconstruct:cross_guard:0, Thallasium Cross Guard
tconstruct:cross_guard:0, Terminite Cross Guard
tconstruct:cross_guard:0, Aeternium Cross Guard
tconstruct:cross_guard:0, Electrical Cross Guard
tconstruct:cross_guard:0, Energetic Cross Guard
tconstruct:cross_guard:0, Vibrant Cross Guard
tconstruct:cross_guard:0, Red Cross Guard
tconstruct:cross_guard:0, Conductive Cross Guard
tconstruct:cross_guard:0, Pulsating Cross Guard
tconstruct:cross_guard:0, Dark Cross Guard
tconstruct:cross_guard:0, Souled Cross Guard
tconstruct:cross_guard:0, Cross Guard of the End
tconstruct:cross_guard:0, Fake-Iron Cross Guard
tconstruct:cross_guard:0, Wooden Cross Guard
tconstruct:cross_guard:0, Stone Cross Guard
tconstruct:cross_guard:0, Flint Cross Guard
tconstruct:cross_guard:0, Cactus Cross Guard
tconstruct:cross_guard:0, Bone Cross Guard
tconstruct:cross_guard:0, Obsidian Cross Guard
tconstruct:cross_guard:0, Prismarine Cross Guard
tconstruct:cross_guard:0, End Cross Guard
tconstruct:cross_guard:0, Paper Cross Guard
tconstruct:cross_guard:0, Sponge Cross Guard
tconstruct:cross_guard:0, Firewood Cross Guard
tconstruct:cross_guard:0, Iron Cross Guard
tconstruct:cross_guard:0, Pig Iron Cross Guard
tconstruct:cross_guard:0, Knightslime Cross Guard
tconstruct:cross_guard:0, Slime Cross Guard
tconstruct:cross_guard:0, Slime Cross Guard
tconstruct:cross_guard:0, Magma Slime Cross Guard
tconstruct:cross_guard:0, Netherrack Cross Guard
tconstruct:cross_guard:0, Cobalt Cross Guard
tconstruct:cross_guard:0, Ardite Cross Guard
tconstruct:cross_guard:0, Manyullyn Cross Guard
tconstruct:cross_guard:0, Copper Cross Guard
tconstruct:cross_guard:0, Bronze Cross Guard
tconstruct:cross_guard:0, Lead Cross Guard
tconstruct:cross_guard:0, Silver Cross Guard
tconstruct:cross_guard:0, Electrum Cross Guard
tconstruct:cross_guard:0, Steel Cross Guard
tconstruct:cross_guard:0, Magical Wooden Cross Guard
tconstruct:cross_guard:0, Evil Infused Cross Guard
tconstruct:cross_guard:0, Enchanted Cross Guard
tconstruct:cross_guard:0, Demonic Cross Guard
tconstruct:cross_guard:0, Molten Meat Cross Guard
tconstruct:cross_guard:0, Chitin Cross Guard
tconstruct:cross_guard:0, Vespa Carapace Cross Guard
tconstruct:cross_guard:0, Scythe Claw Cross Guard
tconstruct:cross_guard:0, Ectoplasm Cross Guard
tconstruct:cross_guard:0, Holy Sludge Cross Guard
tconstruct:cross_guard:0, Ancient Amber Cross Guard
tconstruct:cross_guard:0, Ancient Metal Cross Guard
tconstruct:cross_guard:0, Tar Cross Guard
tconstruct:cross_guard:0, Dark Chitin Cross Guard
tconstruct:cross_guard:0, Earth Chitin Cross Guard
tconstruct:cross_guard:0, Fire Chitin Cross Guard
tconstruct:cross_guard:0, Frost Chitin Cross Guard
tconstruct:cross_guard:0, Undead Chitin Cross Guard
tconstruct:cross_guard:0, Big Cat Claw Cross Guard
tconstruct:cross_guard:0, Shark Tooth Cross Guard
tconstruct:cross_guard:0, Ancient Silver Cross Guard
tconstruct:cross_guard:0, Cheese Cross Guard
tconstruct:cross_guard:0, Plague Metal Cross Guard
tconstruct:large_plate:0, Naga Scale Large Plate
tconstruct:large_plate:0, Steeleaf Large Plate
tconstruct:large_plate:0, Fiery Large Plate
tconstruct:large_plate:0, Knightly Large Plate
tconstruct:large_plate:0, Thallasium Large Plate
tconstruct:large_plate:0, Terminite Large Plate
tconstruct:large_plate:0, Aeternium Large Plate
tconstruct:large_plate:0, Electrical Large Plate
tconstruct:large_plate:0, Energetic Large Plate
tconstruct:large_plate:0, Vibrant Large Plate
tconstruct:large_plate:0, Red Large Plate
tconstruct:large_plate:0, Conductive Large Plate
tconstruct:large_plate:0, Pulsating Large Plate
tconstruct:large_plate:0, Dark Large Plate
tconstruct:large_plate:0, Souled Large Plate
tconstruct:large_plate:0, Large Plate of the End
tconstruct:large_plate:0, Fake-Iron Large Plate
tconstruct:large_plate:0, Wooden Large Plate
tconstruct:large_plate:0, Stone Large Plate
tconstruct:large_plate:0, Flint Large Plate
tconstruct:large_plate:0, Cactus Large Plate
tconstruct:large_plate:0, Bone Large Plate
tconstruct:large_plate:0, Obsidian Large Plate
tconstruct:large_plate:0, Prismarine Large Plate
tconstruct:large_plate:0, End Large Plate
tconstruct:large_plate:0, Paper Large Plate
tconstruct:large_plate:0, Sponge Large Plate
tconstruct:large_plate:0, Firewood Large Plate
tconstruct:large_plate:0, Iron Large Plate
tconstruct:large_plate:0, Pig Iron Large Plate
tconstruct:large_plate:0, Knightslime Large Plate
tconstruct:large_plate:0, Slime Large Plate
tconstruct:large_plate:0, Slime Large Plate
tconstruct:large_plate:0, Magma Slime Large Plate
tconstruct:large_plate:0, Netherrack Large Plate
tconstruct:large_plate:0, Cobalt Large Plate
tconstruct:large_plate:0, Ardite Large Plate
tconstruct:large_plate:0, Manyullyn Large Plate
tconstruct:large_plate:0, Copper Large Plate
tconstruct:large_plate:0, Bronze Large Plate
tconstruct:large_plate:0, Lead Large Plate
tconstruct:large_plate:0, Silver Large Plate
tconstruct:large_plate:0, Electrum Large Plate
tconstruct:large_plate:0, Steel Large Plate
tconstruct:large_plate:0, Magical Wooden Large Plate
tconstruct:large_plate:0, Evil Infused Large Plate
tconstruct:large_plate:0, Enchanted Large Plate
tconstruct:large_plate:0, Demonic Large Plate
tconstruct:large_plate:0, Molten Meat Large Plate
tconstruct:large_plate:0, Chitin Large Plate
tconstruct:large_plate:0, Vespa Carapace Large Plate
tconstruct:large_plate:0, Scythe Claw Large Plate
tconstruct:large_plate:0, Ectoplasm Large Plate
tconstruct:large_plate:0, Holy Sludge Large Plate
tconstruct:large_plate:0, Ancient Amber Large Plate
tconstruct:large_plate:0, Ancient Metal Large Plate
tconstruct:large_plate:0, Tar Large Plate
tconstruct:large_plate:0, Dark Chitin Large Plate
tconstruct:large_plate:0, Earth Chitin Large Plate
tconstruct:large_plate:0, Fire Chitin Large Plate
tconstruct:large_plate:0, Frost Chitin Large Plate
tconstruct:large_plate:0, Undead Chitin Large Plate
tconstruct:large_plate:0, Big Cat Claw Large Plate
tconstruct:large_plate:0, Shark Tooth Large Plate
tconstruct:large_plate:0, Ancient Silver Large Plate
tconstruct:large_plate:0, Cheese Large Plate
tconstruct:large_plate:0, Plague Metal Large Plate
tconstruct:knife_blade:0, Steeleaf Knife Blade
tconstruct:knife_blade:0, Fiery Knife Blade
tconstruct:knife_blade:0, Knightly Knife Blade
tconstruct:knife_blade:0, Thallasium Knife Blade
tconstruct:knife_blade:0, Terminite Knife Blade
tconstruct:knife_blade:0, Aeternium Knife Blade
tconstruct:knife_blade:0, Electrical Knife Blade
tconstruct:knife_blade:0, Energetic Knife Blade
tconstruct:knife_blade:0, Vibrant Knife Blade
tconstruct:knife_blade:0, Red Knife Blade
tconstruct:knife_blade:0, Conductive Knife Blade
tconstruct:knife_blade:0, Pulsating Knife Blade
tconstruct:knife_blade:0, Dark Knife Blade
tconstruct:knife_blade:0, Souled Knife Blade
tconstruct:knife_blade:0, Knife Blade of the End
tconstruct:knife_blade:0, Fake-Iron Knife Blade
tconstruct:knife_blade:0, Wooden Knife Blade
tconstruct:knife_blade:0, Stone Knife Blade
tconstruct:knife_blade:0, Flint Knife Blade
tconstruct:knife_blade:0, Cactus Knife Blade
tconstruct:knife_blade:0, Bone Knife Blade
tconstruct:knife_blade:0, Obsidian Knife Blade
tconstruct:knife_blade:0, Prismarine Knife Blade
tconstruct:knife_blade:0, End Knife Blade
tconstruct:knife_blade:0, Paper Knife Blade
tconstruct:knife_blade:0, Sponge Knife Blade
tconstruct:knife_blade:0, Firewood Knife Blade
tconstruct:knife_blade:0, Iron Knife Blade
tconstruct:knife_blade:0, Pig Iron Knife Blade
tconstruct:knife_blade:0, Knightslime Knife Blade
tconstruct:knife_blade:0, Slime Knife Blade
tconstruct:knife_blade:0, Slime Knife Blade
tconstruct:knife_blade:0, Magma Slime Knife Blade
tconstruct:knife_blade:0, Netherrack Knife Blade
tconstruct:knife_blade:0, Cobalt Knife Blade
tconstruct:knife_blade:0, Ardite Knife Blade
tconstruct:knife_blade:0, Manyullyn Knife Blade
tconstruct:knife_blade:0, Copper Knife Blade
tconstruct:knife_blade:0, Bronze Knife Blade
tconstruct:knife_blade:0, Lead Knife Blade
tconstruct:knife_blade:0, Silver Knife Blade
tconstruct:knife_blade:0, Electrum Knife Blade
tconstruct:knife_blade:0, Steel Knife Blade
tconstruct:knife_blade:0, Magical Wooden Knife Blade
tconstruct:knife_blade:0, Evil Infused Knife Blade
tconstruct:knife_blade:0, Enchanted Knife Blade
tconstruct:knife_blade:0, Demonic Knife Blade
tconstruct:knife_blade:0, Molten Meat Knife Blade
tconstruct:knife_blade:0, Chitin Knife Blade
tconstruct:knife_blade:0, Vespa Carapace Knife Blade
tconstruct:knife_blade:0, Scythe Claw Knife Blade
tconstruct:knife_blade:0, Ectoplasm Knife Blade
tconstruct:knife_blade:0, Holy Sludge Knife Blade
tconstruct:knife_blade:0, Ancient Amber Knife Blade
tconstruct:knife_blade:0, Ancient Metal Knife Blade
tconstruct:knife_blade:0, Tar Knife Blade
tconstruct:knife_blade:0, Dark Chitin Knife Blade
tconstruct:knife_blade:0, Earth Chitin Knife Blade
tconstruct:knife_blade:0, Fire Chitin Knife Blade
tconstruct:knife_blade:0, Frost Chitin Knife Blade
tconstruct:knife_blade:0, Undead Chitin Knife Blade
tconstruct:knife_blade:0, Big Cat Claw Knife Blade
tconstruct:knife_blade:0, Shark Tooth Knife Blade
tconstruct:knife_blade:0, Ancient Silver Knife Blade
tconstruct:knife_blade:0, Cheese Knife Blade
tconstruct:knife_blade:0, Plague Metal Knife Blade
tconstruct:bow_limb:0, Naga Scale Bowlimb
tconstruct:bow_limb:0, Steeleaf Bowlimb
tconstruct:bow_limb:0, Fiery Bowlimb
tconstruct:bow_limb:0, Thallasium Bowlimb
tconstruct:bow_limb:0, Terminite Bowlimb
tconstruct:bow_limb:0, Aeternium Bowlimb
tconstruct:bow_limb:0, Electrical Bowlimb
tconstruct:bow_limb:0, Energetic Bowlimb
tconstruct:bow_limb:0, Vibrant Bowlimb
tconstruct:bow_limb:0, Red Bowlimb
tconstruct:bow_limb:0, Conductive Bowlimb
tconstruct:bow_limb:0, Pulsating Bowlimb
tconstruct:bow_limb:0, Dark Bowlimb
tconstruct:bow_limb:0, Souled Bowlimb
tconstruct:bow_limb:0, Bowlimb of the End
tconstruct:bow_limb:0, Fake-Iron Bowlimb
tconstruct:bow_limb:0, Wooden Bowlimb
tconstruct:bow_limb:0, Stone Bowlimb
tconstruct:bow_limb:0, Flint Bowlimb
tconstruct:bow_limb:0, Cactus Bowlimb
tconstruct:bow_limb:0, Bone Bowlimb
tconstruct:bow_limb:0, Obsidian Bowlimb
tconstruct:bow_limb:0, Prismarine Bowlimb
tconstruct:bow_limb:0, End Bowlimb
tconstruct:bow_limb:0, Paper Bowlimb
tconstruct:bow_limb:0, Sponge Bowlimb
tconstruct:bow_limb:0, Firewood Bowlimb
tconstruct:bow_limb:0, Iron Bowlimb
tconstruct:bow_limb:0, Pig Iron Bowlimb
tconstruct:bow_limb:0, Knightslime Bowlimb
tconstruct:bow_limb:0, Slime Bowlimb
tconstruct:bow_limb:0, Slime Bowlimb
tconstruct:bow_limb:0, Magma Slime Bowlimb
tconstruct:bow_limb:0, Netherrack Bowlimb
tconstruct:bow_limb:0, Cobalt Bowlimb
tconstruct:bow_limb:0, Ardite Bowlimb
tconstruct:bow_limb:0, Manyullyn Bowlimb
tconstruct:bow_limb:0, Copper Bowlimb
tconstruct:bow_limb:0, Bronze Bowlimb
tconstruct:bow_limb:0, Lead Bowlimb
tconstruct:bow_limb:0, Silver Bowlimb
tconstruct:bow_limb:0, Electrum Bowlimb
tconstruct:bow_limb:0, Steel Bowlimb
tconstruct:bow_limb:0, Magical Wooden Bowlimb
tconstruct:bow_limb:0, Demonic Bowlimb
tconstruct:bow_limb:0, Molten Meat Bowlimb
tconstruct:bow_limb:0, Chitin Bowlimb
tconstruct:bow_limb:0, Vespa Carapace Bowlimb
tconstruct:bow_limb:0, Scythe Claw Bowlimb
tconstruct:bow_limb:0, Ectoplasm Bowlimb
tconstruct:bow_limb:0, Holy Sludge Bowlimb
tconstruct:bow_limb:0, Ancient Amber Bowlimb
tconstruct:bow_limb:0, Ancient Metal Bowlimb
tconstruct:bow_limb:0, Tar Bowlimb
tconstruct:bow_limb:0, Dark Chitin Bowlimb
tconstruct:bow_limb:0, Earth Chitin Bowlimb
tconstruct:bow_limb:0, Fire Chitin Bowlimb
tconstruct:bow_limb:0, Frost Chitin Bowlimb
tconstruct:bow_limb:0, Undead Chitin Bowlimb
tconstruct:bow_limb:0, Big Cat Claw Bowlimb
tconstruct:bow_limb:0, Shark Tooth Bowlimb
tconstruct:bow_limb:0, Ancient Silver Bowlimb
tconstruct:bow_limb:0, Cheese Bowlimb
tconstruct:bow_limb:0, Plague Metal Bowlimb
tconstruct:bow_string:0, Souled Bowstring
tconstruct:bow_string:0, String Bowstring
tconstruct:bow_string:0, Slimevine Bowstring
tconstruct:bow_string:0, Slimevine Bowstring
tconstruct:bow_string:0, Vines Bowstring
tconstruct:bow_string:0, Curseweave Fabric Bowstring
tconstruct:bow_string:0, Hyphae Bowstring
tconstruct:bow_string:0, String Cheese Bowstring
tconstruct:arrow_head:0, Naga Scale Arrow Head
tconstruct:arrow_head:0, Steeleaf Arrow Head
tconstruct:arrow_head:0, Fiery Arrow Head
tconstruct:arrow_head:0, Knightly Arrow Head
tconstruct:arrow_head:0, Thallasium Arrow Head
tconstruct:arrow_head:0, Terminite Arrow Head
tconstruct:arrow_head:0, Aeternium Arrow Head
tconstruct:arrow_head:0, Electrical Arrow Head
tconstruct:arrow_head:0, Energetic Arrow Head
tconstruct:arrow_head:0, Vibrant Arrow Head
tconstruct:arrow_head:0, Red Arrow Head
tconstruct:arrow_head:0, Conductive Arrow Head
tconstruct:arrow_head:0, Pulsating Arrow Head
tconstruct:arrow_head:0, Dark Arrow Head
tconstruct:arrow_head:0, Souled Arrow Head
tconstruct:arrow_head:0, Arrow Head of the End
tconstruct:arrow_head:0, Fake-Iron Arrow Head
tconstruct:arrow_head:0, Wooden Arrow Head
tconstruct:arrow_head:0, Stone Arrow Head
tconstruct:arrow_head:0, Flint Arrow Head
tconstruct:arrow_head:0, Cactus Arrow Head
tconstruct:arrow_head:0, Bone Arrow Head
tconstruct:arrow_head:0, Obsidian Arrow Head
tconstruct:arrow_head:0, Prismarine Arrow Head
tconstruct:arrow_head:0, End Arrow Head
tconstruct:arrow_head:0, Paper Arrow Head
tconstruct:arrow_head:0, Sponge Arrow Head
tconstruct:arrow_head:0, Firewood Arrow Head
tconstruct:arrow_head:0, Iron Arrow Head
tconstruct:arrow_head:0, Pig Iron Arrow Head
tconstruct:arrow_head:0, Knightslime Arrow Head
tconstruct:arrow_head:0, Slime Arrow Head
tconstruct:arrow_head:0, Slime Arrow Head
tconstruct:arrow_head:0, Magma Slime Arrow Head
tconstruct:arrow_head:0, Netherrack Arrow Head
tconstruct:arrow_head:0, Cobalt Arrow Head
tconstruct:arrow_head:0, Ardite Arrow Head
tconstruct:arrow_head:0, Manyullyn Arrow Head
tconstruct:arrow_head:0, Copper Arrow Head
tconstruct:arrow_head:0, Bronze Arrow Head
tconstruct:arrow_head:0, Lead Arrow Head
tconstruct:arrow_head:0, Silver Arrow Head
tconstruct:arrow_head:0, Electrum Arrow Head
tconstruct:arrow_head:0, Steel Arrow Head
tconstruct:arrow_head:0, Magical Wooden Arrow Head
tconstruct:arrow_head:0, Evil Infused Arrow Head
tconstruct:arrow_head:0, Enchanted Arrow Head
tconstruct:arrow_head:0, Demonic Arrow Head
tconstruct:arrow_head:0, Molten Meat Arrow Head
tconstruct:arrow_head:0, Chitin Arrow Head
tconstruct:arrow_head:0, Vespa Carapace Arrow Head
tconstruct:arrow_head:0, Scythe Claw Arrow Head
tconstruct:arrow_head:0, Ectoplasm Arrow Head
tconstruct:arrow_head:0, Holy Sludge Arrow Head
tconstruct:arrow_head:0, Ancient Amber Arrow Head
tconstruct:arrow_head:0, Ancient Metal Arrow Head
tconstruct:arrow_head:0, Tar Arrow Head
tconstruct:arrow_head:0, Dark Chitin Arrow Head
tconstruct:arrow_head:0, Earth Chitin Arrow Head
tconstruct:arrow_head:0, Fire Chitin Arrow Head
tconstruct:arrow_head:0, Frost Chitin Arrow Head
tconstruct:arrow_head:0, Undead Chitin Arrow Head
tconstruct:arrow_head:0, Big Cat Claw Arrow Head
tconstruct:arrow_head:0, Shark Tooth Arrow Head
tconstruct:arrow_head:0, Ancient Silver Arrow Head
tconstruct:arrow_head:0, Cheese Arrow Head
tconstruct:arrow_head:0, Plague Metal Arrow Head
tconstruct:arrow_shaft:0, Naga Scale Arrow Shaft
tconstruct:arrow_shaft:0, Steeleaf Arrow Shaft
tconstruct:arrow_shaft:0, Fiery Arrow Shaft
tconstruct:arrow_shaft:0, Wooden Arrow Shaft
tconstruct:arrow_shaft:0, Bone Arrow Shaft
tconstruct:arrow_shaft:0, Blazerod Arrow Shaft
tconstruct:arrow_shaft:0, Reeds Arrow Shaft
tconstruct:arrow_shaft:0, Ice Arrow Shaft
tconstruct:arrow_shaft:0, Endrod Arrow Shaft
tconstruct:arrow_shaft:0, Mossy Stick Arrow Shaft
tconstruct:arrow_shaft:0, Cactus Thorn Arrow Shaft
tconstruct:arrow_shaft:0, Poison Stinger Arrow Shaft
tconstruct:fletching:0, Steeleaf Fletching
tconstruct:fletching:0, Raven Feather Fletching
tconstruct:fletching:0, Feather Fletching
tconstruct:fletching:0, Slimeleaf Fletching
tconstruct:fletching:0, Slimeleaf Fletching
tconstruct:fletching:0, Slimeleaf Fletching
tconstruct:fletching:0, Leaf Fletching
tconstruct:fletching:0, Black Feather Fletching
tconstruct:bolt_core:0, Naga Scale-Iron Bolt Core
tconstruct:bolt_core:0, Steeleaf-Iron Bolt Core
tconstruct:bolt_core:0, Fiery-Iron Bolt Core
tconstruct:bolt_core:0, Wood-Iron Bolt Core
tconstruct:bolt_core:0, Bone-Iron Bolt Core
tconstruct:bolt_core:0, Blazerod-Iron Bolt Core
tconstruct:bolt_core:0, Reeds-Iron Bolt Core
tconstruct:bolt_core:0, Ice-Iron Bolt Core
tconstruct:bolt_core:0, Endrod-Iron Bolt Core
tconstruct:bolt_core:0, Mossy Stick-Iron Bolt Core
tconstruct:bolt_core:0, Cactus Thorn-Iron Bolt Core
tconstruct:bolt_core:0, Poison Stinger-Iron Bolt Core
tconstruct:tooltables:0, Crafting Station
tconstruct:tooltables:1, Stencil Table
tconstruct:tooltables:1, Stencil Table
tconstruct:tooltables:1, Stencil Table
tconstruct:tooltables:1, Stencil Table
tconstruct:tooltables:1, Stencil Table
tconstruct:tooltables:1, Stencil Table
tconstruct:tooltables:1, Stencil Table
tconstruct:tooltables:1, Stencil Table
tconstruct:tooltables:1, Stencil Table
tconstruct:tooltables:1, Stencil Table
tconstruct:tooltables:1, Stencil Table
tconstruct:tooltables:1, Stencil Table
tconstruct:tooltables:1, Stencil Table
tconstruct:tooltables:1, Stencil Table
tconstruct:tooltables:1, Stencil Table
tconstruct:tooltables:1, Stencil Table
tconstruct:tooltables:1, Stencil Table
tconstruct:tooltables:1, Stencil Table
tconstruct:tooltables:1, Stencil Table
tconstruct:tooltables:1, Stencil Table
tconstruct:tooltables:1, Stencil Table
tconstruct:tooltables:1, Stencil Table
tconstruct:tooltables:1, Stencil Table
tconstruct:tooltables:1, Stencil Table
tconstruct:tooltables:1, Stencil Table
tconstruct:tooltables:1, Stencil Table
tconstruct:tooltables:1, Stencil Table
tconstruct:tooltables:1, Stencil Table
tconstruct:tooltables:1, Stencil Table
tconstruct:tooltables:1, Stencil Table
tconstruct:tooltables:1, Stencil Table
tconstruct:tooltables:1, Stencil Table
tconstruct:tooltables:1, Stencil Table
tconstruct:tooltables:1, Stencil Table
tconstruct:tooltables:1, Stencil Table
tconstruct:tooltables:4, Pattern Chest
tconstruct:tooltables:2, Part Builder
tconstruct:tooltables:2, Part Builder
tconstruct:tooltables:2, Part Builder
tconstruct:tooltables:2, Part Builder
tconstruct:tooltables:2, Part Builder
tconstruct:tooltables:2, Part Builder
tconstruct:tooltables:2, Part Builder
tconstruct:tooltables:2, Part Builder
tconstruct:tooltables:2, Part Builder
tconstruct:tooltables:2, Part Builder
tconstruct:tooltables:2, Part Builder
tconstruct:tooltables:2, Part Builder
tconstruct:tooltables:2, Part Builder
tconstruct:tooltables:2, Part Builder
tconstruct:tooltables:2, Part Builder
tconstruct:tooltables:2, Part Builder
tconstruct:tooltables:2, Part Builder
tconstruct:tooltables:2, Part Builder
tconstruct:tooltables:2, Part Builder
tconstruct:tooltables:2, Part Builder
tconstruct:tooltables:2, Part Builder
tconstruct:tooltables:2, Part Builder
tconstruct:tooltables:2, Part Builder
tconstruct:tooltables:2, Part Builder
tconstruct:tooltables:2, Part Builder
tconstruct:tooltables:2, Part Builder
tconstruct:tooltables:2, Part Builder
tconstruct:tooltables:2, Part Builder
tconstruct:tooltables:2, Part Builder
tconstruct:tooltables:2, Part Builder
tconstruct:tooltables:2, Part Builder
tconstruct:tooltables:2, Part Builder
tconstruct:tooltables:5, Part Chest
tconstruct:tooltables:3, Tool Station
tconstruct:toolforge:0, Tool Forge
tconstruct:toolforge:0, Tool Forge
tconstruct:toolforge:0, Tool Forge
tconstruct:toolforge:0, Tool Forge
tconstruct:toolforge:0, Tool Forge
tconstruct:toolforge:0, Tool Forge
tconstruct:toolforge:0, Tool Forge
tconstruct:toolforge:0, Tool Forge
tconstruct:toolforge:0, Tool Forge
tconstruct:toolforge:0, Tool Forge
tconstruct:toolforge:0, Tool Forge
tconstruct:toolforge:0, Tool Forge
tconstruct:toolforge:0, Tool Forge
tconstruct:toolforge:0, Tool Forge
tconstruct:toolforge:0, Tool Forge
tconstruct:toolforge:0, Tool Forge
tconstruct:toolforge:0, Tool Forge
tconstruct:toolforge:0, Tool Forge
tconstruct:toolforge:0, Tool Forge
tconstruct:toolforge:0, Tool Forge
tconstruct:toolforge:0, Tool Forge
tconstruct:toolforge:0, Tool Forge
tconstruct:toolforge:0, Tool Forge
tconstruct:toolforge:0, Tool Forge
tconstruct:toolforge:0, Tool Forge
tconstruct:toolforge:0, Tool Forge
tconstruct:toolforge:0, Tool Forge
tconstruct:toolforge:0, Tool Forge
tconstruct:toolforge:0, Tool Forge
tconstruct:pickaxe, Pickaxe
tconstruct:shovel, Shovel
tconstruct:hatchet, Hatchet
tconstruct:mattock, Mattock
tconstruct:kama, Kama
tconstruct:hammer, Hammer
tconstruct:excavator, Excavator
tconstruct:lumberaxe, Lumberaxe
tconstruct:scythe, Scythe
tconstruct:broadsword, Broadsword
tconstruct:longsword, Longsword
tconstruct:rapier, Rapier
tconstruct:frypan, Frypan
tconstruct:battlesign, Battlesign
tconstruct:cleaver, Cleaver
tconstruct:shortbow, Shortbow
tconstruct:longbow, Longbow
tconstruct:crossbow, Crossbow
tconstruct:arrow, Arrow
tconstruct:bolt, Bolt
tconstruct:shuriken, Shuriken
tconstruct:seared:0, Seared Stone
tconstruct:seared:1, Seared Cobblestone
tconstruct:seared:2, Seared Paver
tconstruct:seared:3, Seared Bricks
tconstruct:seared:4, Cracked Seared Bricks
tconstruct:seared:5, Fancy Seared Bricks
tconstruct:seared:6, Square Seared Bricks
tconstruct:seared:7, Seared Road
tconstruct:seared:8, Seared Creeperface
tconstruct:seared:9, Triangle Seared Bricks
tconstruct:seared:10, Small Seared Bricks
tconstruct:seared:11, Seared Tiles
tconstruct:smeltery_controller:0, Smeltery Controller
tconstruct:seared_tank:0, Seared Tank
tconstruct:seared_tank:1, Seared Gauge
tconstruct:seared_tank:2, Seared Window
tconstruct:faucet:0, Seared Faucet
tconstruct:channel:0, Casting Channel
tconstruct:casting:0, Casting Table
tconstruct:casting:1, Casting Basin
tconstruct:smeltery_io:0, Seared Drain
tconstruct:seared_glass:0, Seared Glass
tconstruct:seared_furnace_controller:0, Seared Furnace Controller
tconstruct:tinker_tank_controller:0, Tinker Tank Controller
tconstruct:seared_slab:0, Seared Stone Slab
tconstruct:seared_slab:1, Seared Cobblestone Slab
tconstruct:seared_slab:2, Seared Paver Slab
tconstruct:seared_slab:3, Seared Bricks Slab
tconstruct:seared_slab:4, Cracked Seared Bricks Slab
tconstruct:seared_slab:5, Fancy Seared Bricks Slab
tconstruct:seared_slab:6, Square Seared Bricks Slab
tconstruct:seared_slab:7, Seared Road Slab
tconstruct:seared_slab2:0, Seared Creeperface Slab
tconstruct:seared_slab2:1, Triangle Seared Bricks Slab
tconstruct:seared_slab2:2, Small Seared Bricks Slab
tconstruct:seared_slab2:3, Seared Tile Slab
tconstruct:seared_stairs_stone:0, Seared Stone Stairs
tconstruct:seared_stairs_cobble:0, Seared Cobblestone Stairs
tconstruct:seared_stairs_paver:0, Seared Paver Stairs
tconstruct:seared_stairs_brick:0, Seared Bricks Stairs
tconstruct:seared_stairs_brick_cracked:0, Cracked Seared Bricks Stairs
tconstruct:seared_stairs_brick_fancy:0, Fancy Seared Bricks Stairs
tconstruct:seared_stairs_brick_square:0, Square Seared Bricks Stairs
tconstruct:seared_stairs_brick_triangle:0, Triangle Seared Bricks Stairs
tconstruct:seared_stairs_brick_small:0, Small Seared Bricks Stairs
tconstruct:seared_stairs_road:0, Seared Road Stairs
tconstruct:seared_stairs_tile:0, Seared Tile Stairs
tconstruct:seared_stairs_creeper:0, Seared Creeperface Stairs
tconstruct:cast:0, Blank Cast
tconstruct:cast:0, Arrow Head Cast
tconstruct:cast:0, Pan Cast
tconstruct:cast:0, Wide Guard Cast
tconstruct:cast:0, Cross Guard Cast
tconstruct:cast:0, Tough Binding Cast
tconstruct:cast:0, Binding Cast
tconstruct:cast:0, Bowlimb Cast
tconstruct:cast:0, Tool Rod Cast
tconstruct:cast:0, Sign Plate Cast
tconstruct:cast:0, Hand Guard Cast
tconstruct:cast:0, Arrow Shaft Cast
tconstruct:cast:0, Bowstring Cast
tconstruct:cast:0, Kama Head Cast
tconstruct:cast:0, Excavator Head Cast
tconstruct:cast:0, Large Plate Cast
tconstruct:cast:0, Tough Tool Rod Cast
tconstruct:cast:0, Sword Blade Cast
tconstruct:cast:0, Shard Cast
tconstruct:cast:0, Pickaxe Head Cast
tconstruct:cast:0, Axe Head Cast
tconstruct:cast:0, Knife Blade Cast
tconstruct:cast:0, Hammer Head Cast
tconstruct:cast:0, Shovel Head Cast
tconstruct:cast:0, Sharpening Kit Cast
tconstruct:cast:0, Scythe Head Cast
tconstruct:cast:0, Large Sword Blade Cast
tconstruct:cast:0, Broad Axe Head Cast
tconstruct:cast_custom:0, Ingot Cast
tconstruct:cast_custom:1, Nugget Cast
tconstruct:cast_custom:2, Gem Cast
tconstruct:cast_custom:3, Plate Cast
tconstruct:cast_custom:4, Gear Cast
tconstruct:clay_cast:0, item.tconstruct.clay_cast.blank
tconstruct:clay_cast:0, Arrow Head Clay Cast
tconstruct:clay_cast:0, Pan Clay Cast
tconstruct:clay_cast:0, Wide Guard Clay Cast
tconstruct:clay_cast:0, Cross Guard Clay Cast
tconstruct:clay_cast:0, Tough Binding Clay Cast
tconstruct:clay_cast:0, Binding Clay Cast
tconstruct:clay_cast:0, Bowlimb Clay Cast
tconstruct:clay_cast:0, Tool Rod Clay Cast
tconstruct:clay_cast:0, Sign Plate Clay Cast
tconstruct:clay_cast:0, Hand Guard Clay Cast
tconstruct:clay_cast:0, Arrow Shaft Clay Cast
tconstruct:clay_cast:0, Bowstring Clay Cast
tconstruct:clay_cast:0, Kama Head Clay Cast
tconstruct:clay_cast:0, Excavator Head Clay Cast
tconstruct:clay_cast:0, Large Plate Clay Cast
tconstruct:clay_cast:0, Tough Tool Rod Clay Cast
tconstruct:clay_cast:0, Sword Blade Clay Cast
tconstruct:clay_cast:0, Shard Clay Cast
tconstruct:clay_cast:0, Pickaxe Head Clay Cast
tconstruct:clay_cast:0, Axe Head Clay Cast
tconstruct:clay_cast:0, Knife Blade Clay Cast
tconstruct:clay_cast:0, Hammer Head Clay Cast
tconstruct:clay_cast:0, Shovel Head Clay Cast
tconstruct:clay_cast:0, Sharpening Kit Clay Cast
tconstruct:clay_cast:0, Scythe Head Clay Cast
tconstruct:clay_cast:0, Large Sword Blade Clay Cast
tconstruct:clay_cast:0, Broad Axe Head Clay Cast
tconstruct:stone_torch:0, Stone Torch
tconstruct:stone_ladder:0, Stone Ladder
tconstruct:punji:0, Punji Sticks
tconstruct:rack:0, Item Rack
tconstruct:rack:1, Drying Rack
tconstruct:wood_rail:0, Wooden Rail
tconstruct:wood_rail_trapdoor:0, Wooden Rail with a Trapdoor
tconstruct:wooden_hopper:0, Wooden Hopper
tconstruct:slime_channel:0, Slime Channel
tconstruct:slime_channel:1, Slime Channel
tconstruct:slime_channel:2, Slime Channel
tconstruct:slime_channel:3, Blood Channel
tconstruct:slime_channel:4, Slime Channel
tconstruct:dried_clay:0, Dried Clay
tconstruct:dried_clay:1, Dried Bricks
tconstruct:dried_clay_slab:0, Dried Clay Slab
tconstruct:dried_clay_slab:1, Dried Bricks Slab
tconstruct:dried_clay_stairs:0, Dried Clay Stairs
tconstruct:dried_brick_stairs:0, Dried Bricks Stairs
tconstruct:brownstone:0, Smooth Brownstone
tconstruct:brownstone:1, Rough Brownstone
tconstruct:brownstone:2, Brownstone Paver
tconstruct:brownstone:3, Brownstone Bricks
tconstruct:brownstone:4, Cracked Brownstone Bricks
tconstruct:brownstone:5, Fancy Brownstone Bricks
tconstruct:brownstone:6, Square Brownstone Bricks
tconstruct:brownstone:7, Brownstone Road
tconstruct:brownstone:8, Brownstone Creeperface
tconstruct:brownstone:9, Triangle Brownstone Bricks
tconstruct:brownstone:10, Small Brownstone Bricks
tconstruct:brownstone:11, Brownstone Tiles
tconstruct:brownstone_slab:0, Smooth Brownstone Slab
tconstruct:brownstone_slab:1, Rough Brownstone Slab
tconstruct:brownstone_slab:2, Brownstone Paver Slab
tconstruct:brownstone_slab:3, Brownstone Bricks Slab
tconstruct:brownstone_slab:4, Cracked Brownstone Bricks Slab
tconstruct:brownstone_slab:5, Fancy Brownstone Bricks Slab
tconstruct:brownstone_slab:6, Square Brownstone Bricks Slab
tconstruct:brownstone_slab:7, Brownstone Road Slab
tconstruct:brownstone_slab2:0, Brownstone Creeperface Slab
tconstruct:brownstone_slab2:1, Triangle Brownstone Bricks Slab
tconstruct:brownstone_slab2:2, Small Brownstone Bricks Slab
tconstruct:brownstone_slab2:3, Brownstone Tile Slab
tconstruct:brownstone_stairs_smooth:0, Smooth Brownstone Stairs
tconstruct:brownstone_stairs_rough:0, Rough Brownstone Stairs
tconstruct:brownstone_stairs_paver:0, Brownstone Paver Stairs
tconstruct:brownstone_stairs_brick:0, Brownstone Bricks Stairs
tconstruct:brownstone_stairs_brick_cracked:0, Cracked Brownstone Bricks Stairs
tconstruct:brownstone_stairs_brick_fancy:0, Fancy Brownstone Bricks Stairs
tconstruct:brownstone_stairs_brick_square:0, Square Brownstone Bricks Stairs
tconstruct:brownstone_stairs_brick_triangle:0, Triangle Brownstone Bricks Stairs
tconstruct:brownstone_stairs_brick_small:0, Small Brownstone Bricks Stairs
tconstruct:brownstone_stairs_road:0, Brownstone Road Stairs
tconstruct:brownstone_stairs_tile:0, Brownstone Tile Stairs
tconstruct:brownstone_stairs_creeper:0, Brownstone Creeperface Stairs
tconstruct:slimesling:0, Slimesling
tconstruct:slimesling:1, Slimesling
tconstruct:slimesling:2, Slimesling
tconstruct:slimesling:3, Congealed Bloodsling
tconstruct:slimesling:4, Slimesling
tconstruct:slime_boots:0, Slime Boots
tconstruct:slime_boots:1, Slime Boots
tconstruct:slime_boots:2, Slime Boots
tconstruct:slime_boots:3, Congealed Blood Boots
tconstruct:slime_boots:4, Slime Boots
tconstruct:piggybackpack, Piggybackpack
tconstruct:throwball:0, Glowball
tconstruct:throwball:1, EFLN
tconstruct:stone_stick, Stone Rod
tconstruct:fancy_frame:0, Fancy Item Frame
tconstruct:fancy_frame:1, Aluminium Brass Item Frame
tconstruct:fancy_frame:2, Cobalt Item Frame
tconstruct:fancy_frame:3, Ardite Item Frame
tconstruct:fancy_frame:4, Manyullyn Item Frame
tconstruct:fancy_frame:5, Golden Item Frame
tconstruct:fancy_frame:6, Clear Item Frame
tconstruct:moms_spaghetti, Mom's Spaghetti
oe:guardian_spike, Guardian Spike
oe:sea_pickle, Sea Pickle
oe:turtle_egg, Turtle Egg
oe:coquina_brick_slab:0, Coquina Brick Slab
oe:palm_slab:0, Palm Slab
oe:palm_door, Palm Door
oe:pickled_head, Pickled Head
oe:blue_ice, Blue Ice
oe:coconut, Coconut
oe:conduit, Conduit
oe:coquina, Coquina
oe:coquina_brick, Coquina Brick
oe:coquina_brick_slab_double, Coquina Brick Slab
oe:coquina_brick_stairs, Coquina Brick Stairs
oe:coquina_brick_wall, Coquina Brick Wall
oe:stagnant, Stagnant
oe:dulse, Dulse
oe:dried_dulse_block, Dried Dulse Block
oe:blue_coral_block, Tube Coral Block
oe:pink_coral_block, Brain Coral Block
oe:purple_coral_block, Bubble Coral Block
oe:red_coral_block, Fire Coral Block
oe:yellow_coral_block, Horn Coral Block
oe:blue_coral_block_dead, Dead Tube Coral Block
oe:pink_coral_block_dead, Dead Brain Coral Block
oe:purple_coral_block_dead, Dead Bubble Coral Block
oe:red_coral_block_dead, Dead Fire Coral Block
oe:yellow_coral_block_dead, Dead Horn Coral Block
oe:blue_coral_fan, Tube Coral Fan
oe:pink_coral_fan, Brain Coral Fan
oe:purple_coral_fan, Bubble Coral Fan
oe:red_coral_fan, Fire Coral Fan
oe:yellow_coral_fan, Horn Coral Fan
oe:blue_coral_fan_dead, Dead Tube Coral Fan
oe:pink_coral_fan_dead, Dead Brain Coral Fan
oe:purple_coral_fan_dead, Dead Bubble Coral Fan
oe:red_coral_fan_dead, Dead Fire Coral Fan
oe:yellow_coral_fan_dead, Dead Horn Coral Fan
oe:blue_coral, Tube Coral
oe:pink_coral, Brain Coral
oe:purple_coral, Bubble Coral
oe:red_coral, Fire Coral
oe:yellow_coral, Horn Coral
oe:blue_coral_dead, Dead Tube Coral
oe:pink_coral_dead, Dead Brain Coral
oe:purple_coral_dead, Dead Bubble Coral
oe:red_coral_dead, Dead Fire Coral
oe:yellow_coral_dead, Dead Horn Coral
oe:kelp, Kelp
oe:dried_kelp_block, Dried Kelp Block
oe:palm_sapling, Palm Sapling
oe:palm_leaves, Palm Leaves
oe:palm_leaves_flowering, Flowering Palm Leaves
oe:palm_log, Palm Log
oe:palm_wood, Palm Wood
oe:palm_log_stripped, Stripped Palm Log
oe:palm_wood_stripped, Stripped Palm Wood
oe:palm_planks, Palm Planks
oe:palm_slab_double, Palm Slab
oe:palm_stairs, Palm Stairs
oe:palm_fence, Palm Fence
oe:palm_fence_gate, Palm Fence Gate
oe:prismarine_pot, Prismarine Pot
oe:nacre_block, Nacre Block
oe:nacre_smooth, Smooth Nacre Block
oe:blue_slime_block, Tropical Slime Block
oe:seagrass, Seagrass
oe:sea_oats, Sea Oats
oe:seastar, Sea Star
oe:shell_sand, Shelly Sand
oe:tube_sponge, Tube Sponge
oe:underwater_tnt, Underwater TNT
oe:underwater_torch, Underwater Torch
oe:turtle_helmet, Turtle Shell
oe:trident, Trident
oe:turtle_scute, Scute
oe:barnacle_shells, Barnacle Shells
oe:nautilus_shell, Nautilus Shell
oe:heart_of_the_sea, Heart of the Sea
oe:pearl, Pearl
oe:conch, Conch
oe:magic_conch, Magic Conch
oe:charm, Conduit Charm
oe:glow_ink_sac, Glow Ink Sac
oe:glow_item_frame, Glow Item Frame
oe:bleak, Bleak Mulch
oe:sponge_chunk, Sponge Chunk
oe:sponge_chunk_wet, Damp Sponge Chunk
oe:crab, Raw Crab
oe:cooked_crab, Cooked Crab
oe:crab_bisque, Crab Bisque
oe:crustacean_shell, Crustacean Shell
oe:lobster, Raw Lobster
oe:cooked_lobster, Cooked Lobster
oe:lobster_bisque, Lobster Bisque
oe:blue_slime_ball, Tropical Slimeball
oe:coconut_open, Cracked Coconut
oe:dried_kelp, Dried Kelp
oe:dried_dulse, Dried Dulse
oe:palm_boat, Palm Boat
oe:spawn_bucket, Bucket of %s
oe:heavy_boots, Heavy Boots
farmersdelight:cooking_pot, Cooking Pot
farmersdelight:cutting_board, Cutting Board
farmersdelight:basket, Basket
farmersdelight:carrot_crate, Carrot Crate
farmersdelight:potato_crate, Potato Crate
farmersdelight:beetroot_crate, Beetroot Crate
farmersdelight:cabbage_crate, Cabbage Crate
farmersdelight:tomato_crate, Tomato Crate
farmersdelight:onion_crate, Onion Crate
farmersdelight:rice_bale, Rice Bale
farmersdelight:rice_bag, Bag of Rice
farmersdelight:straw_bale, Straw Bale
farmersdelight:safety_net, Safety Net
farmersdelight:acacia_cabinet, Acacia Cabinet
farmersdelight:bamboo_cabinet, Bamboo Cabinet
farmersdelight:birch_cabinet, Birch Cabinet
farmersdelight:cherry_cabinet, Cherry Cabinet
farmersdelight:crimson_cabinet, Crimson Cabinet
farmersdelight:dark_oak_cabinet, Dark Oak Cabinet
farmersdelight:jungle_cabinet, Jungle Cabinet
farmersdelight:mangrove_cabinet, Mangrove Cabinet
farmersdelight:oak_cabinet, Oak Cabinet
farmersdelight:spruce_cabinet, Spruce Cabinet
farmersdelight:warped_cabinet, Warped Cabinet
farmersdelight:stove, Stove
farmersdelight:skillet, Skillet
farmersdelight:roast_chicken_block, Roast Chicken
farmersdelight:honey_glazed_ham_block, Honey Glazed Ham
farmersdelight:shepherds_pie_block, Shepherd's Pie
farmersdelight:stuffed_pumpkin_block, Stuffed Pumpkin
farmersdelight:rice_roll_medley_block, Rice Roll Medley
farmersdelight:organic_compost, Organic Compost
farmersdelight:rich_soil, Rich Soil
farmersdelight:rich_soil_farmland, Rich Soil Farmland
farmersdelight:apple_pie, Apple Pie
farmersdelight:sweet_berry_cheesecake, Sweet Berry Cheesecake
farmersdelight:chocolate_pie, Chocolate Pie
farmersdelight:sandy_shrub, Sandy Shrub
farmersdelight:wild_cabbages, Wild Cabbage
farmersdelight:wild_onions, Wild Onion
farmersdelight:wild_tomatoes, Tomato Shrub
farmersdelight:wild_carrots, Wild Carrot
farmersdelight:wild_potatoes, Wild Potato
farmersdelight:wild_beetroots, Sea Beet
farmersdelight:wild_rice, Wild Rice
farmersdelight:brown_mushroom_colony, Brown Mushroom Colony
farmersdelight:red_mushroom_colony, Red Mushroom Colony
farmersdelight:rope, Rope
farmersdelight:canvas_rug, Canvas Rug
farmersdelight:tatami, Tatami Block
farmersdelight:full_tatami_mat, Full Tatami Mat
farmersdelight:half_tatami_mat, Half Tatami Mat
farmersdelight:canvas_sign, Canvas Sign
farmersdelight:hanging_canvas_sign, Hanging Canvas Sign
farmersdelight:white_canvas_sign, White Canvas Sign
farmersdelight:white_hanging_canvas_sign, White Hanging Canvas Sign
farmersdelight:orange_canvas_sign, Orange Canvas Sign
farmersdelight:orange_hanging_canvas_sign, Orange Hanging Canvas Sign
farmersdelight:magenta_canvas_sign, Magenta Canvas Sign
farmersdelight:magenta_hanging_canvas_sign, Magenta Hanging Canvas Sign
farmersdelight:light_blue_canvas_sign, Light Blue Canvas Sign
farmersdelight:light_blue_hanging_canvas_sign, Light Blue Hanging Canvas Sign
farmersdelight:yellow_canvas_sign, Yellow Canvas Sign
farmersdelight:yellow_hanging_canvas_sign, Yellow Hanging Canvas Sign
farmersdelight:lime_canvas_sign, Lime Canvas Sign
farmersdelight:lime_hanging_canvas_sign, Lime Hanging Canvas Sign
farmersdelight:pink_canvas_sign, Pink Canvas Sign
farmersdelight:pink_hanging_canvas_sign, Pink Hanging Canvas Sign
farmersdelight:gray_canvas_sign, Gray Canvas Sign
farmersdelight:gray_hanging_canvas_sign, Gray Hanging Canvas Sign
farmersdelight:light_gray_canvas_sign, Light Gray Canvas Sign
farmersdelight:light_gray_hanging_canvas_sign, Light Gray Hanging Canvas Sign
farmersdelight:cyan_canvas_sign, Cyan Canvas Sign
farmersdelight:cyan_hanging_canvas_sign, Cyan Hanging Canvas Sign
farmersdelight:purple_canvas_sign, Purple Canvas Sign
farmersdelight:purple_hanging_canvas_sign, Purple Hanging Canvas Sign
farmersdelight:blue_canvas_sign, Blue Canvas Sign
farmersdelight:blue_hanging_canvas_sign, Blue Hanging Canvas Sign
farmersdelight:brown_canvas_sign, Brown Canvas Sign
farmersdelight:brown_hanging_canvas_sign, Brown Hanging Canvas Sign
farmersdelight:green_canvas_sign, Green Canvas Sign
farmersdelight:green_hanging_canvas_sign, Green Hanging Canvas Sign
farmersdelight:red_canvas_sign, Red Canvas Sign
farmersdelight:red_hanging_canvas_sign, Red Hanging Canvas Sign
farmersdelight:black_canvas_sign, Black Canvas Sign
farmersdelight:black_hanging_canvas_sign, Black Hanging Canvas Sign
farmersdelight:tomato, Tomato
farmersdelight:tomato_seeds, Tomato Seeds
farmersdelight:cabbage_seeds, Cabbage Seeds
farmersdelight:onion, Onion
farmersdelight:rice, Rice
farmersdelight:rice_panicle, Rice Panicle
farmersdelight:cabbage, Cabbage
farmersdelight:apple_cider, Apple Cider
farmersdelight:fried_egg, Fried Egg
farmersdelight:wheat_dough, Wheat Dough
farmersdelight:raw_pasta, Raw Pasta
farmersdelight:pie_crust, Pie Crust
farmersdelight:pumpkin_slice, Pumpkin Slice
farmersdelight:cabbage_leaf, Cabbage Leaf
farmersdelight:minced_beef, Minced Beef
farmersdelight:beef_patty, Beef Patty
farmersdelight:chicken_cuts, Raw Chicken Cuts
farmersdelight:cooked_chicken_cuts, Cooked Chicken Cuts
farmersdelight:bacon, Raw Bacon
farmersdelight:cooked_bacon, Cooked Bacon
farmersdelight:cod_slice, Raw Cod Slice
farmersdelight:cooked_cod_slice, Cooked Cod Slice
farmersdelight:salmon_slice, Raw Salmon Slice
farmersdelight:cooked_salmon_slice, Cooked Salmon Slice
farmersdelight:mutton_chops, Raw Mutton Chops
farmersdelight:cooked_mutton_chops, Cooked Mutton Chops
farmersdelight:ham, Ham
farmersdelight:smoked_ham, Smoked Ham
farmersdelight:sweet_berry_cookie, Sweet Berry Cookie
farmersdelight:honey_cookie, Honey Cookie
farmersdelight:melon_popsicle, Melon Popsicle
farmersdelight:cake_slice, Slice of Cake
farmersdelight:apple_pie_slice, Slice of Apple Pie
farmersdelight:sweet_berry_cheesecake_slice, Slice of Sweet Berry Cheesecake
farmersdelight:chocolate_pie_slice, Slice of Chocolate Pie
farmersdelight:pumpkin_pie_slice, Slice of Pumpkin Pie
farmersdelight:fruit_salad, Fruit Salad
farmersdelight:glow_berry_custard, Glow Berry Custard
farmersdelight:mixed_salad, Mixed Salad
farmersdelight:nether_salad, Nether Salad
farmersdelight:barbecue_stick, Barbecue on a Stick
farmersdelight:egg_sandwich, Egg Sandwich
farmersdelight:chicken_sandwich, Chicken Sandwich
farmersdelight:hamburger, Hamburger
farmersdelight:bacon_sandwich, Bacon Sandwich
farmersdelight:mutton_wrap, Mutton Wrap
farmersdelight:dumplings, Dumplings
farmersdelight:stuffed_potato, Stuffed Potato
farmersdelight:cabbage_rolls, Cabbage Rolls
farmersdelight:salmon_roll, Salmon Roll
farmersdelight:cod_roll, Cod Roll
farmersdelight:kelp_roll, Kelp Roll
farmersdelight:kelp_roll_slice, Kelp Roll Slice
farmersdelight:cooked_rice, Cooked Rice
farmersdelight:bone_broth, Bone Broth
farmersdelight:beef_stew, Beef Stew
farmersdelight:vegetable_soup, Vegetable Soup
farmersdelight:fish_stew, Fish Stew
farmersdelight:chicken_soup, Chicken Soup
farmersdelight:fried_rice, Fried Rice
farmersdelight:pumpkin_soup, Pumpkin Soup
farmersdelight:baked_cod_stew, Baked Cod Stew
farmersdelight:noodle_soup, Noodle Soup
farmersdelight:bacon_and_eggs, Bacon and Eggs
farmersdelight:ratatouille, Ratatouille
farmersdelight:steak_and_potatoes, Steak and Potatoes
farmersdelight:pasta_with_meatballs, Pasta with Meatballs
farmersdelight:pasta_with_mutton_chop, Pasta with Mutton Chop
farmersdelight:mushroom_rice, Mushroom Rice
farmersdelight:grilled_salmon, Grilled Salmon
farmersdelight:roasted_mutton_chops, Roasted Mutton Chops
farmersdelight:vegetable_noodles, Vegetable Noodles
farmersdelight:squid_ink_pasta, Squid Ink Pasta
farmersdelight:roast_chicken, Plate of Roast Chicken
farmersdelight:stuffed_pumpkin, Bowl of Stuffed Pumpkin
farmersdelight:honey_glazed_ham, Plate of Honey Glazed Ham
farmersdelight:shepherds_pie, Plate of Shepherd's Pie
farmersdelight:milk_bottle, Milk Bottle
farmersdelight:hot_cocoa, Hot Cocoa
farmersdelight:melon_juice, Melon Juice
farmersdelight:tomato_sauce, Tomato Sauce
farmersdelight:rotten_tomato, Rotten Tomato
farmersdelight:dog_food, Dog Food
farmersdelight:horse_feed, Horse Feed
farmersdelight:flint_knife, Flint Knife
farmersdelight:iron_knife, Iron Knife
farmersdelight:golden_knife, Golden Knife
farmersdelight:diamond_knife, Diamond Knife
farmersdelight:netherite_knife, Netherite Knife
farmersdelight:canvas, Canvas
farmersdelight:straw, Straw
farmersdelight:tree_bark, Tree Bark
futuremc:dye:0, White Dye
futuremc:dye:1, Blue Dye
futuremc:dye:2, Brown Dye
futuremc:dye:3, Black Dye
futuremc:banner_pattern:0, Banner Pattern
futuremc:banner_pattern:1, Banner Pattern
futuremc:banner_pattern:2, Banner Pattern
futuremc:banner_pattern:3, Banner Pattern
futuremc:banner_pattern:4, Banner Pattern
futuremc:banner_pattern:5, Banner Pattern
futuremc:honeycomb, Honeycomb
futuremc:honey_bottle, Honey Bottle
futuremc:sweet_berries, Sweet Berries
futuremc:suspicious_stew, Suspicious Stew
futuremc:bamboo, Bamboo
futuremc:lantern, Lantern
futuremc:stonecutter, Stonecutter
futuremc:barrel, Barrel
futuremc:smoker, Smoker
futuremc:blast_furnace, Blast Furnace
futuremc:loom, Loom
futuremc:fletching_table, Fletching Table
futuremc:smithing_table, Smithing Table
futuremc:cartography_table, Cartography Table
futuremc:grindstone, Grindstone
futuremc:composter, Composter
futuremc:bell, Bell
futuremc:honey_block, Honey Block
futuremc:honeycomb_block, Honeycomb Block
futuremc:lily_of_the_valley, Lily of the Valley
futuremc:cornflower, Cornflower
futuremc:wither_rose, Wither Rose
futuremc:campfire, Campfire
futuremc:scaffolding, Scaffolding
futuremc:bee_nest, Bee Nest
futuremc:beehive, Bee Hive
futuremc:brick_wall, Brick Wall
futuremc:granite_wall, Granite Wall
futuremc:andesite_wall, Andesite Wall
futuremc:diorite_wall, Diorite Wall
futuremc:sandstone_wall, Sandstone Wall
futuremc:red_sandstone_wall, Red Sandstone Wall
futuremc:stone_brick_wall, Stone Brick Wall
futuremc:mossy_stone_brick_wall, Mossy Stone Brick Wall
futuremc:nether_brick_wall, Nether Brick Wall
futuremc:red_nether_brick_wall, Red Nether Brick Wall
futuremc:end_stone_brick_wall, End Stone Brick Wall
futuremc:prismarine_wall, Prismarine Wall
futuremc:smooth_stone, Smooth Stone
futuremc:smooth_sandstone, Smooth Sandstone
futuremc:smooth_quartz, Smooth Quartz
futuremc:smooth_red_sandstone, Smooth Red Sandstone
futuremc:acacia_trapdoor, Acacia Trapdoor
futuremc:jungle_trapdoor, Jungle Trapdoor
futuremc:birch_trapdoor, Birch Trapdoor
futuremc:spruce_trapdoor, Spruce Trapdoor
futuremc:dark_oak_trapdoor, Dark Oak Trapdoor
futuremc:soul_fire_lantern, Soul Lantern
futuremc:soul_fire_torch, Soul Torch
futuremc:soul_soil, Soul Soil
futuremc:netherite_ingot, Netherite Ingot
futuremc:netherite_scrap, Netherite Scrap
futuremc:netherite_axe, Netherite Axe
futuremc:netherite_hoe, Netherite Hoe
futuremc:netherite_pickaxe, Netherite Pickaxe
futuremc:netherite_shovel, Netherite Shovel
futuremc:netherite_sword, Netherite Sword
futuremc:netherite_helmet, Netherite Helmet
futuremc:netherite_chestplate, Netherite Chestplate
futuremc:netherite_leggings, Netherite Leggings
futuremc:netherite_boots, Netherite Boots
futuremc:chain, Chain
futuremc:netherite_block, Block of Netherite
futuremc:ancient_debris, Ancient Debris
futuremc:record_pigstep, Music Disc
futuremc:record_otherside, Music Disc
ends_delight:ender_pearl_grain, Ender Pearl Grain
ends_delight:chorus_fruit_grain, Chorus Fruit Grain
ends_delight:chorus_cookie, Chorus Cookie
ends_delight:chorus_fruit_popsicle, Chorus Fruit Popsicle
ends_delight:chorus_fruit_pie_slice, Slice of Chorus Fruit Pie
ends_delight:chorus_flower_tea, Chorus Flower Tea
ends_delight:chorus_fruit_wine, Chorus Fruit Wine
ends_delight:chorus_fruit_milk_tea, Chorus Fruit Milk Tea
ends_delight:bubble_tea, Bubble Tea
ends_delight:dragon_breath_soda, Dragon's Breath Soda
ends_delight:stuffed_rice_cake, Stuffed Rice Cake
ends_delight:chorus_sauce, Chorus Sauce
ends_delight:chorus_flower_pie, Chorus Flower Pie
ends_delight:dried_chorus_flower, Dried Chorus Flower
ends_delight:dragon_tooth, Dragon Tooth
ends_delight:end_stone_knife, End Stone Knife
ends_delight:purpur_knife, Purpur Knife
ends_delight:non_hatchable_dragon_egg, Non Hatchable Dragon Egg
ends_delight:half_dragon_egg_shell, Dragon Egg Shell
ends_delight:dragon_egg_shell_knife, Dragon Egg Shell Knife
ends_delight:dragon_tooth_knife, Dragon Tooth Knife
ends_delight:liquid_dragon_egg, Liquid Dragon Egg
ends_delight:fried_dragon_egg, Fried Dragon Egg
ends_delight:end_mixed_salad, End Mixed Salad
ends_delight:shulker_meat, Shulker Meat
ends_delight:shulker_meat_slice, Shulker Meat Slice
ends_delight:roasted_shulker_meat, Roasted Shulker Meat
ends_delight:roasted_shulker_meat_slice, Roasted Shulker Meat Slice
ends_delight:raw_ender_mite_meat, Raw Endermite Meat
ends_delight:dried_endermite_meat, Dried Endermite Meat
ends_delight:raw_dragon_meat, Raw Dragon Meat
ends_delight:roasted_dragon_meat, Roasted Dragon Meat
ends_delight:raw_dragon_meat_cuts, Raw Dragon Meat Cuts
ends_delight:roasted_dragon_meat_cuts, Roasted Dragon Meat Cuts
ends_delight:dragon_leg, Dragon Leg
ends_delight:smoked_dragon_leg, Smoked Dragon Leg
ends_delight:enderman_gristle, Enderman Gristle
ends_delight:raw_ender_sausage, Raw Ender Sausage
ends_delight:ender_sausage, Ender Sausage
ends_delight:shulker_omelette_mixture, Shulker Omelette Mixture
ends_delight:shulker_omelette, Shulker Omelette
ends_delight:stir_fried_shulker_meat, Stir Fried Shulker Meat
ends_delight:end_barbecue_stick, End Barbecue Stick
ends_delight:ender_congee, Ender Congee
ends_delight:shulker_soup, Shulker Soup
ends_delight:ender_noodle, Ender Noodle
ends_delight:roasted_dragon_steak, Roasted Dragon Steak
ends_delight:assorted_salad, Assorted Salad
ends_delight:ender_bamboo_rice, Ender Bamboo Rice
ends_delight:dragon_breath_and_chorus_soup, Dragon's Breath and Chorus Soup
ends_delight:enderman_gristle_stew, Enderman Gristle Stew
ends_delight:dragon_leg_with_sauce, Plate of Dragon Leg with Sauce
ends_delight:steamed_dragon_egg, Bowl of Steamed Dragon Egg
ends_delight:dragon_meat_stew, Bowl of Dragon Meat Stew
ends_delight:grilled_shulker, Plate of Grilled Shulker
ends_delight:end_stone_machete, End Stone Machete
ends_delight:purpur_machete, Purpur Machete
ends_delight:dragon_egg_shell_machete, Dragon Egg Shell Machete
ends_delight:dragon_tooth_machete, Dragon Tooth Machete
ends_delight:end_stove, End Stove
ends_delight:chorus_fruit_crate, Chorus Fruit Crate
ends_delight:chorus_succulent, Chorus Succulent
ends_delight:chorus_fruit_pie, Chorus Fruit Pie
ends_delight:steamed_dragon_egg_block, Steamed Dragon Egg
ends_delight:dragon_meat_stew_block, Dragon Meat Stew
ends_delight:grilled_shulker_block, Grilled Shulker
ends_delight:dragon_leg_with_sauce_block, Dragon Leg with Sauce
energyconverters:energy_bridge, Energy Bridge
energyconverters:energy_producer_fe, FE Energy Producer
energyconverters:energy_consumer_fe, FE Energy Consumer
energyconverters:energy_producer_eu:0, LV Energy Producer (IC2)
energyconverters:energy_producer_eu:1, MV Energy Producer (IC2)
energyconverters:energy_producer_eu:2, HV Energy Producer (IC2)
energyconverters:energy_producer_eu:3, EV Energy Producer (IC2)
energyconverters:energy_producer_eu:4, IV Energy Producer (IC2)
energyconverters:energy_consumer_eu:0, LV Energy Consumer (IC2)
energyconverters:energy_consumer_eu:1, MV Energy Consumer (IC2)
energyconverters:energy_consumer_eu:2, HV Energy Consumer (IC2)
energyconverters:energy_consumer_eu:3, EV Energy Consumer (IC2)
energyconverters:energy_consumer_eu:4, IV Energy Consumer (IC2)
energyconverters:energy_producer_mj, MJ Energy Producer
energyconverters:energy_consumer_mj, MJ Energy Consumer
mod_lavacow:netherstew, Nether Stew
mod_lavacow:canebeef, Caned Beef
mod_lavacow:canepork, Caned Pork
mod_lavacow:canerottenmeat, Caned Rotten Flesh
mod_lavacow:fissionpotion, Potion of Fission
mod_lavacow:hyphae, Hyphae
mod_lavacow:parasite_item:0, Raw Parasite
mod_lavacow:parasite_item:1, Raw Parasite
mod_lavacow:parasite_item:2, Raw Parasite
mod_lavacow:parasite_item_cooked, Cooked Parasite
mod_lavacow:piranha, Raw Piranha
mod_lavacow:piranha_cooked, Cooked Piranha
mod_lavacow:cheirolepis, Raw Cheirolepis
mod_lavacow:cheirolepis_cooked, Cooked Cheirolepis
mod_lavacow:mousse, Raw Minced Meat
mod_lavacow:meatball, Meatball
mod_lavacow:sharptooth, Fangtooth
mod_lavacow:bonesword, Bone Sword
mod_lavacow:intestine, Intestine
mod_lavacow:frozenthigh, Frozen Thigh
mod_lavacow:poisonspore, Poisonous Spore
mod_lavacow:undyingheart, Undying Heart
mod_lavacow:goldenheart, Golden Heart
mod_lavacow:moltenbeef, Molten Meat
mod_lavacow:molten_alloy, Molten Alloy
mod_lavacow:moltenaxe, Molten Axe
mod_lavacow:moltenhammer, Molten Warhammer
mod_lavacow:mootenheart, Molten Heart
mod_lavacow:potion_of_mooten_lava, Potion of MOOten Lava
mod_lavacow:swinemask, Swine Mask
mod_lavacow:plagued_porkchop, Plagued Porkchop
mod_lavacow:green_bacon_and_eggs, Green Bacon & Eggs
mod_lavacow:pigboarhide, Plagued Hide    
mod_lavacow:scythe_claw, Scythe Claw
mod_lavacow:reapers_scythe, Azrael's Scythe
mod_lavacow:famine, "Famine"
mod_lavacow:mimic_claw, Raw Mimicrab Claw
mod_lavacow:mimic_claw_cooked, Baked Mimicrab Claw
mod_lavacow:silky_sludge, Silky Sludge
mod_lavacow:mossy_stick, Mossy Stick
mod_lavacow:sludge_wand, "Pestilence"
mod_lavacow:burntovipositor, Burnt Ovipositor
mod_lavacow:war, "War"
mod_lavacow:moltenpan, Molten Frypan
mod_lavacow:felarmor_helmet, Molten Helmet
mod_lavacow:felarmor_chestplate, Molten Chestplate
mod_lavacow:felarmor_leggings, Molten Leggings
mod_lavacow:felarmor_boots, Molten Boots
mod_lavacow:ptera_wing:0, Raw Ptera Wing
mod_lavacow:ptera_wing:1, Raw Ptera Wing
mod_lavacow:ptera_wing:2, Raw Ptera Wing
mod_lavacow:ptera_wing:3, Raw Ptera Wing
mod_lavacow:ptera_wing_cooked, Fried Ptera Wing
mod_lavacow:poisonstinger, Poison Stinger
mod_lavacow:vespa_carapace, Vespa Carapace
mod_lavacow:tooth_dagger, Tooth Dagger 
mod_lavacow:vespa_dagger, Bee Sting
mod_lavacow:sausage_roll, Sausage Roll
mod_lavacow:swinearmor_chestplate, Swine Tunic
mod_lavacow:swinearmor_leggings, Swine Pants
mod_lavacow:swinearmor_boots, Swine Boots
mod_lavacow:zombiepiranha_item, Raw Swarmer
mod_lavacow:zombiepiranha_item_cooked, Cooked Swarmer
mod_lavacow:piranhalauncher, Swarmer Launcher
mod_lavacow:cursed_fabric, Curseweave Fabric
mod_lavacow:cursed_bandage:0, Pet Bandage
mod_lavacow:cursed_bandage:1, Pet Bandage
mod_lavacow:cursed_bandage:2, Pet Bandage
mod_lavacow:cursed_bandage:3, Pet Bandage
mod_lavacow:holy_sludge, Holy Sludge
mod_lavacow:holy_grenade, Holy Grenade
mod_lavacow:feather_black, Black Feather
mod_lavacow:shattered_ice, Shattered Ice
mod_lavacow:halo_necklace, Halo Necklace
mod_lavacow:dreamcatcher, Dreamcatcher
mod_lavacow:raven_whistle, Raven Whistle
mod_lavacow:acidicheart, Acidic Heart
mod_lavacow:faminearmor_helmet, Famine Helmet
mod_lavacow:faminearmor_chestplate, Famine Tunic
mod_lavacow:faminearmor_leggings, Famine Pants
mod_lavacow:faminearmor_boots, Famine Boots
mod_lavacow:foul_bristle, Foul Bristle
mod_lavacow:crabcake, Crab Cake
mod_lavacow:ectoplasm, Ectoplasm
mod_lavacow:ghostjelly, Ghost Jelly
mod_lavacow:banshee_vocal_cord, Shriek Cord
mod_lavacow:weta_jaw, Weta Mandible
mod_lavacow:chitin, Chitin
mod_lavacow:ghostbomb, Ghost Grenade
mod_lavacow:sonicbomb, Sonic Grenade
mod_lavacow:weta_hoe, Weta Hoe
mod_lavacow:bonestew, Bone Stew
mod_lavacow:vespa_shield, Vespa Shield
mod_lavacow:frozen_dagger, Frozen Dagger
mod_lavacow:spectral_dagger, Spectral Dagger
mod_lavacow:hatred_shard, Shard of Reminiscence
mod_lavacow:kings_crown:0, King's Crown
mod_lavacow:kings_crown:1, King's Crown
mod_lavacow:skeletonking_crown, The Crown of Rule
mod_lavacow:emblem_of_king, Emblem of King
mod_lavacow:beast_claw, Beast Claw
mod_lavacow:curseweave_cloth, Curseweave Cloth
mod_lavacow:undertaker_shovel, Midnight Mourne
mod_lavacow:skeletonking_mace, "Death"
mod_lavacow:imp_horn, Flame Imp Horn
mod_lavacow:chitinarmor_helmet, Weta Helmet
mod_lavacow:chitinarmor_chestplate, Weta Chestplate
mod_lavacow:chitinarmor_leggings, Weta Leggings
mod_lavacow:chitinarmor_boots, Weta Boots
mod_lavacow:cactus_thorn, Cactus Thorn
mod_lavacow:cactus_fruit, Prickly Pear
mod_lavacow:thorn_shooter, Thorn Shooter
mod_lavacow:baobing, Baobing
mod_lavacow:kung_pao_chicken, Kung Pao Chicken
mod_lavacow:ectoplasm_mass, Ectoplasm Mass
mod_lavacow:ectoplasm_ingot, Ectoplasm Ingot
mod_lavacow:soulforged_heart, Soulforged Heart
mod_lavacow:soulforged_hammer, Soulforged Warhammer
mod_lavacow:soulforged_axe, Soulforged Axe
mod_lavacow:soulforged_pan, Soulforged Frypan
mod_lavacow:ghostlyarmor_helmet, Ghostly Helmet
mod_lavacow:ghostlyarmor_chestplate, Ghostly Chestplate
mod_lavacow:ghostlyarmor_leggings, Ghostly Leggings
mod_lavacow:ghostlyarmor_boots, Ghostly Boots
mod_lavacow:soulforgedarmor_helmet, Soulforged Helmet
mod_lavacow:soulforgedarmor_chestplate, Soulforged Chestplate
mod_lavacow:soulforgedarmor_leggings, Soulforged Leggings
mod_lavacow:soulforgedarmor_boots, Soulforged Boots
mod_lavacow:ghost_swarmer_item, Ghost Swarmer
mod_lavacow:forsaken_staff, Forsaken Staff
mod_lavacow:sinister_whetstone, Sinister Whetstone
mod_lavacow:illager_nose, Illager Nose
mod_lavacow:ancient_amber, Ancient Amber
mod_lavacow:scarab_wand, Scarab Scepter
mod_lavacow:diseased_wheat, Diseased Wheat
mod_lavacow:diseased_bread, Diseased Bread
mod_lavacow:pheromone_gland, Pheromone Gland
mod_lavacow:charming_catalyst, Charming Catalyst
mod_lavacow:enigmoth_larva_item, Raw Enigmoth Caterpillar
mod_lavacow:enigmoth_larva_item_cooked, Cooked Enigmoth Caterpillar
mod_lavacow:holy_water, Holy Water
mod_lavacow:basicbomb, Basic Grenade
mod_lavacow:mummified_cod, Mummified Cod
mod_lavacow:bone_trout, Bone Trout
mod_lavacow:lamprey, Raw Lamprey
mod_lavacow:lamprey_cooked, Cooked Lamprey
mod_lavacow:lamprey_kabayaki, Lamprey Kabayaki
mod_lavacow:foul_hide, Foul Hide
mod_lavacow:ushabti, Ushabti
mod_lavacow:ankh_wand, Ankh Scepter
mod_lavacow:fungal_rod, Fungal Rod
mod_lavacow:frozen_grip, Frozen Grip
mod_lavacow:ghoul_claw, Ghoul Claw
mod_lavacow:ghoul_arrow, Ghoulish Arrow
mod_lavacow:fang_arrow, Fang Arrow
mod_lavacow:glowshroom, Glow Shroom
mod_lavacow:pileofsludge, Sludge Pile
mod_lavacow:glowshroom_block_stem, Glow Shroom Stem
mod_lavacow:glowshroom_block_cap, Glow Shroom Cap
mod_lavacow:bloodtooth_shroom, Bloodtooth
mod_lavacow:cordy_shroom, Cordyceps
mod_lavacow:veil_shroom, Veil Shroom
mod_lavacow:scarecrowhead_common, Scarecrow Head
mod_lavacow:scarecrowhead_straw, Scarecrow Head
mod_lavacow:scarecrowhead_plague, Scarecrow Head
mod_lavacow:tombstone, Tombstone
mod_lavacow:cactoid_sprout, Cactoid Sprout
mod_lavacow:diseased_hay_block, Diseased Hay Block
mod_lavacow:ectoplasm_block, Block of Ectoplasm
mod_lavacow:molten_alloy_block, Block of Molten Alloy
mod_lavacow:scythe_claw_block, Scythe Claw Barrel
mod_lavacow:vespa_carapace_block, Vespa Carapace Barrel
mod_lavacow:molten_meat_block, Molten Meat Barrel
fossil:biofossil, Biofossil
fossil:tar_fossil, Tar Fossil
fossil:dinopedia, Dinopedia
fossil:failuresaurus_flesh, Failuresaurus Flesh
fossil:bio_goo, Bio-Goo
fossil:amber, Amber
fossil:dominican_amber, Dominican Amber
fossil:chicken_essence, Chicken Essence
fossil:stunted_essence, Poisonous Potato Essence
fossil:scarab_gem, Scarab Gem
fossil:aquatic_scarab_gem, Aquatic Scarab Gem
fossil:scarab_axe, Scarab Axe
fossil:scarab_pickaxe, Scarab Pickaxe
fossil:scarab_sword, Scarab Sword
fossil:scarab_hoe, Scarab Hoe
fossil:scarab_shovel, Scarab Shovel
fossil:skull_helmet, Skull Helmet
fossil:skull_chestplate, Ribcage Chestplate
fossil:shin_leggings, Bone Plate Leggings
fossil:feet_boots, Bone Boots
fossil:ancient_key, Ancient Key
fossil:ancient_clock, Ancient Clock
fossil:shell, Nautilus Shell
fossil:sjl, Sio-Chiu-Le
fossil:magic_conch, Magic Conch
fossil:raw_chicken_soup, Raw Chicken Soup
fossil:cooked_chicken_soup, Cooked Chicken Soup
fossil:cooked_egg, Cooked Egg
fossil:relic_scrap, Relic Scrap
fossil:pottery_shard, Pottery Shard
fossil:plant_fossil, Plant Fossil
fossil:skull_stick, Skull Stick
fossil:tooth_dagger, Tooth Dagger
fossil:stone_tablet, Stone Tablet
fossil:whip, Whip
fossil:toyball:0, Black Ball
fossil:toyball:1, Red Ball
fossil:toyball:2, Green Ball
fossil:toyball:3, Brown Ball
fossil:toyball:4, Blue Ball
fossil:toyball:5, Purple Ball
fossil:toyball:6, Cyan Ball
fossil:toyball:7, Light Gray Ball
fossil:toyball:8, Gray Ball
fossil:toyball:9, Pink Ball
fossil:toyball:10, Lime Ball
fossil:toyball:11, Yellow Ball
fossil:toyball:12, Light Blue Ball
fossil:toyball:13, Magenta Ball
fossil:toyball:14, Orange Ball
fossil:toyball:15, White Ball
fossil:toy_scratching_post, Scratching Post
fossil:toy_tethered_log, Tethered Log
fossil:wooden_javelin, Wooden Javelin
fossil:stone_javelin, Stone Javelin
fossil:iron_javelin, Iron Javelin
fossil:gold_javelin, Golden Javelin
fossil:diamond_javelin, Diamond Javelin
fossil:ancient_javelin, Ancient Javelin
fossil:broken_sword, Broken Ancient Sword
fossil:broken_helmet, Broken Ancient Helmet
fossil:ancient_sword, Ancient Sword
fossil:ancient_helmet, Ancient Helmet
fossil:iced_meat, Frozen Meat
fossil:fossilseed:0, Fossilized Dillhoffia Seeds
fossil:fossilseed:1, Fossilized Sarracenia Seeds
fossil:fossilseed:2, Fossilized Cephalotaxus Seeds
fossil:fossilseed:3, Fossilized Archaeosigillaria Spores
fossil:fossilseed:4, Fossilized Foozia Spores
fossil:fossilseed:5, Fossilized Zamites Seeds
fossil:fossilseed:6, Fossilized Bennettitales Seeds
fossil:fossilseed:7, Fossilized Welwitschia Seeds
fossil:fossilseed:8, Fossilized Horsetail Seeds
fossil:fossilseed:9, Fossilized Tempskya Spores
fossil:fossilseed:10, Fossilized Vaccinium Seeds
fossil:fossilseed:11, Fossilized Osmunda Spores
fossil:fossilseed:12, Fossilized Crataegus Seeds
fossil:fossilseed:13, Fossilized Florissantia Seeds
fossil:fossilseed:14, Fossilized Ephedra Seeds
fossil:fossilseed:15, Fossilized Duisbergia Spores
fossil:fossilseed:16, Fossilized Dipteris Spores
fossil:fossilseed:17, Fossilized Dictyophyllum Seeds
fossil:fossilseed:18, Fossilized Sagenopteris Seeds
fossil:fossilseed:19, Fossilized Cyathea Seeds
fossil:fossil_seed_fern, Fossilized Fern Spores
fossil:fossil_sapling_palae, Petrified Palaeoraphe Sapling
fossil:fossil_sapling_calamites, Petrified Calamites Sapling
fossil:fossil_sapling_sigillaria, Petrified Sigillaria Sapling
fossil:fossil_sapling_cordaites, Petrified Cordaites Sapling
fossil:seed:0, Dillhoffia Seeds
fossil:seed:1, Sarracenia Seeds
fossil:seed:2, Cephalotaxus Seeds
fossil:seed:3, Archaeosigillaria Spores
fossil:seed:4, Foozia Spores
fossil:seed:5, Zamites Seeds
fossil:seed:6, Bennettitales Seeds
fossil:seed:7, Welwitschia Seeds
fossil:seed:8, Horsetail Spores
fossil:seed:9, Tempskya Spores
fossil:seed:10, Vaccinium Seeds
fossil:seed:11, Osmunda Spores
fossil:seed:12, Crataegus Seeds
fossil:seed:13, Florissantia Seeds
fossil:seed:14, Ephedra Seeds
fossil:seed:15, Duisbergia Spores
fossil:seed:16, Dipteris Spores
fossil:seed:17, Dictyophyllum Seeds
fossil:seed:18, Sagenopteris Seeds
fossil:seed:19, Cyathea Seeds
fossil:fern_seed:0, Ancient Fern Spores
fossil:tardrop, Tar Drop
fossil:record_bones, Fossil Record
fossil:record_anu, Fossil Record
fossil:record_scarab, Fossil Record
fossil:record_discovering, Fossil Record
fossil:bone_leg_bone:0, Triceratops Leg Bone
fossil:bone_leg_bone:1, Velociraptor Leg Bone
fossil:bone_leg_bone:2, Tyrannosaurus Leg Bone
fossil:bone_leg_bone:3, Pteranodon Leg Bone
fossil:bone_leg_bone:4, Plesiosaurus Leg Bone
fossil:bone_leg_bone:5, Mosasaurus Leg Bone
fossil:bone_leg_bone:6, Stegosaurus Leg Bone
fossil:bone_leg_bone:7, Dilophosaurus Leg Bone
fossil:bone_leg_bone:8, Brachiosaurus Leg Bone
fossil:bone_leg_bone:9, Spinosaurus Leg Bone
fossil:bone_leg_bone:10, Compsognathus Leg Bone
fossil:bone_leg_bone:11, Ankylosaurus Leg Bone
fossil:bone_leg_bone:12, Pachycephalosaurus Leg Bone
fossil:bone_leg_bone:13, Deinonychus Leg Bone
fossil:bone_leg_bone:14, Gallimimus Leg Bone
fossil:bone_leg_bone:15, Liopleurodon Leg Bone
fossil:bone_leg_bone:16, Allosaurus Leg Bone
fossil:bone_leg_bone:17, Sarcosuchus Leg Bone
fossil:bone_leg_bone:18, Ceratosaurus Leg Bone
fossil:bone_leg_bone:19, Dryosaurus Leg Bone
fossil:bone_leg_bone:20, Therizinosaurus Leg Bone
fossil:bone_leg_bone:21, Parasaurolophus Leg Bone
fossil:bone_leg_bone:22, Confuciusornis Leg Bone
fossil:bone_leg_bone:23, Ichthyosaurus Leg Bone
fossil:bone_leg_bone:24, Henodus Leg Bone
fossil:bone_leg_bone:25, Dodo Leg Bone
fossil:bone_leg_bone:26, Gastornis Leg Bone
fossil:bone_leg_bone:27, Kelenken Leg Bone
fossil:bone_leg_bone:28, Phorusrhacos Leg Bone
fossil:bone_leg_bone:29, Titanis Leg Bone
fossil:bone_leg_bone:30, Mammoth Leg Bone
fossil:bone_leg_bone:31, Smilodon Leg Bone
fossil:bone_leg_bone:32, Quagga Leg Bone
fossil:bone_leg_bone:33, Elasmotherium Leg Bone
fossil:bone_leg_bone:34, Megaloceros Leg Bone
fossil:bone_leg_bone:35, Megalania Leg Bone
fossil:bone_leg_bone:36, Platybelodon Leg Bone
fossil:bone_leg_bone:37, Tiktaalik Leg Bone
fossil:bone_leg_bone:38, Crassigyrinus Leg Bone
fossil:bone_leg_bone:39, Diplocaulus Leg Bone
fossil:bone_leg_bone:40, Edaphosaurus Leg Bone
fossil:bone_leg_bone:41, Citipati Leg Bone
fossil:bone_leg_bone:42, Diplodocus Leg Bone
fossil:bone_leg_bone:43, Ornitholestes Leg Bone
fossil:bone_unique_item:0, Triceratops Horn
fossil:bone_unique_item:1, Velociraptor Talon
fossil:bone_unique_item:2, Tyrannosaurus Tooth
fossil:bone_unique_item:3, Pteranodon Finger
fossil:bone_unique_item:4, Plesiosaurus Teeth
fossil:bone_unique_item:5, Mosasaurus Tooth
fossil:bone_unique_item:6, Stegosaurus Thagomizer
fossil:bone_unique_item:7, Dilophosaurus Claw
fossil:bone_unique_item:8, Brachiosaurus Claw
fossil:bone_unique_item:9, Spinosaurus Sail
fossil:bone_unique_item:10, Compsognathus Claw
fossil:bone_unique_item:11, Ankylosaurus Tail Club
fossil:bone_unique_item:12, Pachycephalosaurus Skull Horn
fossil:bone_unique_item:13, Deinonychus Talon
fossil:bone_unique_item:14, Gallimimus Claw
fossil:bone_unique_item:15, Liopleurodon Gastralias
fossil:bone_unique_item:16, Allosaurus Claw
fossil:bone_unique_item:17, Sarcosuchus Osteoderms
fossil:bone_unique_item:18, Ceratosaurus Horn
fossil:bone_unique_item:19, Dryosaurus Tooth
fossil:bone_unique_item:20, Therizinosaurus Claw
fossil:bone_unique_item:21, Parasaurolophus Crest
fossil:bone_unique_item:22, Confuciusornis Claw
fossil:bone_unique_item:23, Ichthyosaurus Sclerotic Ring
fossil:bone_unique_item:24, Henodus Shell
fossil:bone_unique_item:25, Dodo Wishbone
fossil:bone_unique_item:26, Gastornis Wishbone
fossil:bone_unique_item:27, Kelenken Wishbone
fossil:bone_unique_item:28, Phorusrhacos Wishbone
fossil:bone_unique_item:29, Titanis Wishbone
fossil:bone_unique_item:30, Mammoth Tusk
fossil:bone_unique_item:31, Smilodon Tooth
fossil:bone_unique_item:32, Quagga Tooth
fossil:bone_unique_item:33, Elasmotherium Horn
fossil:bone_unique_item:34, Megaloceros Antlers
fossil:bone_unique_item:35, Megalania Claw
fossil:bone_unique_item:36, Platybelodon Tusk
fossil:bone_unique_item:37, Tiktaalik Wrist
fossil:bone_unique_item:38, Crassigyrinus Tail Bone
fossil:bone_unique_item:39, Diplocaulus Tail Bone
fossil:bone_unique_item:40, Edaphosaurus Sail
fossil:bone_unique_item:41, Citipati Claw
fossil:bone_unique_item:42, Diplodocus Tail Bone
fossil:bone_unique_item:43, Ornitholestes Claw
fossil:bone_foot:0, Triceratops Foot
fossil:bone_foot:1, Velociraptor Foot
fossil:bone_foot:2, Tyrannosaurus Foot
fossil:bone_foot:3, Pteranodon Foot
fossil:bone_foot:4, Plesiosaurus Foot
fossil:bone_foot:5, Mosasaurus Foot
fossil:bone_foot:6, Stegosaurus Foot
fossil:bone_foot:7, Dilophosaurus Foot
fossil:bone_foot:8, Brachiosaurus Foot
fossil:bone_foot:9, Spinosaurus Foot
fossil:bone_foot:10, Compsognathus Foot
fossil:bone_foot:11, Ankylosaurus Foot
fossil:bone_foot:12, Pachycephalosaurus Foot
fossil:bone_foot:13, Deinonychus Foot
fossil:bone_foot:14, Gallimimus Foot
fossil:bone_foot:15, Liopleurodon Foot
fossil:bone_foot:16, Allosaurus Foot
fossil:bone_foot:17, Sarcosuchus Foot
fossil:bone_foot:18, Ceratosaurus Foot
fossil:bone_foot:19, Dryosaurus Foot
fossil:bone_foot:20, Therizinosaurus Foot
fossil:bone_foot:21, Parasaurolophus Foot
fossil:bone_foot:22, Confuciusornis Foot
fossil:bone_foot:23, Ichthyosaurus Foot
fossil:bone_foot:24, Henodus Foot
fossil:bone_foot:25, Dodo Foot
fossil:bone_foot:26, Gastornis Foot
fossil:bone_foot:27, Kelenken Foot
fossil:bone_foot:28, Phorusrhacos Foot
fossil:bone_foot:29, Titanis Foot
fossil:bone_foot:30, Mammoth Foot
fossil:bone_foot:31, Smilodon Foot
fossil:bone_foot:32, Quagga Foot
fossil:bone_foot:33, Elasmotherium Foot
fossil:bone_foot:34, Megaloceros Foot
fossil:bone_foot:35, Megalania Foot
fossil:bone_foot:36, Platybelodon Foot
fossil:bone_foot:37, Tiktaalik Foot
fossil:bone_foot:38, Crassigyrinus Foot
fossil:bone_foot:39, Diplocaulus Foot
fossil:bone_foot:40, Edaphosaurus Foot
fossil:bone_foot:41, Citipati Foot
fossil:bone_foot:42, Diplodocus Foot
fossil:bone_foot:43, Ornitholestes Foot
fossil:bone_skull:0, Triceratops Skull
fossil:bone_skull:1, Velociraptor Skull
fossil:bone_skull:2, Tyrannosaurus Skull
fossil:bone_skull:3, Pteranodon Skull
fossil:bone_skull:4, Plesiosaurus Skull
fossil:bone_skull:5, Mosasaurus Skull
fossil:bone_skull:6, Stegosaurus Skull
fossil:bone_skull:7, Dilophosaurus Skull
fossil:bone_skull:8, Brachiosaurus Skull
fossil:bone_skull:9, Spinosaurus Skull
fossil:bone_skull:10, Compsognathus Skull
fossil:bone_skull:11, Ankylosaurus Skull
fossil:bone_skull:12, Pachycephalosaurus Skull
fossil:bone_skull:13, Deinonychus Skull
fossil:bone_skull:14, Gallimimus Skull
fossil:bone_skull:15, Liopleurodon Skull
fossil:bone_skull:16, Allosaurus Skull
fossil:bone_skull:17, Sarcosuchus Skull
fossil:bone_skull:18, Ceratosaurus Skull
fossil:bone_skull:19, Dryosaurus Skull
fossil:bone_skull:20, Therizinosaurus Skull
fossil:bone_skull:21, Parasaurolophus Skull
fossil:bone_skull:22, Confuciusornis Skull
fossil:bone_skull:23, Ichthyosaurus Skull
fossil:bone_skull:24, Henodus Skull
fossil:bone_skull:25, Dodo Skull
fossil:bone_skull:26, Gastornis Skull
fossil:bone_skull:27, Kelenken Skull
fossil:bone_skull:28, Phorusrhacos Skull
fossil:bone_skull:29, Titanis Skull
fossil:bone_skull:30, Mammoth Skull
fossil:bone_skull:31, Smilodon Skull
fossil:bone_skull:32, Quagga Skull
fossil:bone_skull:33, Elasmotherium Skull
fossil:bone_skull:34, Megaloceros Skull
fossil:bone_skull:35, Megalania Skull
fossil:bone_skull:36, Platybelodon Skull
fossil:bone_skull:37, Tiktaalik Skull
fossil:bone_skull:38, Crassigyrinus Skull
fossil:bone_skull:39, Diplocaulus Skull
fossil:bone_skull:40, Edaphosaurus Skull
fossil:bone_skull:41, Citipati Skull
fossil:bone_skull:42, Diplodocus Skull
fossil:bone_skull:43, Ornitholestes Skull
fossil:bone_arm_bone:0, Triceratops Arm Bone
fossil:bone_arm_bone:1, Velociraptor Arm Bone
fossil:bone_arm_bone:2, Tyrannosaurus Arm Bone
fossil:bone_arm_bone:3, Pteranodon Arm Bone
fossil:bone_arm_bone:4, Plesiosaurus Arm Bone
fossil:bone_arm_bone:5, Mosasaurus Arm Bone
fossil:bone_arm_bone:6, Stegosaurus Arm Bone
fossil:bone_arm_bone:7, Dilophosaurus Arm Bone
fossil:bone_arm_bone:8, Brachiosaurus Arm Bone
fossil:bone_arm_bone:9, Spinosaurus Arm Bone
fossil:bone_arm_bone:10, Compsognathus Arm Bone
fossil:bone_arm_bone:11, Ankylosaurus Arm Bone
fossil:bone_arm_bone:12, Pachycephalosaurus Arm Bone
fossil:bone_arm_bone:13, Deinonychus Arm Bone
fossil:bone_arm_bone:14, Gallimimus Arm Bone
fossil:bone_arm_bone:15, Liopleurodon Arm Bone
fossil:bone_arm_bone:16, Allosaurus Arm Bone
fossil:bone_arm_bone:17, Sarcosuchus Arm Bone
fossil:bone_arm_bone:18, Ceratosaurus Arm Bone
fossil:bone_arm_bone:19, Dryosaurus Arm Bone
fossil:bone_arm_bone:20, Therizinosaurus Arm Bone
fossil:bone_arm_bone:21, Parasaurolophus Arm Bone
fossil:bone_arm_bone:22, Confuciusornis Arm Bone
fossil:bone_arm_bone:23, Ichthyosaurus Arm Bone
fossil:bone_arm_bone:24, Henodus Arm Bone
fossil:bone_arm_bone:25, Dodo Arm Bone
fossil:bone_arm_bone:26, Gastornis Arm Bone
fossil:bone_arm_bone:27, Kelenken Arm Bone
fossil:bone_arm_bone:28, Phorusrhacos Arm Bone
fossil:bone_arm_bone:29, Titanis Arm Bone
fossil:bone_arm_bone:30, Mammoth Arm Bone
fossil:bone_arm_bone:31, Smilodon Arm Bone
fossil:bone_arm_bone:32, Quagga Arm Bone
fossil:bone_arm_bone:33, Elasmotherium Arm Bone
fossil:bone_arm_bone:34, Megaloceros Arm Bone
fossil:bone_arm_bone:35, Megalania Arm Bone
fossil:bone_arm_bone:36, Platybelodon Arm Bone
fossil:bone_arm_bone:37, Tiktaalik Arm Bone
fossil:bone_arm_bone:38, Crassigyrinus Arm Bone
fossil:bone_arm_bone:39, Diplocaulus Arm Bone
fossil:bone_arm_bone:40, Edaphosaurus Arm Bone
fossil:bone_arm_bone:41, Citipati Arm Bone
fossil:bone_arm_bone:42, Diplodocus Arm Bone
fossil:bone_arm_bone:43, Ornitholestes Arm Bone
fossil:bone_ribcage:0, Triceratops Ribcage
fossil:bone_ribcage:1, Velociraptor Ribcage
fossil:bone_ribcage:2, Tyrannosaurus Ribcage
fossil:bone_ribcage:3, Pteranodon Ribcage
fossil:bone_ribcage:4, Plesiosaurus Ribcage
fossil:bone_ribcage:5, Mosasaurus Ribcage
fossil:bone_ribcage:6, Stegosaurus Ribcage
fossil:bone_ribcage:7, Dilophosaurus Ribcage
fossil:bone_ribcage:8, Brachiosaurus Ribcage
fossil:bone_ribcage:9, Spinosaurus Ribcage
fossil:bone_ribcage:10, Compsognathus Ribcage
fossil:bone_ribcage:11, Ankylosaurus Ribcage
fossil:bone_ribcage:12, Pachycephalosaurus Ribcage
fossil:bone_ribcage:13, Deinonychus Ribcage
fossil:bone_ribcage:14, Gallimimus Ribcage
fossil:bone_ribcage:15, Liopleurodon Ribcage
fossil:bone_ribcage:16, Allosaurus Ribcage
fossil:bone_ribcage:17, Sarcosuchus Ribcage
fossil:bone_ribcage:18, Ceratosaurus Ribcage
fossil:bone_ribcage:19, Dryosaurus Ribcage
fossil:bone_ribcage:20, Therizinosaurus Ribcage
fossil:bone_ribcage:21, Parasaurolophus Ribcage
fossil:bone_ribcage:22, Confuciusornis Ribcage
fossil:bone_ribcage:23, Ichthyosaurus Ribcage
fossil:bone_ribcage:24, Henodus Ribcage
fossil:bone_ribcage:25, Dodo Ribcage
fossil:bone_ribcage:26, Gastornis Ribcage
fossil:bone_ribcage:27, Kelenken Ribcage
fossil:bone_ribcage:28, Phorusrhacos Ribcage
fossil:bone_ribcage:29, Titanis Ribcage
fossil:bone_ribcage:30, Mammoth Ribcage
fossil:bone_ribcage:31, Smilodon Ribcage
fossil:bone_ribcage:32, Quagga Ribcage
fossil:bone_ribcage:33, Elasmotherium Ribcage
fossil:bone_ribcage:34, Megaloceros Ribcage
fossil:bone_ribcage:35, Megalania Ribcage
fossil:bone_ribcage:36, Platybelodon Ribcage
fossil:bone_ribcage:37, Tiktaalik Ribcage
fossil:bone_ribcage:38, Crassigyrinus Ribcage
fossil:bone_ribcage:39, Diplocaulus Ribcage
fossil:bone_ribcage:40, Edaphosaurus Ribcage
fossil:bone_ribcage:41, Citipati Ribcage
fossil:bone_ribcage:42, Diplodocus Ribcage
fossil:bone_ribcage:43, Ornitholestes Ribcage
fossil:bone_vertebrae:0, Triceratops Vertebrae
fossil:bone_vertebrae:1, Velociraptor Vertebrae
fossil:bone_vertebrae:2, Tyrannosaurus Vertebrae
fossil:bone_vertebrae:3, Pteranodon Vertebrae
fossil:bone_vertebrae:4, Plesiosaurus Vertebrae
fossil:bone_vertebrae:5, Mosasaurus Vertebrae
fossil:bone_vertebrae:6, Stegosaurus Vertebrae
fossil:bone_vertebrae:7, Dilophosaurus Vertebrae
fossil:bone_vertebrae:8, Brachiosaurus Vertebrae
fossil:bone_vertebrae:9, Spinosaurus Vertebrae
fossil:bone_vertebrae:10, Compsognathus Vertebrae
fossil:bone_vertebrae:11, Ankylosaurus Vertebrae
fossil:bone_vertebrae:12, Pachycephalosaurus Vertebrae
fossil:bone_vertebrae:13, Deinonychus Vertebrae
fossil:bone_vertebrae:14, Gallimimus Vertebrae
fossil:bone_vertebrae:15, Liopleurodon Vertebrae
fossil:bone_vertebrae:16, Allosaurus Vertebrae
fossil:bone_vertebrae:17, Sarcosuchus Vertebrae
fossil:bone_vertebrae:18, Ceratosaurus Vertebrae
fossil:bone_vertebrae:19, Dryosaurus Vertebrae
fossil:bone_vertebrae:20, Therizinosaurus Vertebrae
fossil:bone_vertebrae:21, Parasaurolophus Vertebrae
fossil:bone_vertebrae:22, Confuciusornis Vertebrae
fossil:bone_vertebrae:23, Ichthyosaurus Vertebrae
fossil:bone_vertebrae:24, Henodus Vertebrae
fossil:bone_vertebrae:25, Dodo Vertebrae
fossil:bone_vertebrae:26, Gastornis Vertebrae
fossil:bone_vertebrae:27, Kelenken Vertebrae
fossil:bone_vertebrae:28, Phorusrhacos Vertebrae
fossil:bone_vertebrae:29, Titanis Vertebrae
fossil:bone_vertebrae:30, Mammoth Vertebrae
fossil:bone_vertebrae:31, Smilodon Vertebrae
fossil:bone_vertebrae:32, Quagga Vertebrae
fossil:bone_vertebrae:33, Elasmotherium Vertebrae
fossil:bone_vertebrae:34, Megaloceros Vertebrae
fossil:bone_vertebrae:35, Megalania Vertebrae
fossil:bone_vertebrae:36, Platybelodon Vertebrae
fossil:bone_vertebrae:37, Tiktaalik Vertebrae
fossil:bone_vertebrae:38, Crassigyrinus Vertebrae
fossil:bone_vertebrae:39, Diplocaulus Vertebrae
fossil:bone_vertebrae:40, Edaphosaurus Vertebrae
fossil:bone_vertebrae:41, Citipati Vertebrae
fossil:bone_vertebrae:42, Diplodocus Vertebrae
fossil:bone_vertebrae:43, Ornitholestes Vertebrae
fossil:palm_door_item, Palaeoraphe Door
fossil:calamites_door_item, Calamites Door
fossil:sigillaria_door_item, Sigillaria Door
fossil:cordaites_door_item, Cordaites Door
fossil:pinkerton, Pinkerton
fossil:fossil, Fossil
fossil:amber_ore, Amber Ore
fossil:skull_block, Skull Block
fossil:skull_lantern, Skull Lantern
fossil:cultivate, Culture Vat
fossil:cultivate_active, Culture Vat
fossil:worktable, Archeology Workbench
fossil:worktable_active, Archeology Workbench
fossil:sifter, Sifter
fossil:sifter_active, Sifter
fossil:analyzer, Analyzer
fossil:analyzer_active, Analyzer
fossil:bubble_blower, Bubble Blower
fossil:feeder, Feeder
fossil:permafrost, Permafrost
fossil:iced_stone, Iced Stone
fossil:dense_sand, Dense Sand
fossil:strong_glass, Reinforced Glass
fossil:ancient_glass, Ancient Glass
fossil:slimetrail, Failuresaurus Trail
fossil:ancient_stone, Ancient Stone
fossil:ancient_stone_brick, Ancient Stone Brick
fossil:ancient_stone_stairs, Ancient Stone Stairs
fossil:ancient_stone_slab:0, Ancient Stone Slab
fossil:ancient_stone_slab_double:0, Ancient Stone Slab
fossil:volcanic_ash, Volcanic Ash
fossil:volcanic_brick, Volcanic Brick
fossil:volcanic_rock, Volcanic Rock
fossil:volcanic_stairs, Volcanic Stone Stairs
fossil:volcanic_slab_double:0, Volcanic Stone Slab
fossil:volcanic_slab:0, Volcanic Stone Slab
fossil:anu_portal, Mysterious Lair Portal
fossil:anu_statue, Anu Totem
fossil:home_portal, Overworld Portal
fossil:anubite_statue, Anubite Statue
fossil:ancient_chest, Ancient Treasure Chest
fossil:sarcophagus, Mysterious Sarcophagus
fossil:figurine:0, Pristine Steve Figurine
fossil:figurine:1, Pristine Skeleton Figurine
fossil:figurine:2, Pristine Zombie Figurine
fossil:figurine:3, Pristine Enderman Figurine
fossil:figurine:4, Pristine Zombie Pigman Figurine
fossil:figurine:5, Damaged Steve Figurine
fossil:figurine:6, Damaged Skeleton Figurine
fossil:figurine:7, Damaged Zombie Figurine
fossil:figurine:8, Damaged Enderman Figurine
fossil:figurine:9, Damaged Zombie Pigman Figurine
fossil:figurine:10, Broken Steve Figurine
fossil:figurine:11, Broken Skeleton Figurine
fossil:figurine:12, Broken Zombie Figurine
fossil:figurine:13, Broken Enderman Figurine
fossil:figurine:14, Broken Zombie Pigman Figurine
fossil:figurine:15, Mysterious Figurine
fossil:vase_amphora:0, Broken Amphora
fossil:vase_amphora:1, Restored Amphora
fossil:vase_amphora:2, Red Figure Amphora
fossil:vase_amphora:3, Black Figure Amphora
fossil:vase_amphora:4, Porcelain Amphora
fossil:vase_kylix:0, Broken Kylix
fossil:vase_kylix:1, Restored Kylix
fossil:vase_kylix:2, Red Figure Kylix
fossil:vase_kylix:3, Black Figure Kylix
fossil:vase_kylix:4, Porcelain Kylix
fossil:vase_volute:0, Broken Volute
fossil:vase_volute:1, Restored Volute
fossil:vase_volute:2, Red Figure Volute
fossil:vase_volute:3, Black Figure Volute
fossil:vase_volute:4, Porcelain Volute
fossil:time_machine, Time Machine
fossil:drum, Drum
fossil:tar, Tar
fossil:obsidian_spikes, Obsidian Spikes
fossil:palm_sapling, Palaeoraphe Sapling
fossil:palm_log, Palaeoraphe Log
fossil:palm_leaves, Palaeoraphe Leaves
fossil:palm_planks, Palaeoraphe Planks
fossil:palm_planks_slab_double:0, Palaeoraphe Planks Slab
fossil:palm_planks_slab:0, Palaeoraphe Planks Slab
fossil:palm_stairs, Palaeoraphe Planks Stairs
fossil:palm_fence, Palaeoraphe Fence
fossil:palm_fence_gate, Palaeoraphe Fence Gate
fossil:palm_door, Palaeoraphe Door
fossil:palm_trapdoor, Palaeoraphe Trapdoor
fossil:calamites_sapling, Calamites Sapling
fossil:calamites_log, Calamites Log
fossil:calamites_leaves, Calamites Leaves
fossil:calamites_planks, Calamites Planks
fossil:calamites_planks_slab_double:0, Calamites Planks Slab
fossil:calamites_planks_slab:0, Calamites Planks Slab
fossil:calamites_stairs, Calamites Planks Stairs
fossil:calamites_fence, Calamites Fence
fossil:calamites_fence_gate, Calamites Fence Gate
fossil:calamites_door, Calamites Door
fossil:calamites_trapdoor, Calamites Trapdoor
fossil:sigillaria_sapling, Sigillaria Sapling
fossil:sigillaria_log, Sigillaria Log
fossil:sigillaria_leaves, Sigillaria Leaves
fossil:sigillaria_planks, Sigillaria Planks
fossil:sigillaria_planks_slab_double:0, Sigillaria Planks Slab
fossil:sigillaria_planks_slab:0, Sigillaria Planks Slab
fossil:sigillaria_stairs, Sigillaria Planks Stairs
fossil:sigillaria_fence, Sigillaria Fence
fossil:sigillaria_fence_gate, Sigillaria Fence Gate
fossil:sigillaria_door, Sigillaria Door
fossil:sigillaria_trapdoor, Sigillaria Trapdoor
fossil:cordaites_sapling, Cordaites Sapling
fossil:cordaites_log, Cordaites Log
fossil:cordaites_leaves, Cordaites Leaves
fossil:cordaites_planks, Cordaites Planks
fossil:cordaites_planks_slab_double:0, Cordaites Planks Slab
fossil:cordaites_planks_slab:0, Cordaites Planks Slab
fossil:cordaites_stairs, Cordaites Planks Stairs
fossil:cordaites_fence, Cordaites Fence
fossil:cordaites_fence_gate, Cordaites Fence Gate
fossil:cordaites_door, Cordaites Door
fossil:cordaites_trapdoor, Cordaites Trapdoor
fossil:ancient_wood, Ancient Wood
fossil:ancient_wood_pillar, Ancient Wood Pillar
fossil:ancient_wood_plate, Ancient Wood Plate
fossil:ancient_wood_stairs, Ancient Wood Stairs
fossil:ancient_wood_slab_double:0, Ancient Wood Slab
fossil:ancient_wood_slab:0, Ancient Wood Slab
fossil:fern_block, Prehistoric Ferns
fossil:dillhoffia_flower, Dillhoffia Flower
fossil:sarracenia, Sarracenia
fossil:cephalotaxus, Cephalotaxus
fossil:licopodiophyta, Archaeosigillaria
fossil:foozia, Foozia
fossil:zamites, Zamites
fossil:bennettitales_small, Bennettitales
fossil:bennettitales_large, Tall Bennettitales
fossil:welwitschia, Welwitschia
fossil:horsetail_small, Horsetail
fossil:horsetail_large, Tall Horsetail
fossil:mutant_plant, Mutant Plant
fossil:tempskya, Tempskya
fossil:vaccinium, Vaccinium
fossil:osmunda, Osmunda
fossil:crataegus, Crataegus
fossil:florissantia, Florissantia
fossil:ependra, Ephedra
fossil:duisbergia, Duisbergia
fossil:dipteris, Dipteris
fossil:dictyophyllum, Dictyophyllum
fossil:sagenopteris, Sagenopteris
fossil:cyathea, Cyathea
fossil:fake_obsidian, Obsidian
fossil:pig_dna, Pig DNA
fossil:pig_syringe, Pig Embryo
fossil:cow_dna, Cow DNA
fossil:cow_syringe, Cow Embryo
fossil:sheep_dna, Sheep DNA
fossil:sheep_syringe, Sheep Embryo
fossil:horse_dna, Horse DNA
fossil:horse_syringe, Horse Embryo
fossil:donkey_dna, Donkey DNA
fossil:donkey_syringe, Donkey Embryo
fossil:chicken_dna, Chicken DNA
fossil:chicken_egg_cultivated, Cultivated Chicken Egg
fossil:parrot_dna, Parrot DNA
fossil:parrot_egg_cultivated, Cultivated Parrot Egg
fossil:polarbear_dna, Polar Bear DNA
fossil:polarbear_syringe, Polar Bear Embryo
fossil:rabbit_dna, Rabbit DNA
fossil:rabbit_syringe, Rabbit Embryo
fossil:llama_dna, Llama DNA
fossil:llama_syringe, Llama Embryo
fossil:nautilus_dna, Nautilus DNA
fossil:nautilus_egg:0, Nautilus Eggs
fossil:nautilus_fish:0, Nautilus
fossil:coelacanth_dna, Coelacanth DNA
fossil:coelacanth_egg:0, Coelacanth Eggs
fossil:coelacanth_fish:0, Coelacanth
fossil:coelacanth_cooked, Cooked Coelacanth
fossil:alligator_gar_dna, Alligator Gar DNA
fossil:alligator_gar_egg:0, Alligator Gar Eggs
fossil:alligator_gar_fish:0, Alligator Gar
fossil:alligator_gar_cooked, Cooked Alligator Gar
fossil:sturgeon_dna, Sturgeon DNA
fossil:sturgeon_egg:0, Sturgeon Eggs
fossil:sturgeon_fish:0, Sturgeon
fossil:sturgeon_cooked, Cooked Sturgeon
fossil:triceratops_dna, Triceratops DNA
fossil:triceratops_egg:0, Triceratops Egg
fossil:triceratops_meat, Triceratops Meat
fossil:triceratops_cooked, Cooked Triceratops Meat
fossil:velociraptor_dna, Velociraptor DNA
fossil:velociraptor_egg:0, Velociraptor Egg
fossil:velociraptor_meat, Velociraptor Meat
fossil:velociraptor_cooked, Cooked Velociraptor Meat
fossil:tyrannosaurus_dna, Tyrannosaurus DNA
fossil:tyrannosaurus_egg:0, Tyrannosaurus Egg
fossil:tyrannosaurus_meat, Tyrannosaurus Meat
fossil:tyrannosaurus_cooked, Cooked Tyrannosaurus Meat
fossil:pterosaur_dna, Pteranodon DNA
fossil:pterosaur_egg:0, Pteranodon Egg
fossil:pterosaur_meat, Pteranodon Meat
fossil:pterosaur_cooked, Cooked Pteranodon Meat
fossil:plesiosaur_dna, Plesiosaurus DNA
fossil:plesiosaur_egg:0, Plesiosaurus Sac
fossil:plesiosaur_meat, Plesiosaurus Meat
fossil:plesiosaur_cooked, Cooked Plesiosaurus Meat
fossil:mosasaurus_dna, Mosasaurus DNA
fossil:mosasaurus_egg:0, Mosasaurus Sac
fossil:mosasaurus_meat, Mosasaurus Meat
fossil:mosasaurus_cooked, Cooked Mosasaurus Meat
fossil:stegosaurus_dna, Stegosaurus DNA
fossil:stegosaurus_egg:0, Stegosaurus Egg
fossil:stegosaurus_meat, Stegosaurus Meat
fossil:stegosaurus_cooked, Cooked Stegosaurus Meat
fossil:dilophosaurus_dna, Dilophosaurus DNA
fossil:dilophosaurus_egg:0, Dilophosaurus Egg
fossil:dilophosaurus_meat, Dilophosaurus Meat
fossil:dilophosaurus_cooked, Cooked Dilophosaurus Meat
fossil:brachiosaurus_dna, Brachiosaurus DNA
fossil:brachiosaurus_egg:0, Brachiosaurus Egg
fossil:brachiosaurus_meat, Brachiosaurus Meat
fossil:brachiosaurus_cooked, Cooked Brachiosaurus Meat
fossil:spinosaurus_dna, Spinosaurus DNA
fossil:spinosaurus_egg:0, Spinosaurus Egg
fossil:spinosaurus_meat, Spinosaurus Meat
fossil:spinosaurus_cooked, Cooked Spinosaurus Meat
fossil:compsognathus_dna, Compsognathus DNA
fossil:compsognathus_egg:0, Compsognathus Egg
fossil:compsognathus_meat, Compsognathus Meat
fossil:compsognathus_cooked, Cooked Compsognathus Meat
fossil:ankylosaurus_dna, Ankylosaurus DNA
fossil:ankylosaurus_egg:0, Ankylosaurus Egg
fossil:ankylosaurus_meat, Ankylosaurus Meat
fossil:ankylosaurus_cooked, Cooked Ankylosaurus Meat
fossil:pachycephalosaurus_dna, Pachycephalosaurus DNA
fossil:pachycephalosaurus_egg:0, Pachycephalosaurus Egg
fossil:pachycephalosaurus_meat, Pachycephalosaurus Meat
fossil:pachycephalosaurus_cooked, Cooked Pachycephalosaurus Meat
fossil:deinonychus_dna, Deinonychus DNA
fossil:deinonychus_egg:0, Deinonychus Egg
fossil:deinonychus_meat, Deinonychus Meat
fossil:deinonychus_cooked, Cooked Deinonychus Meat
fossil:gallimimus_dna, Gallimimus DNA
fossil:gallimimus_egg:0, Gallimimus Egg
fossil:gallimimus_meat, Gallimimus Meat
fossil:gallimimus_cooked, Cooked Gallimimus Meat
fossil:liopleurodon_dna, Liopleurodon DNA
fossil:liopleurodon_egg:0, Liopleurodon Sac
fossil:liopleurodon_meat, Liopleurodon Meat
fossil:liopleurodon_cooked, Cooked Liopleurodon Meat
fossil:allosaurus_dna, Allosaurus DNA
fossil:allosaurus_egg:0, Allosaurus Egg
fossil:allosaurus_meat, Allosaurus Meat
fossil:allosaurus_cooked, Cooked Allosaurus Meat
fossil:sarcosuchus_dna, Sarcosuchus DNA
fossil:sarcosuchus_egg:0, Sarcosuchus Egg
fossil:sarcosuchus_meat, Sarcosuchus Meat
fossil:sarcosuchus_cooked, Cooked Sarcosuchus Meat
fossil:ceratosaurus_dna, Ceratosaurus DNA
fossil:ceratosaurus_egg:0, Ceratosaurus Egg
fossil:ceratosaurus_meat, Ceratosaurus Meat
fossil:ceratosaurus_cooked, Cooked Ceratosaurus Meat
fossil:dryosaurus_dna, Dryosaurus DNA
fossil:dryosaurus_egg:0, Dryosaurus Egg
fossil:dryosaurus_meat, Dryosaurus Meat
fossil:dryosaurus_cooked, Cooked Dryosaurus Meat
fossil:therizinosaurus_dna, Therizinosaurus DNA
fossil:therizinosaurus_egg:0, Therizinosaurus Egg
fossil:therizinosaurus_meat, Therizinosaurus Meat
fossil:therizinosaurus_cooked, Cooked Therizinosaurus
fossil:parasaurolophus_dna, Parasaurolophus DNA
fossil:parasaurolophus_egg:0, Parasaurolophus Egg
fossil:parasaurolophus_meat, Parasaurolophus Meat
fossil:parasaurolophus_cooked, Cooked Parasaurolophus Meat
fossil:citipati_dna, Citipati DNA
fossil:citipati_egg:0, Citipati Egg
fossil:citipati_meat, Citipati Meat
fossil:citipati_cooked, Cooked Citipati Meat
fossil:diplodocus_dna, Diplodocus DNA
fossil:diplodocus_egg:0, Diplodocus Egg
fossil:diplodocus_meat, Diplodocus Meat
fossil:diplodocus_cooked, Cooked Diplodocus Meat
fossil:ornitholestes_dna, Ornitholestes DNA
fossil:ornitholestes_egg:0, Ornitholestes Egg
fossil:ornitholestes_meat, Ornitholestes Meat
fossil:ornitholestes_cooked, Cooked Ornitholestes Meat
fossil:henodus_dna, Henodus DNA
fossil:henodus_egg:0, Henodus Sac
fossil:henodus_meat, Henodus Meat
fossil:henodus_cooked, Cooked Henodus Meat
fossil:icthyosaurus_dna, Ichthyosaurus DNA
fossil:icthyosaurus_egg:0, Ichthyosaurus Sac
fossil:icthyosaurus_meat, Ichthyosaurus Meat
fossil:icthyosaurus_cooked, Cooked Ichthyosaurus Meat
fossil:meganeura_dna, Meganeura DNA
fossil:meganeura_egg:0, Meganeura Eggs
fossil:meganeura_meat, Meganeura Meat
fossil:meganeura_cooked, Cooked Meganeura Meat
fossil:megalograptus_dna, Megalograptus DNA
fossil:megalograptus_egg:0, Megalograptus Eggs
fossil:megalograptus_meat, Megalograptus Meat
fossil:megalograptus_cooked, Cooked Megalograptus Meat
fossil:confuciusornis_dna, Confuciusornis DNA
fossil:confuciusornis_egg, Confuciusornis Egg
fossil:confuciusornis_egg_cultivated, Cultivated Confuciusornis Egg
fossil:confuciusornis_meat, Confuciusornis Meat
fossil:confuciusornis_cooked, Cooked Confuciusornis Meat
fossil:dodo_dna, Dodo DNA
fossil:dodo_egg, Dodo Egg
fossil:dodo_egg_cultivated, Cultivated Dodo Egg
fossil:dodo_meat, Dodo Meat
fossil:dodo_cooked, Cooked Dodo Meat
fossil:gastornis_dna, Gastornis DNA
fossil:gastornis_egg, Gastornis Egg
fossil:gastornis_egg_cultivated, Cultivated Gastornis Egg
fossil:gastornis_meat, Gastornis Meat
fossil:gastornis_cooked, Cooked Gastornis Meat
fossil:kelenken_dna, Kelenken DNA
fossil:kelenken_egg, Kelenken Egg
fossil:kelenken_egg_cultivated, Cultivated Kelenken Egg
fossil:kelenken_meat, Kelenken Meat
fossil:kelenken_cooked, Cooked Kelenken Meat
fossil:phorusrhacos_dna, Phorusrhacos DNA
fossil:phorusrhacos_egg, Phorusrhacos Egg
fossil:phorusrhacos_egg_cultivated, Cultivated Phorusrhacos Egg
fossil:phorusrhacos_meat, Phorusrhacos Meat
fossil:phorusrhacos_cooked, Cooked Phorusrhacos Meat
fossil:titanis_dna, Titanis DNA
fossil:titanis_egg, Titanis Egg
fossil:titanis_egg_cultivated, Cultivated Titanis Egg
fossil:titanis_meat, Titanis Meat
fossil:titanis_cooked, Cooked Titanis Meat
fossil:mammoth_dna, Mammoth DNA
fossil:mammoth_syringe, Mammoth Embryo
fossil:mammoth_meat, Mammoth Meat
fossil:mammoth_cooked, Cooked Mammoth Meat
fossil:smilodon_dna, Smilodon DNA
fossil:smilodon_syringe, Smilodon Embryo
fossil:smilodon_meat, Smilodon Meat
fossil:smilodon_cooked, Cooked Smilodon Meat
fossil:quagga_dna, Quagga DNA
fossil:quagga_syringe, Quagga Embryo
fossil:quagga_meat, Quagga Meat
fossil:quagga_cooked, Cooked Quagga Meat
fossil:elasmotherium_dna, Elasmotherium DNA
fossil:elasmotherium_syringe, Elasmotherium Embryo
fossil:elasmotherium_meat, Elasmotherium Meat
fossil:elasmotherium_cooked, Cooked Elasmotherium Meat
fossil:megaloceros_dna, Megaloceros DNA
fossil:megaloceros_syringe, Megaloceros Embryo
fossil:megaloceros_meat, Megaloceros Meat
fossil:megaloceros_cooked, Cooked Megaloceros Meat
fossil:megalania_dna, Megalania DNA
fossil:megalania_egg:0, Megalania Egg
fossil:megalania_meat, Megalania Meat
fossil:megalania_cooked, Cooked Megalania Meat
fossil:megalodon_dna, Megalodon DNA
fossil:megalodon_egg:0, Megalodon Sac
fossil:megalodon_meat, Megalodon Meat
fossil:megalodon_cooked, Cooked Megalodon Meat
fossil:platybelodon_dna, Platybelodon DNA
fossil:platybelodon_syringe, Platybelodon Embryo
fossil:platybelodon_meat, Platybelodon Meat
fossil:platybelodon_cooked, Cooked Platybelodon Meat
fossil:tiktaalik_dna, Tiktaalik DNA
fossil:tiktaalik_egg:0, Tiktaalik Egg
fossil:tiktaalik_meat, Tiktaalik Meat
fossil:tiktaalik_cooked, Cooked Tiktaalik Meat
fossil:crassigyrinus_dna, Crassigyrinus DNA
fossil:crassigyrinus_egg:0, Crassigyrinus Egg
fossil:crassigyrinus_meat, Crassigyrinus Meat
fossil:crassigyrinus_cooked, Cooked Crassigyrinus Meat
fossil:diplocaulus_dna, Diplocaulus DNA
fossil:diplocaulus_egg:0, Diplocaulus Egg
fossil:diplocaulus_meat, Diplocaulus Meat
fossil:diplocaulus_cooked, Cooked Diplocaulus Meat
fossil:edaphosaurus_dna, Edaphosaurus DNA
fossil:edaphosaurus_egg:0, Edaphosaurus Egg
fossil:edaphosaurus_meat, Edaphosaurus Meat
fossil:edaphosaurus_cooked, Cooked Edaphosaurus Meat
fossil:arthropleura_dna, Arthropleura DNA
fossil:arthropleura_egg:0, Arthropleura Eggs
fossil:arthropleura_meat, Arthropleura Meat
fossil:arthropleura_cooked, Cooked Arthropleura Meat
iceologer:ice_wand, Ice Wand
ironbarrels:woodtoironbarrelupgrade, Wood to Iron Barrel Upgrade
ironbarrels:irontogoldbarrelupgrade, Iron to Gold Barrel Upgrade
ironbarrels:goldtodiamondbarrelupgrade, Gold to Diamond Barrel Upgrade
ironbarrels:diamondtoobsidianbarrelupgrade, Diamond to Obsidian Barrel Upgrade
ironbarrels:diamondtonetheritebarrelupgrade, Diamond to Netherite Barrel Upgrade
ironbarrels:obsidiantonetheritebarrelupgrade, Obsidian to Netherite Barrel Upgrade
ironbarrels:barrel, Barrel
ironbarrels:iron_barrel, Iron Barrel
ironbarrels:gold_barrel, Gold Barrel
ironbarrels:diamond_barrel, Diamond Barrel
ironbarrels:obsidian_barrel, Obsidian Barrel
ironbarrels:netherite_barrel, Netherite Barrel
ironchest:iron_gold_chest_upgrade, Iron to Gold Chest Upgrade
ironchest:gold_diamond_chest_upgrade, Gold to Diamond Chest Upgrade
ironchest:copper_silver_chest_upgrade, Copper to Silver Chest Upgrade
ironchest:silver_gold_chest_upgrade, Silver to Gold Chest Upgrade
ironchest:copper_iron_chest_upgrade, Copper to Iron Chest Upgrade
ironchest:diamond_crystal_chest_upgrade, Diamond to Crystal Chest Upgrade
ironchest:wood_iron_chest_upgrade, Wood to Iron Chest Upgrade
ironchest:wood_copper_chest_upgrade, Wood to Copper Chest Upgrade
ironchest:diamond_obsidian_chest_upgrade, Diamond to Obsidian Chest Upgrade
ironchest:iron_gold_shulker_upgrade, Iron to Gold Shulker Box Upgrade
ironchest:gold_diamond_shulker_upgrade, Gold to Diamond Shulker Box Upgrade
ironchest:copper_silver_shulker_upgrade, Copper to Silver Shulker Box Upgrade
ironchest:silver_gold_shulker_upgrade, Silver to Gold Shulker Box Upgrade
ironchest:copper_iron_shulker_upgrade, Copper to Iron Shulker Box Upgrade
ironchest:diamond_crystal_shulker_upgrade, Diamond to Crystal Shulker Box Upgrade
ironchest:vanilla_iron_shulker_upgrade, Vanilla to Iron Shulker Box Upgrade
ironchest:vanilla_copper_shulker_upgrade, Vanilla to Copper Shulker Box Upgrade
ironchest:diamond_obsidian_shulker_upgrade, Diamond to Obsidian Shulker Box Upgrade
ironchest:iron_chest:0, Iron Chest
ironchest:iron_chest:1, Gold Chest
ironchest:iron_chest:2, Diamond Chest
ironchest:iron_chest:3, Copper Chest
ironchest:iron_chest:4, Silver Chest
ironchest:iron_chest:5, Crystal Chest
ironchest:iron_chest:6, Obsidian Chest
ironchest:iron_chest:7, DirtChest 9000!
ironchest:iron_shulker_box_white:0, White Iron Shulker Box
ironchest:iron_shulker_box_white:1, White Gold Shulker Box
ironchest:iron_shulker_box_white:2, White Diamond Shulker Box
ironchest:iron_shulker_box_white:3, White Copper Shulker Box
ironchest:iron_shulker_box_white:4, White Silver Shulker Box
ironchest:iron_shulker_box_white:5, White Crystal Shulker Box
ironchest:iron_shulker_box_white:6, White Obsidian Shulker Box
ironchest:iron_shulker_box_orange:0, Orange Iron Shulker Box
ironchest:iron_shulker_box_orange:1, Orange Gold Shulker Box
ironchest:iron_shulker_box_orange:2, Orange Diamond Shulker Box
ironchest:iron_shulker_box_orange:3, Orange Copper Shulker Box
ironchest:iron_shulker_box_orange:4, Orange Silver Shulker Box
ironchest:iron_shulker_box_orange:5, Orange Crystal Shulker Box
ironchest:iron_shulker_box_orange:6, Orange Obsidian Shulker Box
ironchest:iron_shulker_box_magenta:0, Magenta Iron Shulker Box
ironchest:iron_shulker_box_magenta:1, Magenta Gold Shulker Box
ironchest:iron_shulker_box_magenta:2, Magenta Diamond Shulker Box
ironchest:iron_shulker_box_magenta:3, Magenta Copper Shulker Box
ironchest:iron_shulker_box_magenta:4, Magenta Silver Shulker Box
ironchest:iron_shulker_box_magenta:5, Magenta Crystal Shulker Box
ironchest:iron_shulker_box_magenta:6, Magenta Obsidian Shulker Box
ironchest:iron_shulker_box_light_blue:0, Light Blue Iron Shulker Box
ironchest:iron_shulker_box_light_blue:1, Light Blue Gold Shulker Box
ironchest:iron_shulker_box_light_blue:2, Light Blue Diamond Shulker Box
ironchest:iron_shulker_box_light_blue:3, Light Blue Copper Shulker Box
ironchest:iron_shulker_box_light_blue:4, Light Blue Silver Shulker Box
ironchest:iron_shulker_box_light_blue:5, Light Blue Crystal Shulker Box
ironchest:iron_shulker_box_light_blue:6, Light Blue Obsidian Shulker Box
ironchest:iron_shulker_box_yellow:0, Yellow Iron Shulker Box
ironchest:iron_shulker_box_yellow:1, Yellow Gold Shulker Box
ironchest:iron_shulker_box_yellow:2, Yellow Diamond Shulker Box
ironchest:iron_shulker_box_yellow:3, Yellow Copper Shulker Box
ironchest:iron_shulker_box_yellow:4, Yellow Silver Shulker Box
ironchest:iron_shulker_box_yellow:5, Yellow Crystal Shulker Box
ironchest:iron_shulker_box_yellow:6, Yellow Obsidian Shulker Box
ironchest:iron_shulker_box_lime:0, Lime Iron Shulker Box
ironchest:iron_shulker_box_lime:1, Lime Gold Shulker Box
ironchest:iron_shulker_box_lime:2, Lime Diamond Shulker Box
ironchest:iron_shulker_box_lime:3, Lime Copper Shulker Box
ironchest:iron_shulker_box_lime:4, Lime Silver Shulker Box
ironchest:iron_shulker_box_lime:5, Lime Crystal Shulker Box
ironchest:iron_shulker_box_lime:6, Lime Obsidian Shulker Box
ironchest:iron_shulker_box_pink:0, Pink Iron Shulker Box
ironchest:iron_shulker_box_pink:1, Pink Gold Shulker Box
ironchest:iron_shulker_box_pink:2, Pink Diamond Shulker Box
ironchest:iron_shulker_box_pink:3, Pink Copper Shulker Box
ironchest:iron_shulker_box_pink:4, Pink Silver Shulker Box
ironchest:iron_shulker_box_pink:5, Pink Crystal Shulker Box
ironchest:iron_shulker_box_pink:6, Pink Obsidian Shulker Box
ironchest:iron_shulker_box_gray:0, Gray Iron Shulker Box
ironchest:iron_shulker_box_gray:1, Gray Gold Shulker Box
ironchest:iron_shulker_box_gray:2, Gray Diamond Shulker Box
ironchest:iron_shulker_box_gray:3, Gray Copper Shulker Box
ironchest:iron_shulker_box_gray:4, Gray Silver Shulker Box
ironchest:iron_shulker_box_gray:5, Gray Crystal Shulker Box
ironchest:iron_shulker_box_gray:6, Gray Obsidian Shulker Box
ironchest:iron_shulker_box_silver:0, Light Gray Iron Shulker Box
ironchest:iron_shulker_box_silver:1, Light Gray Gold Shulker Box
ironchest:iron_shulker_box_silver:2, Light Gray Diamond Shulker Box
ironchest:iron_shulker_box_silver:3, Light Gray Copper Shulker Box
ironchest:iron_shulker_box_silver:4, Light Gray Silver Shulker Box
ironchest:iron_shulker_box_silver:5, Light Gray Crystal Shulker Box
ironchest:iron_shulker_box_silver:6, Light Gray Obsidian Shulker Box
ironchest:iron_shulker_box_cyan:0, Cyan Iron Shulker Box
ironchest:iron_shulker_box_cyan:1, Cyan Gold Shulker Box
ironchest:iron_shulker_box_cyan:2, Cyan Diamond Shulker Box
ironchest:iron_shulker_box_cyan:3, Cyan Copper Shulker Box
ironchest:iron_shulker_box_cyan:4, Cyan Silver Shulker Box
ironchest:iron_shulker_box_cyan:5, Cyan Crystal Shulker Box
ironchest:iron_shulker_box_cyan:6, Cyan Obsidian Shulker Box
ironchest:iron_shulker_box_purple:0, Purple Iron Shulker Box
ironchest:iron_shulker_box_purple:1, Purple Gold Shulker Box
ironchest:iron_shulker_box_purple:2, Purple Diamond Shulker Box
ironchest:iron_shulker_box_purple:3, Purple Copper Shulker Box
ironchest:iron_shulker_box_purple:4, Purple Silver Shulker Box
ironchest:iron_shulker_box_purple:5, Purple Crystal Shulker Box
ironchest:iron_shulker_box_purple:6, Purple Obsidian Shulker Box
ironchest:iron_shulker_box_blue:0, Blue Iron Shulker Box
ironchest:iron_shulker_box_blue:1, Blue Gold Shulker Box
ironchest:iron_shulker_box_blue:2, Blue Diamond Shulker Box
ironchest:iron_shulker_box_blue:3, Blue Copper Shulker Box
ironchest:iron_shulker_box_blue:4, Blue Silver Shulker Box
ironchest:iron_shulker_box_blue:5, Blue Crystal Shulker Box
ironchest:iron_shulker_box_blue:6, Blue Obsidian Shulker Box
ironchest:iron_shulker_box_brown:0, Brown Iron Shulker Box
ironchest:iron_shulker_box_brown:1, Brown Gold Shulker Box
ironchest:iron_shulker_box_brown:2, Brown Diamond Shulker Box
ironchest:iron_shulker_box_brown:3, Brown Copper Shulker Box
ironchest:iron_shulker_box_brown:4, Brown Silver Shulker Box
ironchest:iron_shulker_box_brown:5, Brown Crystal Shulker Box
ironchest:iron_shulker_box_brown:6, Brown Obsidian Shulker Box
ironchest:iron_shulker_box_green:0, Green Iron Shulker Box
ironchest:iron_shulker_box_green:1, Green Gold Shulker Box
ironchest:iron_shulker_box_green:2, Green Diamond Shulker Box
ironchest:iron_shulker_box_green:3, Green Copper Shulker Box
ironchest:iron_shulker_box_green:4, Green Silver Shulker Box
ironchest:iron_shulker_box_green:5, Green Crystal Shulker Box
ironchest:iron_shulker_box_green:6, Green Obsidian Shulker Box
ironchest:iron_shulker_box_red:0, Red Iron Shulker Box
ironchest:iron_shulker_box_red:1, Red Gold Shulker Box
ironchest:iron_shulker_box_red:2, Red Diamond Shulker Box
ironchest:iron_shulker_box_red:3, Red Copper Shulker Box
ironchest:iron_shulker_box_red:4, Red Silver Shulker Box
ironchest:iron_shulker_box_red:5, Red Crystal Shulker Box
ironchest:iron_shulker_box_red:6, Red Obsidian Shulker Box
ironchest:iron_shulker_box_black:0, Black Iron Shulker Box
ironchest:iron_shulker_box_black:1, Black Gold Shulker Box
ironchest:iron_shulker_box_black:2, Black Diamond Shulker Box
ironchest:iron_shulker_box_black:3, Black Copper Shulker Box
ironchest:iron_shulker_box_black:4, Black Silver Shulker Box
ironchest:iron_shulker_box_black:5, Black Crystal Shulker Box
ironchest:iron_shulker_box_black:6, Black Obsidian Shulker Box
ironfurnaces:iron_furnace_idle, Iron Furnace
ironfurnaces:iron_furnace_active, Iron Furnace
ironfurnaces:gold_furnace_idle, Gold Furnace
ironfurnaces:gold_furnace_active, Gold Furnace
ironfurnaces:diamond_furnace_idle, Diamond Furnace
ironfurnaces:diamond_furnace_active, Diamond Furnace
ironfurnaces:glass_furnace_idle, Glass Furnace
ironfurnaces:glass_furnace_active, Glass Furnace
ironfurnaces:obsidian_furnace_idle, Obsidian Furnace
ironfurnaces:obsidian_furnace_active, Obsidian Furnace
ironjetpacks:strap, Leather Strap
ironjetpacks:basic_coil, Basic Coil
ironjetpacks:advanced_coil, Advanced Coil
ironjetpacks:elite_coil, Elite Coil
ironjetpacks:ultimate_coil, Ultimate Coil
ironjetpacks:creative_cell, Energy Cell
ironjetpacks:wood_cell, Energy Cell
ironjetpacks:copper_cell, Energy Cell
ironjetpacks:stone_cell, Energy Cell
ironjetpacks:bronze_cell, Energy Cell
ironjetpacks:iron_cell, Energy Cell
ironjetpacks:silver_cell, Energy Cell
ironjetpacks:electrum_cell, Energy Cell
ironjetpacks:gold_cell, Energy Cell
ironjetpacks:invar_cell, Energy Cell
ironjetpacks:steel_cell, Energy Cell
ironjetpacks:diamond_cell, Energy Cell
ironjetpacks:platinum_cell, Energy Cell
ironjetpacks:emerald_cell, Energy Cell
ironjetpacks:creative_thruster, Thruster
ironjetpacks:wood_thruster, Thruster
ironjetpacks:copper_thruster, Thruster
ironjetpacks:stone_thruster, Thruster
ironjetpacks:bronze_thruster, Thruster
ironjetpacks:iron_thruster, Thruster
ironjetpacks:silver_thruster, Thruster
ironjetpacks:electrum_thruster, Thruster
ironjetpacks:gold_thruster, Thruster
ironjetpacks:invar_thruster, Thruster
ironjetpacks:steel_thruster, Thruster
ironjetpacks:diamond_thruster, Thruster
ironjetpacks:platinum_thruster, Thruster
ironjetpacks:emerald_thruster, Thruster
ironjetpacks:creative_capacitor, Capacitor
ironjetpacks:wood_capacitor, Capacitor
ironjetpacks:copper_capacitor, Capacitor
ironjetpacks:stone_capacitor, Capacitor
ironjetpacks:bronze_capacitor, Capacitor
ironjetpacks:iron_capacitor, Capacitor
ironjetpacks:silver_capacitor, Capacitor
ironjetpacks:electrum_capacitor, Capacitor
ironjetpacks:gold_capacitor, Capacitor
ironjetpacks:invar_capacitor, Capacitor
ironjetpacks:steel_capacitor, Capacitor
ironjetpacks:diamond_capacitor, Capacitor
ironjetpacks:platinum_capacitor, Capacitor
ironjetpacks:emerald_capacitor, Capacitor
ironjetpacks:creative_jetpack, Jetpack
ironjetpacks:wood_jetpack, Jetpack
ironjetpacks:copper_jetpack, Jetpack
ironjetpacks:stone_jetpack, Jetpack
ironjetpacks:bronze_jetpack, Jetpack
ironjetpacks:iron_jetpack, Jetpack
ironjetpacks:silver_jetpack, Jetpack
ironjetpacks:electrum_jetpack, Jetpack
ironjetpacks:gold_jetpack, Jetpack
ironjetpacks:invar_jetpack, Jetpack
ironjetpacks:steel_jetpack, Jetpack
ironjetpacks:diamond_jetpack, Jetpack
ironjetpacks:platinum_jetpack, Jetpack
ironjetpacks:emerald_jetpack, Jetpack
lootr:lootr_chest, Loot Chest
lootr:lootr_trapped_chest, Loot Chest
lootr:lootr_shulker, Loot Shulker
lootr:trophy, Centennial Trophy
mcwbridges:most1, Iron Bridge Middle
mcwbridges:most2, Iron Bridge End
mcwbridges:oak_log_bridge_middle, Oak Bridge Middle
mcwbridges:oak_log_bridge_end, Oak Bridge End
mcwbridges:birch_log_bridge_end, Birch Bridge End
mcwbridges:birch_log_bridge_middle, Birch Bridge Middle
mcwbridges:acacia_log_bridge_end, Acacia Bridge End
mcwbridges:acacia_log_bridge_middle, Acacia Bridge Middle
mcwbridges:spruce_log_bridge_end, Spruce Bridge End
mcwbridges:spruce_log_bridge_middle, Spruce Bridge Middle
mcwbridges:jungle_log_bridge_end, Jungle Bridge End
mcwbridges:jungle_log_bridge_middle, Jungle Bridge Middle
mcwbridges:dark_oak_log_bridge_end, Dark Oak Bridge End
mcwbridges:dark_oak_log_bridge_middle, Dark Oak Bridge Middle
mcwbridges:rope_oak_bridge, Rope Oak Bridge
mcwbridges:rope_oak_bridge_end, Rope Oak Bridge End
mcwbridges:rope_birch_bridge, Rope Birch Bridge
mcwbridges:rope_birch_bridge_end, Rope Birch Bridge End
mcwbridges:rope_spruce_bridge, Rope Spruce Bridge
mcwbridges:rope_spruce_bridge_end, Rope Spruce Bridge End
mcwbridges:rope_jungle_bridge, Rope Jungle Bridge
mcwbridges:rope_jungle_bridge_end, Rope Jungle Bridge End
mcwbridges:rope_acacia_bridge, Rope Acacia Bridge
mcwbridges:rope_acacia_bridge_end, Rope Acacia Bridge End
mcwbridges:rope_dark_oak_bridge, Rope Dark Oak Bridge
mcwbridges:rope_dark_oak_bridge_end, Rope Dark Oak Bridge End
mcwbridges:stone_brick_bridge, Stone Brick Bridge
mcwbridges:stone_brick_bridge_end, Stone Brick Bridge End
mcwbridges:brick_bridge, Brick Bridge
mcwbridges:brick_bridge_end, Brick Bridge End
mcwbridges:sandstone_bridge, Sandstone Bridge
mcwbridges:sandstone_bridge_end, Sandstone Bridge End
mcwbridges:orange_sandstone_bridge, Red Sandstone Bridge
mcwbridges:orange_sandstone_bridge_end, Red Sandstone Bridge End
mcwbridges:mossy_stone_brick_bridge, Mossy Stone Brick Bridge
mcwbridges:mossy_stone_brick_bridge_end, Mossy Stone Brick Bridge End
mcwbridges:oak_rail_bridge, Oak Rail Bridge
mcwbridges:oak_rail_bridge_end, Oak Rail Bridge End
mcwbridges:spruce_rail_bridge, Spruce Rail Bridge
mcwbridges:spruce_rail_bridge_end, Spruce Rail Bridge End
mcwbridges:birch_rail_bridge, Birch Rail Bridge
mcwbridges:birch_rail_bridge_end, Birch Rail Bridge End
mcwbridges:jungle_rail_bridge, Jungle Rail Bridge
mcwbridges:jungle_rail_bridge_end, Jungle Rail Bridge End
mcwbridges:acacia_rail_bridge, Acacia Rail Bridge
mcwbridges:acacia_rail_bridge_end, Acacia Rail Bridge End
mcwbridges:dark_oak_rail_bridge, Dark Oak Rail Bridge
mcwbridges:dark_oak_rail_bridge_end, Dark Oak Rail Bridge End
mcwbridges:bamboo_bridge, Bamboo Bridge
mcwbridges:bamboo_bridge_end, Bamboo Bridge End
mcwbridges:dry_bamboo_bridge, Dry Bamboo Bridge
mcwbridges:dry_bamboo_bridge_end, Dry Bamboo Bridge End
mcwdoors:print_oak, Oak Door Print
mcwdoors:print_spruce, Spruce Door Print
mcwdoors:print_birch, Birch Door Print
mcwdoors:print_jungle, Jungle Door Print
mcwdoors:print_acacia, Acacia Door Print
mcwdoors:print_dark_oak, Dark Oak Door Print
mcwdoors:oak_japanese_door, Oak Shoji Door
mcwdoors:spruce_japanese_door, Spruce Shoji Door
mcwdoors:birch_japanese_door, Birch Shoji Door
mcwdoors:jungle_japanese_door, Jungle Shoji Door
mcwdoors:acacia_japanese_door, Acacia Shoji Door
mcwdoors:dark_oak_japanese_door, Dark Oak Shoji Door
mcwdoors:oak_japanese2_door, Oak Shoji Whole Door
mcwdoors:spruce_japanese2_door, Spruce Shoji Whole Door
mcwdoors:birch_japanese2_door, Birch Shoji Whole Door
mcwdoors:jungle_japanese2_door, Jungle Shoji Whole Door
mcwdoors:acacia_japanese2_door, Acacia Shoji Whole Door
mcwdoors:dark_oak_japanese2_door, Dark Oak Shoji Whole Door
mcwdoors:oak_barn_door, Oak Barn Door
mcwdoors:spruce_barn_door, Spruce Barn Door
mcwdoors:birch_barn_door, Birch Barn Door
mcwdoors:jungle_barn_door, Jungle Barn Door
mcwdoors:acacia_barn_door, Acacia Barn Door
mcwdoors:dark_oak_barn_door, Dark Oak Barn Door
mcwdoors:oak_barn_glass_door, Oak Barn Glassed Door
mcwdoors:spruce_barn_glass_door, Spruce Barn Glassed Door
mcwdoors:birch_barn_glass_door, Birch Barn Glassed Door
mcwdoors:jungle_barn_glass_door, Jungle Barn Glassed Door
mcwdoors:acacia_barn_glass_door, Acacia Barn Glassed Door
mcwdoors:dark_oak_barn_glass_door, Dark Oak Barn Glassed Door
mcwdoors:oak_modern_door, Oak Oak Modern Door
mcwdoors:spruce_modern_door, Spruce Oak Modern Door
mcwdoors:birch_modern_door, Birch Oak Modern Door
mcwdoors:jungle_modern_door, Jungle Oak Modern Door
mcwdoors:acacia_modern_door, Acacia Oak Modern Door
mcwdoors:dark_oak_modern_door, Dark Oak Modern Door
mcwdoors:oak_cottage_door, Oak Cottage Door
mcwdoors:birch_cottage_door, Birch Cottage Door
mcwdoors:jungle_cottage_door, Jungle Cottage Door
mcwdoors:acacia_cottage_door, Acacia Cottage Door
mcwdoors:dark_oak_cottage_door, Dark Oak Cottage Door
mcwdoors:spruce_classic_door, Spruce Classic Door
mcwdoors:birch_classic_door, Birch Classic Door
mcwdoors:jungle_classic_door, Jungle Classic Door
mcwdoors:acacia_classic_door, Acacia Classic Door
mcwdoors:dark_oak_classic_door, Dark Oak Classic Door
mcwdoors:oak_beach_door, Oak Beach Door
mcwdoors:spruce_beach_door, Spruce Beach Door
mcwdoors:birch_beach_door, Birch Beach Door
mcwdoors:acacia_beach_door, Acacia Beach Door
mcwdoors:dark_oak_beach_door, Dark Oak Beach Door
mcwdoors:oak_paper_door, Oak Paper Door
mcwdoors:spruce_paper_door, Spruce Paper Door
mcwdoors:jungle_paper_door, Jungle Paper Door
mcwdoors:acacia_paper_door, Acacia Paper Door
mcwdoors:dark_oak_paper_door, Dark Oak Paper Door
mcwdoors:oak_four_panel_door, Oak Four Panel Door
mcwdoors:spruce_four_panel_door, Spruce Four Panel Door
mcwdoors:birch_four_panel_door, Birch Four Panel Door
mcwdoors:jungle_four_panel_door, Jungle Four Panel Door
mcwdoors:acacia_four_panel_door, Acacia Four Panel Door
mcwdoors:oak_tropical_door, Oak Tropical Door
mcwdoors:spruce_tropical_door, Spruce Tropical Door
mcwdoors:birch_tropical_door, Birch Tropical Door
mcwdoors:jungle_tropical_door, Jungle Tropical Door
mcwdoors:dark_oak_tropical_door, Dark Oak Tropical Door
mcwdoors:metal_door, Metal Door
mcwdoors:metal_warning_door, Metal Warning Door
mcwdoors:metal_hospital_door, Metal Hospital Door
mcwdoors:metal_reinforced_door, Metal Reinforced Door
mcwdoors:metal_windowed_door, Metal Windowed Door
mcwdoors:jail_door, Jail Door
mcwdoors:oak_glass_door, Oak Glass Door
mcwdoors:spruce_glass_door, Spruce Glass Door
mcwdoors:birch_glass_door, Birch Glass Door
mcwdoors:jungle_glass_door, Jungle Glass Door
mcwdoors:acacia_glass_door, Acacia Glass Door
mcwdoors:dark_oak_glass_door, Dark Oak Glass Door
mcwdoors:oak_stable_door, Oak Stable Door
mcwdoors:spruce_stable_door, Spruce Stable Door
mcwdoors:birch_stable_door, Birch Stable Door
mcwdoors:jungle_stable_door, Jungle Stable Door
mcwdoors:acacia_stable_door, Acacia Stable Door
mcwdoors:dark_oak_stable_door, Dark Oak Stable Door
mcwdoors:oak_stable_head_door, Oak Stable Horse Door
mcwdoors:spruce_stable_head_door, Spruce Stable Horse Door
mcwdoors:birch_stable_head_door, Birch Stable Horse Door
mcwdoors:jungle_stable_head_door, Jungle Stable Horse Door
mcwdoors:acacia_stable_head_door, Acacia Stable Horse Door
mcwdoors:dark_oak_stable_head_door, Dark Oak Stable Horse Door
mcwdoors:oak_western_door, Oak Western Door
mcwdoors:spruce_western_door, Spruce Western Door
mcwdoors:birch_western_door, Birch Western Door
mcwdoors:jungle_western_door, Jungle Western Door
mcwdoors:acacia_western_door, Acacia Western Door
mcwdoors:dark_oak_western_door, Dark Oak Western Door
mcwdoors:oak_bark_glass_door, Oak Bark Glass Door
mcwdoors:spruce_bark_glass_door, Spruce Bark Glass Door
mcwdoors:birch_bark_glass_door, Birch Bark Glass Door
mcwdoors:jungle_bark_glass_door, Jungle Bark Glass Door
mcwdoors:acacia_bark_glass_door, Acacia Bark Glass Door
mcwdoors:dark_oak_bark_glass_door, Dark Oak Bark Glass Door
mcwfences:oak_picket_fence, Oak Picket Fence
mcwfences:spruce_picket_fence, Spruce Picket Fence
mcwfences:birch_picket_fence, Birch Picket Fence
mcwfences:jungle_picket_fence, Jungle Picket Fence
mcwfences:acacia_picket_fence, Acacia Picket Fence
mcwfences:dark_oak_picket_fence, Dark Oak Picket Fence
mcwfences:oak_stockade_fence, Oak Stockade Fence
mcwfences:spruce_stockade_fence, Spruce Stockade Fence
mcwfences:birch_stockade_fence, Birch Stockade Fence
mcwfences:jungle_stockade_fence, Jungle Stockade Fence
mcwfences:acacia_stockade_fence, Acacia Stockade Fence
mcwfences:dark_oak_stockade_fence, Dark Oak Stockade Fence
mcwfences:oak_horse_fence, Oak Horse Fence
mcwfences:spruce_horse_fence, Spruce Horse Fence
mcwfences:birch_horse_fence, Birch Horse Fence
mcwfences:jungle_horse_fence, Jungle Horse Fence
mcwfences:acacia_horse_fence, Acacia Horse Fence
mcwfences:dark_oak_horse_fence, Dark Oak Horse Fence
mcwfences:oak_wired_fence, Oak Wired Fence
mcwfences:spruce_wired_fence, Spruce Wired Fence
mcwfences:birch_wired_fence, Birch Wired Fence
mcwfences:jungle_wired_fence, Jungle Wired Fence
mcwfences:acacia_wired_fence, Acacia Wired Fence
mcwfences:dark_oak_wired_fence, Dark Oak Wired Fence
mcwfences:oak_highley_gate, Oak Highley Gate      
mcwfences:spruce_highley_gate, Spruce Highley Gate     
mcwfences:birch_highley_gate, Birch Highley Gate     
mcwfences:jungle_highley_gate, Jungle Highley Gate     
mcwfences:acacia_highley_gate, Acacia Highley Gate     
mcwfences:dark_oak_highley_gate, Dark Oak Highley Gate     
mcwfences:modern_stone_brick_wall, Modern Stone Brick Wall
mcwfences:modern_andesite_wall, Modern Andesite Wall
mcwfences:modern_diorite_wall, Modern Diorite Wall
mcwfences:modern_granite_wall, Modern Granite Wall
mcwfences:modern_sandstone_wall, Modern Sandstone Wall
mcwfences:modern_red_sandstone_wall, Modern Red Sandstone Wall
mcwfences:modern_nether_brick_wall, Modern Nether Brick Wall
mcwfences:modern_end_brick_wall, Modern End Brick Wall
mcwfences:railing_stone_brick_wall, Railing Stone Brick Wall
mcwfences:railing_andesite_wall, Railing Andesite Wall
mcwfences:railing_diorite_wall, Railing Diorite Wall
mcwfences:railing_granite_wall, Railing Granite Wall
mcwfences:railing_sandstone_wall, Railing Sandstone Wall
mcwfences:railing_red_sandstone_wall, Railing Red Sandstone Wall
mcwfences:railing_nether_brick_wall, Railing Nether Brick Wall
mcwfences:railing_end_brick_wall, Railing End Brick Wall
mcwwindows:window_base, Window Base
mcwwindows:window_centre_bar_base, Window Framed Base
mcwwindows:oak_window, Oak Framed Window
mcwwindows:spruce_window, Spruce Framed Window
mcwwindows:birch_window, Birch Framed Window
mcwwindows:jungle_window, Jungle Framed Window
mcwwindows:acacia_window, Acacia Framed Window
mcwwindows:dark_oak_window, Dark Oak Framed Window
mcwwindows:oak_plank_window, Oak Plank Framed Window
mcwwindows:spruce_plank_window, Spruce Plank Framed Window
mcwwindows:birch_plank_window, Birch Plank Framed Window
mcwwindows:jungle_plank_window, Jungle Plank Framed Window
mcwwindows:acacia_plank_window, Acacia Plank Framed Window
mcwwindows:dark_oak_plank_window, Dark Oak Plank Framed Window
mcwwindows:oak_planks_win_2tall, 2x1 Oak Plank Framed Window
mcwwindows:oak_win_2tall, 2x1 Oak Framed Window
mcwwindows:spruce_planks_win_2tall, 2x1 Spruce Plank Framed Window
mcwwindows:spruce_win_2tall, 2x1 Spruce Framed Window
mcwwindows:birch_planks_win_2tall, 2x1 Birch Plank Framed Window
mcwwindows:birch_win_2tall, 2x1 Birch Framed Window
mcwwindows:jungle_planks_win_2tall, 2x1 Jungle Plank Framed Window
mcwwindows:jungle_win_2tall, 2x1 Jungle Framed Window
mcwwindows:acacia_planks_win_2tall, 2x1 Acacia Plank Framed Window
mcwwindows:acacia_win_2tall, 2x1 Acacia Framed Window
mcwwindows:dark_oak_planks_win_2tall, 2x1 Dark Oak Framed Plank Window
mcwwindows:dark_oak_win_2tall, 2x1 Dark Oak Framed Window
mcwwindows:oak_window2, Oak Window
mcwwindows:oak_plank_window2, Oak Plank Window
mcwwindows:spruce_window2, Spruce Window
mcwwindows:spruce_plank_window2, Spruce Plank Window
mcwwindows:birch_window2, Birch Window
mcwwindows:birch_plank_window2, Birch Plank Window
mcwwindows:jungle_window2, Jungle Window
mcwwindows:jungle_plank_window2, Jungle Window
mcwwindows:acacia_window2, Acacia Window
mcwwindows:acacia_plank_window2, Acacia Plank Window
mcwwindows:dark_oak_window2, Dark Oak Window
mcwwindows:dark_oak_plank_window2, Dark Oak Window
mcwwindows:oak_window2_2tall, Oak 2x1 Window
mcwwindows:oak_plank_window2_2tall, Oak Plank 2x1 Window
mcwwindows:spruce_window2_2tall, Spruce 2x1 Window
mcwwindows:spruce_plank_window2_2tall, Sruce Plank 2x1 Window
mcwwindows:birch_window2_2tall, Birch 2x1 Window
mcwwindows:birch_plank_window2_2tall, Birch Plank 2x1  Window
mcwwindows:jungle_window2_2tall, Jungle 2x1 Window
mcwwindows:jungle_plank_window2_2tall, Jungle Plank 2x1 Window
mcwwindows:acacia_window2_2tall, Acacia 2x1 Window
mcwwindows:acacia_plank_window2_2tall, Acacia Plank 2x1 Window
mcwwindows:dark_oak_window2_2tall, Dark Oak 2x1 Window
mcwwindows:dark_oak_plank_window2_2tall, Dark Oak 2x1 Window
mocreatures:molten_ancient_silver, Molten Ancient Silver
mocreatures:deep_wyvstone_button, Deep Wyvstone Button [NYI]
mocreatures:wyvstone_button, Wyvstone Button
mocreatures:wyvwood_button, Wyvwood Button
mocreatures:wyvdirt, Wyvdirt
mocreatures:wyvwood_fence_gate, Wyvwood Fence Gate
mocreatures:wyvwood_fence, Wyvwood Fence
mocreatures:firestone, Firestone [NYI]
mocreatures:gleaming_glass, Gleaming Glass
mocreatures:wyvgrass, Wyvgrass Block
mocreatures:wyvwood_leaves, Wyvwood Leaves
mocreatures:wyvwood_log, Wyvwood Log
mocreatures:ancient_silver_block, Block of Ancient Silver
mocreatures:wyvern_nest_block, Wyvern Nest Block [NYI]
mocreatures:ancient_ore, Ancient Ore [NYI]
mocreatures:wyvern_diamond_ore, Wyvern Diamond Ore [NYI]
mocreatures:wyvern_emerald_ore, Wyvern Emerald Ore [NYI]
mocreatures:wyvern_gold_ore, Wyvern Gold Ore [NYI]
mocreatures:wyvern_iron_ore, Wyvern Iron Ore [NYI]
mocreatures:wyvern_lapis_ore, Wyvern Lapis Lazuli Ore [NYI]
mocreatures:gleaming_glass_pane, Gleaming Glass Pane
mocreatures:wyvwood_planks, Wyvwood Planks
mocreatures:deep_wyvstone_pressure_plate, Deep Wyvstone Pressure Plate [NYI]
mocreatures:wyvstone_pressure_plate, Wyvstone Pressure Plate
mocreatures:wyvwood_pressure_plate, Wyvwood Pressure Plate
mocreatures:carved_silver_sandstone, Chiseled Silver Sandstone
mocreatures:silver_sandstone, Silver Sandstone
mocreatures:smooth_silver_sandstone, Cut Silver Sandstone
mocreatures:cobbled_deep_wyvstone, Cobbled Deep Wyvstone [NYI]
mocreatures:cobbled_wyvstone, Cobbled Wyvstone
mocreatures:deep_wyvstone, Deep Wyvstone [NYI]
mocreatures:mossy_cobbled_deep_wyvstone, Mossy Cobbled Deep Wyvstone [NYI]
mocreatures:mossy_cobbled_wyvstone, Mossy Cobbled Wyvstone
mocreatures:wyvstone, Wyvstone
mocreatures:silver_sand, Silver Sand
mocreatures:wyvwood_sapling, Wyvwood Sapling
mocreatures:wyvwood_stairs, Wyvwood Stairs
mocreatures:silver_sandstone_stairs, Silver Sandstone Stairs
mocreatures:cobbled_deep_wyvstone_stairs, Cobbled Deep Wyvstone Stairs [NYI]
mocreatures:cobbled_wyvstone_stairs, Cobbled Wyvstone Stairs
mocreatures:deep_wyvstone_stairs, Deep Wyvstone Stairs [NYI]
mocreatures:mossy_cobbled_deep_wyvstone_stairs, Mossy Cobbled Deep Wyvstone Stairs [NYI]
mocreatures:mossy_cobbled_wyvstone_stairs, Mossy Cobbled Wyvstone Stairs
mocreatures:wyvstone_stairs, Wyvstone Stairs
mocreatures:tall_wyvgrass, Wyvgrass
mocreatures:wyvwood_trapdoor, Wyvwood Trapdoor
mocreatures:silver_sandstone_wall, Silver Sandstone Wall
mocreatures:cobbled_deep_wyvstone_wall, Cobbled Deep Wyvstone Wall [NYI]
mocreatures:cobbled_wyvstone_wall, Cobbled Wyvstone Wall
mocreatures:deep_wyvstone_wall, Deep Wyvstone Wall [NYI]
mocreatures:mossy_cobbled_deep_wyvstone_wall, Mossy Cobbled Deep Wyvstone Wall [NYI]
mocreatures:mossy_cobbled_wyvstone_wall, Mossy Cobbled Wyvstone Wall
mocreatures:wyvstone_wall, Wyvstone Wall
mocreatures:fine_silver_block, Block of Fine Silver
mocreatures:silver_sandstone_slab:0, Silver Sandstone Slab
mocreatures:cobbled_deep_wyvstone_slab:0, Cobbled Deep Wyvstone Slab [NYI]
mocreatures:cobbled_wyvstone_slab:0, Cobbled Wyvstone Slab
mocreatures:deep_wyvstone_slab:0, Deep Wyvstone Slab [NYI]
mocreatures:mossy_cobbled_deep_wyvstone_slab:0, Mossy Cobbled Deep Wyvstone Slab [NYI]
mocreatures:mossy_cobbled_wyvstone_slab:0, Mossy Cobbled Wyvstone Slab
mocreatures:wyvstone_slab:0, Wyvstone Slab
mocreatures:wyvwood_slab:0, Wyvwood Slab
mocreatures:sharkteeth, Shark Tooth
mocreatures:sugarlump, Sugar Lumps
mocreatures:mocegg:0, Blue Fishy Egg
mocreatures:mocegg:1, Regal Blue Fishy Egg
mocreatures:mocegg:2, Orange White Stripe Fishy Egg
mocreatures:mocegg:3, Light Blue Fishy Egg
mocreatures:mocegg:4, Green Yellow Fishy Egg
mocreatures:mocegg:5, Green Fishy Egg
mocreatures:mocegg:6, Purple Fishy Egg
mocreatures:mocegg:7, Yellow Fishy Egg
mocreatures:mocegg:8, Orange Blue Stripe Fishy Egg
mocreatures:mocegg:9, Black White Fishy Egg
mocreatures:mocegg:10, Red Fishy Egg
mocreatures:mocegg:11, Shark Egg
mocreatures:mocegg:21, Dark Snake Egg
mocreatures:mocegg:22, Spotted Snake Egg
mocreatures:mocegg:23, Orange Snake Egg
mocreatures:mocegg:24, Green Snake Egg
mocreatures:mocegg:25, Coral Snake Egg
mocreatures:mocegg:26, Cobra Egg
mocreatures:mocegg:27, Rattlesnake Egg
mocreatures:mocegg:28, Python Egg
mocreatures:mocegg:30, Ostrich Egg
mocreatures:mocegg:31, Stolen Ostrich Egg
mocreatures:mocegg:33, Komodo Dragon Egg
mocreatures:mocegg:41, Earth Scorpion Egg
mocreatures:mocegg:42, Dark Scorpion Egg
mocreatures:mocegg:43, Fire Scorpion Egg
mocreatures:mocegg:44, Frost Scorpion Egg
mocreatures:mocegg:45, Undead Scorpion Egg
mocreatures:mocegg:50, Jungle Wyvern Egg
mocreatures:mocegg:51, Swamp Wyvern Egg
mocreatures:mocegg:52, Savanna Wyvern Egg
mocreatures:mocegg:53, Sand Wyvern Egg
mocreatures:mocegg:54, Mother Wyvern Egg
mocreatures:mocegg:55, Undead Wyvern Egg
mocreatures:mocegg:56, Light Wyvern Egg
mocreatures:mocegg:57, Dark Wyvern Egg
mocreatures:mocegg:58, Arctic Wyvern Egg
mocreatures:mocegg:59, Cave Wyvern Egg
mocreatures:mocegg:60, Mountain Wyvern Egg
mocreatures:mocegg:61, Sea Wyvern Egg
mocreatures:mocegg:62, Fire Manticore Egg
mocreatures:mocegg:63, Dark Manticore Egg
mocreatures:mocegg:64, Frost Manticore Egg
mocreatures:mocegg:65, Toxic Manticore Egg
mocreatures:mocegg:66, Manticore Egg
mocreatures:mocegg:70, Salmon Egg
mocreatures:mocegg:71, Cod Egg
mocreatures:mocegg:72, Bass Egg
mocreatures:mocegg:80, Anchovy Egg
mocreatures:mocegg:81, Angelfish Egg
mocreatures:mocegg:82, Anglerfish Egg
mocreatures:mocegg:83, Clownfish Egg
mocreatures:mocegg:84, Goldfish Egg
mocreatures:mocegg:85, Hippo Tang Egg
mocreatures:mocegg:86, Mandarinfish Egg
mocreatures:mocegg:90, Piranha Egg
mocreatures:bigcatclaw, Big Cat Claw
mocreatures:medallion, Medallion
mocreatures:kittylitter, Litter Box
mocreatures:woolball, Wool Ball
mocreatures:petfood, Pet Food
mocreatures:reptilehide, Reptile Hide
mocreatures:reptilehelmet, Reptile Cap
mocreatures:reptileplate, Reptile Tunic
mocreatures:reptilelegs, Reptile Pants
mocreatures:reptileboots, Reptile Boots
mocreatures:fur, Fur
mocreatures:omelet, Omelette
mocreatures:turtleraw, Raw Turtle
mocreatures:turtlecooked, Cooked Turtle
mocreatures:turtlesoup, Turtle Soup
mocreatures:staffportal, Wyvern Portal Staff
mocreatures:ancientsilverscrap, Ancient Silver Scrap
mocreatures:ancientsilveringot, Ancient Silver Ingot
mocreatures:ancientsilvernugget, Ancient Silver Nugget
mocreatures:ancient_silver_helmet, Ancient Silver Helmet
mocreatures:ancient_silver_chestplate, Ancient Silver Chestplate
mocreatures:ancient_silver_leggings, Ancient Silver Leggings
mocreatures:ancient_silver_boots, Ancient Silver Boots
mocreatures:firestonechunk, Firestone Chunk [NYI]
mocreatures:whip, Whip
mocreatures:reptile_whip, Reptile Whip
mocreatures:nunchaku, Ninja Nunchaku
mocreatures:sai, Ninja Sai
mocreatures:bo, Ninja Bo Staff
mocreatures:katana, Ninja Katana
mocreatures:sharksword, Shark Sword
mocreatures:shark_mattock, Shark Mattock
mocreatures:sharkaxe, Shark Axe
mocreatures:silversword, Ancient Silver Sword
mocreatures:ancient_silver_mattock, Ancient Silver Mattock
mocreatures:silveraxe, Ancient Silver Axe
mocreatures:ancient_silver_bow, Ancient Silver Bow
mocreatures:essencedarkness, Essence of Darkness
mocreatures:essence_eternal, Essence of Eternity [NYI]
mocreatures:essencefire, Essence of Fire
mocreatures:essence_ice, Essence of Ice [NYI]
mocreatures:essenceundead, Essence of Undead
mocreatures:essencelight, Essence of Lightness
mocreatures:amuletbone:0, Bone Amulet
mocreatures:amuletbonefull:0, Bone Amulet
mocreatures:amuletghost:0, Ghost Amulet
mocreatures:amuletghostfull:0, Ghost Amulet
mocreatures:amuletfairy:0, Fairy Amulet
mocreatures:amuletfairyfull:0, Fairy Amulet
mocreatures:amuletpegasus:0, Sky Amulet
mocreatures:amuletpegasusfull:0, Sky Amulet
mocreatures:fishnet:0, Fishing Net
mocreatures:fishnetfull:0, Fishing Net
mocreatures:petamulet:0, Pet Amulet
mocreatures:petamuletfull:0, Pet Amulet
mocreatures:furhelmet, Fur Hood
mocreatures:furchest, Fur Tunic
mocreatures:furlegs, Fur Pants
mocreatures:furboots, Fur Boots
mocreatures:heartdarkness, Heart of Darkness
mocreatures:heart_eternal, Heart of Eternity [NYI]
mocreatures:heartfire, Heart of Fire
mocreatures:heart_ice, Heart of Ice [NYI]
mocreatures:heartundead, Heart of Undead
mocreatures:unicornhorn, Unicorn Horn
mocreatures:ostrichraw, Raw Ostrich
mocreatures:ostrichcooked, Cooked Ostrich
mocreatures:horsearmorcrystal, Crystal Horse Armor
mocreatures:mysticpear, Mystic Pear
mocreatures:recordshuffle, Zebra Music Disc
mocreatures:wyvwood_door, Wyvwood Door
mocreatures:hide, Hide
mocreatures:hidehelmet, Hide Cap
mocreatures:hidechest, Hide Tunic
mocreatures:hidelegs, Hide Pants
mocreatures:hideboots, Hide Shoes
mocreatures:turkeyraw, Raw Turkey
mocreatures:turkeycooked, Cooked Turkey
mocreatures:duckraw, Raw Duck
mocreatures:duckcooked, Cooked Duck
mocreatures:ratraw, Raw Rat
mocreatures:ratcooked, Cooked Rat
mocreatures:ratburger, Rat Burger
mocreatures:venisonraw, Raw Venison
mocreatures:venisoncooked, Cooked Venison
mocreatures:chitinblack, Dark Chitin
mocreatures:chitin, Earth Chitin
mocreatures:chitinnether, Fire Chitin
mocreatures:chitinfrost, Frost Chitin
mocreatures:chitinundead, Undead Chitin
mocreatures:scorpswordcave, Dark Scorpion Blade
mocreatures:dark_scorpion_mattock, Dark Scorpion Mattock
mocreatures:scorpaxecave, Dark Scorpion Axe
mocreatures:scorpsworddirt, Earth Scorpion Blade
mocreatures:earth_scorpion_mattock, Earth Scorpion Mattock
mocreatures:scorpaxedirt, Earth Scorpion Axe
mocreatures:scorpswordnether, Fire Scorpion Blade
mocreatures:fire_scorpion_mattock, Fire Scorpion Mattock
mocreatures:scorpaxenether, Fire Scorpion Axe
mocreatures:scorpswordfrost, Frost Scorpion Blade
mocreatures:frost_scorpion_mattock, Frost Scorpion Mattock
mocreatures:scorpaxefrost, Frost Scorpion Axe
mocreatures:scorpswordundead, Undead Scorpion Blade
mocreatures:undead_scorpion_mattock, Undead Scorpion Mattock
mocreatures:scorpaxeundead, Undead Scorpion Axe
mocreatures:scorphelmetcave, Dark Scorpion Helmet
mocreatures:scorpplatecave, Dark Scorpion Chestplate
mocreatures:scorplegscave, Dark Scorpion Leggings
mocreatures:scorpbootscave, Dark Scorpion Boots
mocreatures:scorphelmetdirt, Earth Scorpion Helmet
mocreatures:scorpplatedirt, Earth Scorpion Chestplate
mocreatures:scorplegsdirt, Earth Scorpion Leggings
mocreatures:scorpbootsdirt, Earth Scorpion Boots
mocreatures:scorphelmetnether, Fire Scorpion Helmet
mocreatures:scorpplatenether, Fire Scorpion Chestplate
mocreatures:scorplegsnether, Fire Scorpion Leggings
mocreatures:scorpbootsnether, Fire Scorpion Boots
mocreatures:scorphelmetfrost, Frost Scorpion Helmet
mocreatures:scorpplatefrost, Frost Scorpion Chestplate
mocreatures:scorplegsfrost, Frost Scorpion Leggings
mocreatures:scorpbootsfrost, Frost Scorpion Boots
mocreatures:scorphelmetundead, Undead Scorpion Helmet
mocreatures:scorpplateundead, Undead Scorpion Chestplate
mocreatures:scorplegsundead, Undead Scorpion Leggings
mocreatures:scorpbootsundead, Undead Scorpion Boots
mocreatures:scorpstingcave, Dark Scorpion Stinger
mocreatures:scorpstingdirt, Earth Scorpion Stinger
mocreatures:scorpstingnether, Fire Scorpion Stinger
mocreatures:scorpstingfrost, Frost Scorpion Stinger
mocreatures:scorpstingundead, Undead Scorpion Stinger
mocreatures:tuskswood, Wood Tusks
mocreatures:tusksiron, Iron Tusks
mocreatures:tusksdiamond, Diamond Tusks
mocreatures:elephantchest, Elephant Chest
mocreatures:elephantgarment, Elephant Garment
mocreatures:elephantharness, Elephant Harness
mocreatures:elephanthowdah, Elephant Howdah
mocreatures:mammothplatform, Mammoth Platform
mocreatures:scrolloffreedom, Scroll of Freedom
mocreatures:scrollofrenaming, Scroll of Renaming
mocreatures:scrollofsale, Scroll of Sale
mocreatures:crabraw, Raw Crab
mocreatures:crabcooked, Cooked Crab
mocreatures:fine_silver_ingot, Fine Silver Ingot
mocreatures:fine_silver_nugget, Fine Silver Nugget
mocreatures:kittybed_white, White Kitty Bed
mocreatures:kittybed_orange, Orange Kitty Bed
mocreatures:kittybed_magenta, Magenta Kitty Bed
mocreatures:kittybed_light_blue, Light Blue Kitty Bed
mocreatures:kittybed_yellow, Yellow Kitty Bed
mocreatures:kittybed_lime, Lime Kitty Bed
mocreatures:kittybed_pink, Pink Kitty Bed
mocreatures:kittybed_gray, Gray Kitty Bed
mocreatures:kittybed_silver, Light Gray Kitty Bed
mocreatures:kittybed_cyan, Cyan Kitty Bed
mocreatures:kittybed_purple, Purple Kitty Bed
mocreatures:kittybed_blue, Blue Kitty Bed
mocreatures:kittybed_brown, Brown Kitty Bed
mocreatures:kittybed_green, Green Kitty Bed
mocreatures:kittybed_red, Red Kitty Bed
mocreatures:kittybed_black, Black Kitty Bed
mowziesmobs:foliaath_seed, Foliaath Seed
mowziesmobs:test_structure, Test Structures
mowziesmobs:mob_remover, Mob Remover
mowziesmobs:wrought_axe, Axe of a Thousand Metals
mowziesmobs:wrought_helmet, Wrought Helm
mowziesmobs:barako_mask, Sol Visage
mowziesmobs:dart, Dart
mowziesmobs:spear, Spear
mowziesmobs:blowgun, Blowgun
mowziesmobs:spawn_egg:0, Spawn Foliaath
mowziesmobs:spawn_egg:0, Spawn Ferrous Wroughtnaut
mowziesmobs:spawn_egg:0, Spawn Barakoana
mowziesmobs:spawn_egg:0, Spawn Barakoa
mowziesmobs:spawn_egg:0, Spawn Barako, the Sun Chief
mowziesmobs:spawn_egg:0, Spawn Frostmaw
mowziesmobs:spawn_egg:0, Spawn Grottol
mowziesmobs:spawn_egg:0, Spawn Lantern
mowziesmobs:spawn_egg:0, Spawn Naga
mowziesmobs:grant_suns_blessing, Receive Sun's Blessing
mowziesmobs:ice_crystal, Ice Crystal
mowziesmobs:earth_talisman, Earth Talisman
mowziesmobs:captured_grottol, Captured Grottol
mowziesmobs:glowing_jelly, Luminous Jelly
mowziesmobs:naga_fang, Naga Fang
mowziesmobs:naga_fang_dagger, Naga Fang Dagger
mowziesmobs:logo, item.logo.name
mowziesmobs:painted_acacia, Painted Acacia Wood
mowziesmobs:painted_acacia_slab, Painted Acacia Wood Slab
mowziesmobs:barakoa_mask_fury, Mask of Fury
mowziesmobs:barakoa_mask_fear, Mask of Fear
mowziesmobs:barakoa_mask_rage, Mask of Rage
mowziesmobs:barakoa_mask_bliss, Mask of Bliss
mowziesmobs:barakoa_mask_misery, Mask of Misery
nethers_delight_legacy:hoglin_hide, Hoglin Hide
nethers_delight_legacy:raw_stuffed_hoglin, Raw Stuffed Hoglin
nethers_delight_legacy:hoglin_loin, Hoglin Loin
nethers_delight_legacy:hoglin_sirloin, Hoglin Sirloin
nethers_delight_legacy:strider_slice, Strider Slice
nethers_delight_legacy:ground_strider, Ground Strider
nethers_delight_legacy:hoglin_ear, Hoglin Ear
nethers_delight_legacy:warped_moldy_meat, Warped Moldy Meat
nethers_delight_legacy:grilled_strider, Grilled Strider
nethers_delight_legacy:strider_moss_stew, Strider Moss Stew
nethers_delight_legacy:plate_of_stuffed_hoglin_snout, Plate of Stuffed Hoglin Snout
nethers_delight_legacy:plate_of_stuffed_hoglin_ham, Plate of Stuffed Hoglin Ham
nethers_delight_legacy:plate_of_stuffed_hoglin_roast, Plate of Stuffed Hoglin Roast
nethers_delight_legacy:propelpearl, Propelpearl
nethers_delight_legacy:nether_skewer, Nether Skewer
nethers_delight_legacy:magma_gelatin, Magma Gelatin
nethers_delight_legacy:iron_machete, Iron Machete
nethers_delight_legacy:diamond_machete, Diamond Machete
nethers_delight_legacy:golden_machete, Golden Machete
nethers_delight_legacy:netherite_machete, Netherite Machete
nethers_delight_legacy:stuffed_hoglin, Stuffed Hoglin
nethers_delight_legacy:crimson_fungus_colony, Crimson Fungus Colony
nethers_delight_legacy:warped_fungus_colony, Warped Fungus Colony
nethers_delight_legacy:mimicarnation, Mimicarnation
nethers_delight_legacy:propelplant_cane, Propelplant Cane
nethers_delight_legacy:propelplant_torch, Propelplant Torch
nethers_delight_legacy:blackstone_stove, Blackstone Stove
nethers_delight_legacy:hoglin_trophy, Hoglin Trophy
nethers_delight_legacy:soul_compost, Soul Compost
nethers_delight_legacy:rich_soul_soil, Rich Soul Soil
nt:olive_leaves_green, Green Olive Leaves
nt:conifer_leaves_yellow, Yellow Conifer Leaves
nt:conifer_leaves_orange, Orange Conifer Leaves
nt:cherry_leaves_purple, Cherry Leaves
nt:cherry_leaves_white, Cherry Leaves
nt:cherry_leaves_pink, Cherry Leaves
nt:maple_leaves, Maple Leaves
nt:jacaranda_leaves, Jacaranda Leaves
nt:spruce_leaves_red, Red Spruce Leaves
nt:spruce_leaves_blue, Blue Spruce Leaves
nt:oak_leaves_red, Red Oak Leaves
nt:brownautumn_leaves, Autumn Leaves
nt:orangeautumn_leaves, Autumn Leaves
nt:redautumn_leaves, Autumn Leaves
nt:yellowautumn_leaves, Autumn Leaves
nt:paulownia_leaves, Paulownia Leaves
nt:orchard_leaves, White Leaves
nt:whitemyrtle_leaves, White Myrtle Leaves
nt:flower_primevere, Primevere Flower
nt:flower_allium, Allium Flower
nt:flower_aspalathus, Aspalathus Flower
nt:flower_abelia_top, Aelia Top Flower
nt:flower_abeliophyllum, Abeliophyllum Flower
nt:flower_abroma, Abroma Flower
nt:flower_abronia_bot, Abronia Bot Flower
nt:flower_abronia_top, Abronia Top Flower
nt:flower_abutilon, Abutilon Flower
nt:flower_acaena, Acaena Flower
nt:flower_acalypha_r, Acalypha R Flower
nt:flower_acantholimon, Acantholimon Flower
nt:flower_acanthus_bot, Acanthus Bot Flower
nt:flower_acanthus_top, Acanthus Top Flower
nt:flower_achillea, Achillea Flower
nt:flower_achimenes, Achimenes Flower
nt:flower_acinos, Acinos Flower
nt:flower_aciphylla, Aciphylla Flower
nt:flower_adenocarpus_bot, Adenocarpus Bot Flower
nt:flower_adenocarpus_top, Adenocarpus Top Flower
nt:flower_adenophora, Adenophora Flower
nt:flower_adonis, Adonis Flower
nt:flower_aechmea, Aechmea Flower
nt:flower_aeschynanthus, Aeschynanthus Flower
nt:flower_aethionema, Aethionema Flower
nt:flower_agapanthus, Agapanthus Flower
nt:flower_ageratum, Ageratum Flower
nt:flower_agonis_bot, Agonist Bot Flower
nt:flower_agonis_top, Agonis Top Flower
nt:flower_agrostemma, Agrostemma Flower
nt:flower_aira, Aira Flower
nt:flower_ajuga, Ajuga Flower
nt:flower_albuca, Albuca Flower
nt:flower_alcea, Alcea Flower
nt:flower_alkanna, Alkanna Flower
nt:flower_alliaria, Alliaria Flower
nt:flower_aloe, Aloe Flower
nt:flower_alonsoa_bot, Alonsoa Bot Flower
nt:flower_alonsoa_top, Alonsoa Top Flower
nt:flower_alopecurus, Alopecurus Flower
nt:flower_alsobia, Alsobia Flower
nt:flower_alstroemeria, Alstroemeria Flower
nt:flower_alyogyne, Alyogyne Flower
nt:flower_amaryllis, Amaryllis Flower
nt:flower_ambrosia, Ambrosia Flower
nt:flower_amesiella, Amesiella Flower
nt:flower_ammobium, Ammobium Flower
nt:flower_amphipappus, Amphipappus Flower
nt:flower_anacyclus, Anacyclus Flower
nt:flower_anagallis, Anagallis Flower
nt:flower_anchusa, Anchusa Flower
nt:flower_apache_plume, Apache Plume Flower
nt:flower_argocoffeeopsis, Argocoffeeopsis Flower
nt:flower_arizona_poppy, Arizona Poppy Flower
nt:flower_asclepias, Asclepias Flower
nt:flower_asclepias_t, Asclepias T Flower
nt:flower_asian_mustard, Asian Mustard Flower
nt:flower_barbarea, Barbarea Flower
nt:flower_barren_strawberry, Barren Strawberry Flower
nt:flower_beardtongue, Beardtongue Flower
nt:flower_begonia, Begonia Flower
nt:flower_bigelows_monkey_flower, Bigelows Monkey Flower
nt:flower_blacktack_phacelia, Blocktack Phacelia Flower
nt:flower_blazing_star, Blazing Star Flower
nt:flower_blue_flax, Blug Fax Flower
nt:flower_brachystelma, Brachystelma Flower
nt:flower_bristly_fiddleneck, Bristly Fiddleneck Flower
nt:flower_brown_eyes, Brown Eyes Flower
nt:flower_buckbrush, Buckbrush Flower
nt:flower_bulbil_buglelily_bot, Bulbil Buglelily Bot Flower
nt:flower_bulbil_buglelily_top, Bulbil Buglelily Top Flower
nt:flower_button_brittlebush, Button Brittlebush Flower
nt:flower_cambridge_blue, Cambridge Blue Flower
nt:flower_canaigre, Canaigre Flower
nt:flower_cardamine, Cardamine Flower
nt:flower_cephalophyllum, Cephalophyllum Flower
nt:flower_chocolate_drops, Chocolate Drops Flower
nt:flower_chrysanthemum, Chrysanthemum Flower
nt:flower_chuparosa, Chuparosa Flower
nt:flower_clove, Clove Flower
nt:flower_clustered_broomrape, Clustered Broomrape Flower
nt:flower_corydalis, Corydalis Flower
nt:flower_coulters_jewelflower, Coulters Jewel Flower
nt:flower_crassula, Crassula Flower
nt:flower_disa, Disa Flower
nt:flower_distant_scorpionweed, Distant Scorpion Weed Flower
nt:flower_epipogium, Epipogium Flower
nt:flower_fabaceae, Fabaceae Flower
nt:flower_fairy_lily, Fairy Lily Flower
nt:flower_flower_abelia_bot, Abelia Bot Flower
nt:flower_fruit_bot, Fruit Bot Flower
nt:flower_fruit_top, Fruit Top Flower
nt:flower_galanthus, Galanthus Flower
nt:flower_heliotropium, Helioptropium Flower
nt:flower_hellebore, Hellebore Flower
nt:flower_hesperis, Hesperis Flower
nt:flower_impatiens, Impatiens Flower
nt:flower_isolepis, Isolepis Flower
nt:flower_narthecium, Narthecium Flower
nt:flower_neglected_scorpionweed, Neglected Scorpion Weed Flower
nt:flower_nemesia, Nemesia Flower
nt:flower_none_bot, None Bot Flower
nt:flower_none_top, None Top Flower
nt:flower_pink_corydalis, Pink Corydalis Flower
nt:flower_pluchea_glutinosa, Pluchea Glutinosa Flower
nt:flower_psoralea_cataracta, Psoralea Cataracta Flower
nt:flower_psoralea_macrophylla, Psoralea Macrophylla Flower
nt:flower_pueraria, Pueraria Flower
nt:flower_rhanterium, Rhanterium Flower
nt:flower_rorippa, Rorippa Flower
nt:flower_royal_bluebell, Royal Bluebell Flower
nt:flower_rudbeckia_h, Rudbeckia H Flower
nt:flower_sagebrush, Sage Brush Flower
nt:flower_san_angelo_yucca, San Angelo Yucca Flower
nt:flower_sandbog_death_camas, Sandbog Death Camas Flower
nt:flower_snowy_river_westringia, Snowy River Westringia Flower
nt:flower_streblorrhiza, Streblorrhiza Flower
nt:flower_sumatra, Sumatra Flower
nt:flower_thismia, Thismia Flower
nt:flower_trillium, Trillium Flower
nt:flower_veratrum, Veratrum Flower
nt:flower_veronica, Veronica Flower
nt:flower_viola, Viola Flower
nt:flower_weldenia_candida, Weldenia Candida Flower
nt:flower_wild_rice, Wild Rice Flower
nt:flower_yellowroot, Yellowroot Flower
nt:flower_zenobia, Zenobia Flower
nt:flower_olive, Olive Fruit
nt:conifer_sapling_yellow, Yellow Conifer Sapling
nt:conifer_sapling_orange, Orange Conifer Sapling
nt:cherry_sapling_purple, Cherry Sapling
nt:cherry_sapling_white, Cherry Sapling
nt:cherry_sapling_pink, Cherry Sapling
nt:maple_sapling, Maple Sapling
nt:jacaranda_sapling, Jacaranda Sapling
nt:spruce_sapling_red, Red Spruce Sapling
nt:spruce_sapling_blue, Blue Spruce Sapling
nt:oak_sapling_red, Red Oak Sapling
nt:brownautumn_sapling, Autumn Sapling
nt:orangeautumn_sapling, Autumn Sapling
nt:redautumn_sapling, Autumn Sapling
nt:yellowautumn_sapling, Autumn Sapling
nt:paulownia_sapling, Paulownia Sapling
nt:orchard_sapling, White Sapling
nt:whitemyrtle_sapling, White Myrtle Sapling
nt:shrub_sapling_acacia, Acacia Shrub Sapling
nt:shrub_sapling_birch, Birch Shrub Sapling
nt:shrub_sapling_bluespruce, Blue Spruce Shrub Sapling
nt:shrub_sapling_cherrypink, Cherry Shrub Sapling
nt:shrub_sapling_cherrypurple, Cherry Shrub Sapling
nt:shrub_sapling_cherrywhite, Cherry Shrub Sapling
nt:shrub_sapling_coniferorange, Orange Conifer Shrub Sapling
nt:shrub_sapling_coniferyellow, Yellow Conifer Shrub Sapling
nt:shrub_sapling_darkoak, Dark Oak Shrub Sapling
nt:shrub_sapling_jacaranda, Jacaranda Shrub Sapling
nt:shrub_sapling_jungle, Jungle Shrub Sapling
nt:shrub_sapling_maple, Maple Shrub Sapling
nt:shrub_sapling_oak, Oak Shrub Sapling
nt:shrub_sapling_redoak, Red Oak Shrub Sapling
nt:shrub_sapling_redspruce, Red Spruce Shrub Sapling
nt:shrub_sapling_spruce, Spruce Shrub Sapling
nt:sapling_poplar, Poplar Sapling
nt:sapling_tallspruce, Taller Spruce Sapling
nt:white_sand, Sand
nt:white_sandstone, Sandstone
nt:white_sandstone_smooth, Sandstone
nt:white_sandstone_carved, Sandstone
nt:white_sandstone_face, Sandstone
nt:white_sandstone_glyph, Sandstone
nt:cold_sand, Sand
nt:cold_sandstone, Sandstone
nt:cold_sandstone_smooth, Smooth Sandstone
nt:cold_sandstone_carved, Carved Sandstone
nt:cold_sandstone_face, Face Sandstone
nt:cold_sandstone_glyph, Glyph Sandstone
nt:black_sand, Sand
nt:black_sandstone, Sandstone
nt:black_sandstone_smooth, Smooth Sandstone
nt:black_sandstone_carved, Carved Sandstone
nt:black_sandstone_face, Face Sandstone
nt:black_sandstone_glyph, Glyph Sandstone
nt:olivine_sand, Sand
nt:olivine_sandstone, Sandstone
nt:olivine_sandstone_smooth, Smooth Sandstone
nt:olivine_sandstone_carved, Carved Sandstone
nt:olivine_sandstone_face, Face Sandstone
nt:olivine_sandstone_glyph, Glyph Sandstone
nt:pink_sand, Sand
nt:pink_sandstone, Sandstone
nt:pink_sandstone_smooth, Smooth Sandstone
nt:pink_sandstone_carved, Carved Sandstone
nt:pink_sandstone_face, Face Sandstone
nt:pink_sandstone_glyph, Glyph Sandstone
nt:purple_sand, Sand
nt:purple_sandstone, Sandstone
nt:purple_sandstone_smooth, Smooth Sandstone
nt:purple_sandstone_carved, Carved Sandstone
nt:purple_sandstone_face, Face Sandstone
nt:purple_sandstone_glyph, Glyph Sandstone
nt:continental_sand, Sand
nt:continental_sandstone, Sandstone
nt:continental_sandstone_smooth, Smooth Sandstone
nt:continental_sandstone_carved, Carved Sandstone
nt:continental_sandstone_face, Face Sandstone
nt:continental_sandstone_glyph, Glyph Sandstone
nt:iron_sand, Sand
nt:iron_sandstone, Sandstone
nt:iron_sandstone_smooth, Smooth Sandstone
nt:iron_sandstone_carved, Carved Sandstone
nt:iron_sandstone_face, Face Sandstone
nt:iron_sandstone_glyph, Glyph Sandstone
nt:orange_sand, Sand
nt:orange_sandstone, Sandstone
nt:orange_sandstone_smooth, Smooth Sandstone
nt:orange_sandstone_carved, Carved Sandstone
nt:orange_sandstone_face, Face Sandstone
nt:orange_sandstone_glyph, Glyph Sandstone
nt:red_podzol,  Podzol
nt:blue_podzol,  Podzol
paraglider:paraglider:0, Paraglider
primitivemobs:camouflage_dye, Camouflage Dye
primitivemobs:camouflage_helmet, Camouflage Helmet
primitivemobs:camouflage_chestplate, Camouflage Chestplate
primitivemobs:camouflage_boots, Camouflage Boots
primitivemobs:camouflage_leggings, Camouflage Leggings
primitivemobs:dodo, Raw Dodo
primitivemobs:cooked_dodo, Cooked Dodo
primitivemobs:dodo_egg, Dodo Egg
primitivemobs:mimic_orb, Mimic Orb
primitivemobs:goblin_mace, Goblin Mace
primitivemobs:wonder_sap, Wonder Sap
primitivemobs:spider_egg, Spider Egg
primitivemobs:mysteryegg1, Mystery Egg
primitivemobs:mysteryegg2, Mystery Egg
primitivemobs:mysteryegg3, Mystery Egg
primitivemobs:spider_eggshell, Spider Egg Shell
raids:ominous_bottle:0, Ominous Bottle
raids:ominous_bottle:1, Ominous Bottle
raids:ominous_bottle:2, Ominous Bottle
raids:ominous_bottle:3, Ominous Bottle
raids:ominous_bottle:4, Ominous Bottle
rats:cheese, Cheese
rats:raw_rat, Raw Rat
rats:cooked_rat, Cooked Rat
rats:rat_pelt, Rat Pelt
rats:cheese_stick, Cheese Staff
rats:radius_stick, Rat Radius Staff
rats:chef_toque, Chef Toque
rats:rat_flute, Rat Flute
rats:piper_hat, Piper Hat
rats:string_cheese, String Cheese
rats:creative_cheese, Creative Cheese
rats:assorted_vegetables, Assorted Vegetables
rats:rat_burger, Rat Burger
rats:rat_sack, Rat Sack
rats:rat_arrow, Rat on Arrow
rats:rat_capture_net, Rat Capture Net
rats:rat_upgrade_fragment, Rat Upgrade Fragment
rats:feathery_wing, Feathery Wing
rats:dragon_wing, Dragon Wing
rats:plastic_waste, Plastic Waste
rats:raw_plastic, Raw Plastic
rats:contaminated_food, Contaminated Food
rats:purifying_liquid, Purifying Liquid
rats:herb_bundle, Bundle of Sweet-Smelling Herbs
rats:treacle, Old Treacle
rats:plague_leech, Plague Leech
rats:plague_stew, Plague Stew
rats:plague_scythe, Black Death Scythe
rats:plague_tome, Plague Tome
rats:charged_creeper_chunk, Charged Creeper Chunk
rats:rat_igloo_white, White Rat Igloo
rats:rat_igloo_orange, Orange Rat Igloo
rats:rat_igloo_magenta, Magenta Rat Igloo
rats:rat_igloo_light_blue, Light Blue Rat Igloo
rats:rat_igloo_yellow, Yellow Rat Igloo
rats:rat_igloo_lime, Lime Rat Igloo
rats:rat_igloo_pink, Pink Rat Igloo
rats:rat_igloo_gray, Gray Rat Igloo
rats:rat_igloo_silver, Light Gray Rat Igloo
rats:rat_igloo_cyan, Cyan Rat Igloo
rats:rat_igloo_purple, Purple Rat Igloo
rats:rat_igloo_blue, Blue Rat Igloo
rats:rat_igloo_brown, Brown Rat Igloo
rats:rat_igloo_green, Green Rat Igloo
rats:rat_igloo_red, Red Rat Igloo
rats:rat_igloo_black, Black Rat Igloo
rats:rat_water_bottle, Rat Water Bottle
rats:rat_seed_bowl, Rat Seed Bowl
rats:rat_hammock_white, White Rat Hammock
rats:rat_hammock_orange, Orange Rat Hammock
rats:rat_hammock_magenta, Magenta Rat Hammock
rats:rat_hammock_light_blue, Light Blue Rat Hammock
rats:rat_hammock_yellow, Yellow Rat Hammock
rats:rat_hammock_lime, Lime Rat Hammock
rats:rat_hammock_pink, Pink Rat Hammock
rats:rat_hammock_gray, Gray Rat Hammock
rats:rat_hammock_silver, Light Gray Rat Hammock
rats:rat_hammock_cyan, Cyan Rat Hammock
rats:rat_hammock_purple, Purple Rat Hammock
rats:rat_hammock_blue, Blue Rat Hammock
rats:rat_hammock_brown, Brown Rat Hammock
rats:rat_hammock_green, Green Rat Hammock
rats:rat_hammock_red, Red Rat Hammock
rats:rat_hammock_black, Black Rat Hammock
rats:rat_breeding_lantern, Rat Breeding Lantern
rats:confit_byaldi, Confit Byaldi
rats:potato_pancake, Potato Pancake
rats:little_black_squash_balls, Little Black Squash Balls
rats:little_black_worm, Little Black Worm
rats:centipede, Centipede
rats:potato_kinishes, Potato Knishes
rats:tiny_coin, Tiny Coin
rats:token_fragment, Mysterious Token Fragment
rats:token_piece, Mysterious Token Chunk
rats:chunky_cheese_token, Chunky Cheese Token
rats:archeologist_hat, Archeologist Hat
rats:farmer_hat, Farmer Hat
rats:fisherman_hat, Fisherman's Hat
rats:rat_fez, Rat Fez
rats:top_hat, Top Hat
rats:santa_hat, Santa Hat
rats:plague_doctor_mask, Plague Doctor Mask
rats:black_death_mask, Black Death Mask
rats:plague_essence, Plague Essence
rats:plague_doctorate, Plague Doctorate
rats:rat_toga, Rat Toga
rats:ratglove_petals, Ratglove Petals
rats:feral_rat_claw, Feral Rat Claw
rats:feral_bagh_nakhs, Feral Ratlantean Bagh-Nakhs
rats:gem_of_ratlantis, Gem of Ratlantis
rats:arcane_technology, §2Arcane Technology
rats:ancient_sawblade, Ancient Sawblade
rats:ratlantean_flame, Ratlantean Spirit Flame
rats:vial_of_sentience, Vial of Consciousness
rats:psionic_rat_brain, §bPsionic Rat Brain
rats:pirat_hat, Pirat Hat
rats:pirat_cutlass, Pirat Cutlass
rats:cheese_cannonball, Cheese Cannonball
rats:rat_diamond, Rat Diamond
rats:music_disc_mice_on_venus, Music Disc
rats:music_disc_living_mice, Music Disc
rats:idol_of_ratlantis, §aAvatar of Ratlantis
rats:rat_upgrade_basic, Rat Upgrade: Basic
rats:rat_upgrade_creative, Rat Upgrade: Creative
rats:rat_upgrade_speed, Rat Upgrade: Speed
rats:rat_upgrade_replanter, Rat Upgrade: Replanter
rats:rat_upgrade_platter, Rat Upgrade: Platter
rats:rat_upgrade_health, Rat Upgrade: Health
rats:rat_upgrade_armor, Rat Upgrade: Armor
rats:rat_upgrade_strength, Rat Upgrade: Strength
rats:rat_upgrade_warrior, Rat Upgrade: Warrior
rats:rat_upgrade_god, Rat Upgrade: Battle-God
rats:rat_upgrade_chef, Rat Upgrade: Chef
rats:rat_upgrade_crafting, Rat Upgrade: Crafting
rats:rat_upgrade_blacklist, Rat Upgrade: Blacklist
rats:rat_upgrade_whitelist, Rat Upgrade: Whitelist
rats:rat_upgrade_flight, Rat Upgrade: Flight
rats:rat_upgrade_dragon, Rat Upgrade: Dragon
rats:rat_upgrade_aquatic, Rat Upgrade: Aquatic
rats:rat_upgrade_ender, Rat Upgrade: Ender
rats:rat_upgrade_lumberjack, Rat Upgrade: Lumberjack
rats:rat_upgrade_miner, Rat Upgrade: Miner
rats:rat_upgrade_farmer, Rat Upgrade: Planter
rats:rat_upgrade_breeder, Rat Upgrade: Animal Breeder
rats:rat_upgrade_fisherman, Rat Upgrade: Fisherman
rats:rat_upgrade_asbestos, Rat Upgrade: Asbesto-Rat
rats:rat_upgrade_underwater, Rat Upgrade: Extra Breath
rats:rat_upgrade_poison, Rat Upgrade: Potion Resistance
rats:rat_upgrade_damage_protection, Rat Upgrade: Damage Protection
rats:rat_upgrade_jury_rigged, Rat Upgrade: Jury-Rigged
rats:rat_upgrade_ore_doubling, Rat Upgrade: Ore Doubling
rats:rat_upgrade_basic_energy, Rat Upgrade: Basic Energy Transfer
rats:rat_upgrade_advanced_energy, Rat Upgrade: Advanced Energy Transfer
rats:rat_upgrade_elite_energy, Rat Upgrade: Elite Energy Transfer
rats:rat_upgrade_extreme_energy, Rat Upgrade: Extreme Energy Transfer
rats:rat_upgrade_bucket, Rat Upgrade: Bucket
rats:rat_upgrade_big_bucket, Rat Upgrade: Mega-Bucket
rats:rat_upgrade_milker, Rat Upgrade: Milkmaid
rats:rat_upgrade_shears, Rat Upgrade: Shears
rats:rat_upgrade_aristocrat, Rat Upgrade: Aristoc-Rat
rats:rat_upgrade_tnt, Rat Upgrade: TNT
rats:rat_upgrade_tnt_survivor, Rat Upgrade: TNT Expert
rats:rat_upgrade_placer, Rat Upgrade: Block Placer
rats:rat_upgrade_voodoo, Rat Upgrade: Voodoo Doll
rats:rat_upgrade_gemcutter, Rat Upgrade: Gemcutter
rats:rat_upgrade_enchanter, Rat Upgrade: Enchanter
rats:rat_upgrade_disenchanter, Rat Upgrade: Disenchanter
rats:rat_upgrade_christmas, Rat Upgrade: Festive
rats:rat_upgrade_no_flute, Rat Upgrade: Flute Denier
rats:rat_upgrade_archeologist, Rat Upgrade: Archeologist
rats:rat_upgrade_basic_ratlantean, Rat Upgrade: Basic Ratlantean
rats:rat_upgrade_feral_bite, Rat Upgrade: Feral Bite
rats:rat_upgrade_buccaneer, Rat Upgrade: Buccaneer
rats:rat_upgrade_ratinator, Rat Upgrade: Ratinator
rats:rat_upgrade_psychic, Rat Upgrade: Psychic
rats:rat_upgrade_nonbeliever, §aRat Upgrade: Nonbeliever
rats:rat_upgrade_combined, Rat Upgrade: Combined
rats:rat_upgrade_combined_creative, Rat Upgrade: Combined(Creative)
rats:rat_nugget, Rat §o"Nugget"
rats:rat_nugget_ore, %s§o"Nugget"
rats:block_of_cheese, Block of Cheese
rats:cauldron_milk, Cauldron of Milk
rats:cauldron_cheese, Cauldron of Cheese
rats:rat_hole, Rat Hole
rats:rattrap, Rat Trap
rats:rat_cage, Rat Cage
rats:rat_cage_decorated, Rat Cage
rats:rat_cage_breeding_lantern, tile.rats.rat_cage_breeding_lantern.name
rats:fish_barrel, Barrel of Fish
rats:rat_crafting_table, Rat Crafting Table
rats:auto_curdler, Curdling Station
rats:rat_tube_white, White Rat Tube
rats:rat_tube_orange, Orange Rat Tube
rats:rat_tube_magenta, Magenta Rat Tube
rats:rat_tube_light_blue, Light Blue Rat Tube
rats:rat_tube_yellow, Yellow Rat Tube
rats:rat_tube_lime, Lime Rat Tube
rats:rat_tube_pink, Pink Rat Tube
rats:rat_tube_gray, Gray Rat Tube
rats:rat_tube_silver, Light Gray Rat Tube
rats:rat_tube_cyan, Cyan Rat Tube
rats:rat_tube_purple, Purple Rat Tube
rats:rat_tube_blue, Blue Rat Tube
rats:rat_tube_brown, Brown Rat Tube
rats:rat_tube_green, Green Rat Tube
rats:rat_tube_red, Red Rat Tube
rats:rat_tube_black, Black Rat Tube
rats:garbage_pile, Garbage Pile
rats:ratglove_flower, Ratglove Flower
rats:marbled_cheese_raw, Raw Marbled Cheese
rats:marbled_cheese, Marbled Cheese
rats:marbled_cheese_slab:0, Marbled Cheese Slab
rats:marbled_cheese_slab_double:0, Marbled Cheese Slab
rats:marbled_cheese_stairs, Marbled Cheese Stairs
rats:marbled_cheese_tile, Marbled Cheese Tile
rats:marbled_cheese_chiseled, Chiseled Marbled Cheese
rats:marbled_cheese_pillar, Marbled Cheese Pillar
rats:marbled_cheese_brick, Marbled Cheese Brick
rats:marbled_cheese_brick_slab:0, Marbled Cheese Brick Slab
rats:marbled_cheese_brick_slab_double:0, Marbled Cheese Brick Slab
rats:marbled_cheese_brick_stairs, Marbled Cheese Brick Stairs
rats:marbled_cheese_brick_chiseled, Chiseled Marbled Cheese Brick
rats:marbled_cheese_brick_cracked, Cracked Marbled Cheese Brick
rats:marbled_cheese_brick_mossy, Mossy Marbled Cheese Brick
rats:marbled_cheese_dirt, Marbled Cheese Dirt
rats:marbled_cheese_grass, Marbled Cheese Grass
rats:marbled_cheese_rat_head, Ratlantean Automaton Head
rats:marbled_cheese_golem_core, Ratlantean Automaton Core
rats:ratlantis_portal, Ratlantis Portal
rats:compressed_rat, Block of Ratglove
rats:brain_block, Brain Block
rats:jack_o_ratern, Jack O' Ratern
rats:upgrade_combiner, Rat Upgrade Combiner
rats:upgrade_separator, Rat Upgrade Separator
rats:rat_lantern, Rat Lantern
simplycats:cat_book, Cat Book
simplycats:pet_carrier:3, Pet Carrier (Full)
simplycats:pet_carrier:0, Pet Carrier (Empty)
simplycats:certificate_adopt, Adoption Certificate
simplycats:certificate_release, Release Certificate
simplycats:treat_bag, Treat Bag
simplycats:catnip, Catnip
simplycats:laser_pointer, Laser Pointer
simplycats:sterilization_potion, Sterilization Potion
simplycats:crop_catnip, Catnip Seeds
simplycats:cat_bowl_white, White Cat Bowl
simplycats:litter_box_white, White Litter Box
simplycats:cat_tree_bed_white, White Tree Bed
simplycats:cat_tree_post_white, White Tree Post
simplycats:cat_tree_box_white, White Tree Box
simplycats:cat_bowl_orange, Orange Cat Bowl
simplycats:litter_box_orange, Orange Litter Box
simplycats:cat_tree_bed_orange, Orange Tree Bed
simplycats:cat_tree_post_orange, Orange Tree Post
simplycats:cat_tree_box_orange, Orange Tree Box
simplycats:cat_bowl_magenta, Magenta Cat Bowl
simplycats:litter_box_magenta, Magenta Litter Box
simplycats:cat_tree_bed_magenta, Magenta Tree Bed
simplycats:cat_tree_post_magenta, Magenta Tree Post
simplycats:cat_tree_box_magenta, Magenta Tree Box
simplycats:cat_bowl_light_blue, Light Blue Cat Bowl
simplycats:litter_box_light_blue, Light Blue Litter Box
simplycats:cat_tree_bed_light_blue, Light Blue Tree Bed
simplycats:cat_tree_post_light_blue, Light Blue Tree Post
simplycats:cat_tree_box_light_blue, Light Blue Tree Box
simplycats:cat_bowl_yellow, Yellow Cat Bowl
simplycats:litter_box_yellow, Yellow Litter Box
simplycats:cat_tree_bed_yellow, Yellow Tree Bed
simplycats:cat_tree_post_yellow, Yellow Tree Post
simplycats:cat_tree_box_yellow, Yellow Tree Box
simplycats:cat_bowl_lime, Lime Cat Bowl
simplycats:litter_box_lime, Lime Litter Box
simplycats:cat_tree_bed_lime, Lime Tree Bed
simplycats:cat_tree_post_lime, Lime Tree Post
simplycats:cat_tree_box_lime, Lime Tree Box
simplycats:cat_bowl_pink, Pink Cat Bowl
simplycats:litter_box_pink, Pink Litter Box
simplycats:cat_tree_bed_pink, Pink Tree Bed
simplycats:cat_tree_post_pink, Pink Tree Post
simplycats:cat_tree_box_pink, Pink Tree Box
simplycats:cat_bowl_gray, Gray Cat Bowl
simplycats:litter_box_gray, Gray Litter Box
simplycats:cat_tree_bed_gray, Gray Tree Bed
simplycats:cat_tree_post_gray, Gray Tree Post
simplycats:cat_tree_box_gray, Gray Tree Box
simplycats:cat_bowl_silver, Light Gray Cat Bowl
simplycats:litter_box_silver, Light Gray Litter Box
simplycats:cat_tree_bed_silver, Light Gray Tree Bed
simplycats:cat_tree_post_silver, Light Gray Tree Post
simplycats:cat_tree_box_silver, Light Gray Tree Box
simplycats:cat_bowl_cyan, Cyan Cat Bowl
simplycats:litter_box_cyan, Cyan Litter Box
simplycats:cat_tree_bed_cyan, Cyan Tree Bed
simplycats:cat_tree_post_cyan, Cyan Tree Post
simplycats:cat_tree_box_cyan, Cyan Tree Box
simplycats:cat_bowl_purple, Purple Cat Bowl
simplycats:litter_box_purple, Purple Litter Box
simplycats:cat_tree_bed_purple, Purple Tree Bed
simplycats:cat_tree_post_purple, Purple Tree Post
simplycats:cat_tree_box_purple, Purple Tree Box
simplycats:cat_bowl_blue, Blue Cat Bowl
simplycats:litter_box_blue, Blue Litter Box
simplycats:cat_tree_bed_blue, Blue Tree Bed
simplycats:cat_tree_post_blue, Blue Tree Post
simplycats:cat_tree_box_blue, Blue Tree Box
simplycats:cat_bowl_brown, Brown Cat Bowl
simplycats:litter_box_brown, Brown Litter Box
simplycats:cat_tree_bed_brown, Brown Tree Bed
simplycats:cat_tree_post_brown, Brown Tree Post
simplycats:cat_tree_box_brown, Brown Tree Box
simplycats:cat_bowl_green, Green Cat Bowl
simplycats:litter_box_green, Green Litter Box
simplycats:cat_tree_bed_green, Green Tree Bed
simplycats:cat_tree_post_green, Green Tree Post
simplycats:cat_tree_box_green, Green Tree Box
simplycats:cat_bowl_red, Red Cat Bowl
simplycats:litter_box_red, Red Litter Box
simplycats:cat_tree_bed_red, Red Tree Bed
simplycats:cat_tree_post_red, Red Tree Post
simplycats:cat_tree_box_red, Red Tree Box
simplycats:cat_bowl_black, Black Cat Bowl
simplycats:litter_box_black, Black Litter Box
simplycats:cat_tree_bed_black, Black Tree Bed
simplycats:cat_tree_post_black, Black Tree Post
simplycats:cat_tree_box_black, Black Tree Box
simplycats:scratching_post_oak, Oak Scratching Post
simplycats:window_perch_oak, Oak Window Perch
simplycats:scratching_post_spruce, Spruce Scratching Post
simplycats:window_perch_spruce, Spruce Window Perch
simplycats:scratching_post_birch, Birch Scratching Post
simplycats:window_perch_birch, Birch Window Perch
simplycats:scratching_post_jungle, Jungle Scratching Post
simplycats:window_perch_jungle, Jungle Window Perch
simplycats:scratching_post_acacia, Acacia Scratching Post
simplycats:window_perch_acacia, Acacia Window Perch
simplycats:scratching_post_dark_oak, Dark Oak Scratching Post
simplycats:window_perch_dark_oak, Dark Oak Window Perch
spartanshields:shield_basic_wood, Crude Wooden Shield
spartanshields:shield_basic_stone, Stone Braced Shield
spartanshields:shield_basic_iron, Iron Plated Shield
spartanshields:shield_basic_gold, Gold Gilded Shield
spartanshields:shield_basic_diamond, Diamond Reinforced Shield
spartanshields:shield_basic_obsidian, Bulky Obsidian Shield
spartanshields:shield_tower_wood, Wooden Tower Shield
spartanshields:shield_tower_stone, Stone Tower Shield
spartanshields:shield_tower_iron, Iron Tower Shield
spartanshields:shield_tower_gold, Gold Tower Shield
spartanshields:shield_tower_diamond, Diamond Tower Shield
spartanshields:shield_tower_obsidian, Obsidian Tower Shield
spartanshields:shield_basic_bronze, Bronze Plated Shield
spartanshields:shield_tower_bronze, Bronze Tower Shield
spartanshields:shield_basic_steel, Steel Plated Shield
spartanshields:shield_tower_steel, Steel Tower Shield
spartanshields:shield_basic_copper, Copper Braced Shield
spartanshields:shield_tower_copper, Copper Tower Shield
spartanshields:shield_basic_tin, Tin Braced Shield
spartanshields:shield_tower_tin, Tin Tower Shield
spartanshields:shield_basic_silver, Silver Gilded Shield
spartanshields:shield_tower_silver, Silver Tower Shield
spartanshields:shield_basic_enderium, Enderium Strengthened Shield
spartanshields:shield_basic_invar, Invar Plated Shield
spartanshields:shield_tower_invar, Invar Tower Shield
spartanshields:shield_basic_platinum, Platinum Plated Shield
spartanshields:shield_tower_platinum, Platinum Tower Shield
spartanshields:shield_basic_electrum, Electrum Plated Shield
spartanshields:shield_tower_electrum, Electrum Tower Shield
spartanshields:shield_basic_nickel, Nickel Braced Shield
spartanshields:shield_tower_nickel, Nickel Tower Shield
spartanshields:shield_basic_lead, Lead Plated Shield
spartanshields:shield_tower_lead, Lead Tower Shield
spartanshields:shield_basic_signalum, Signalum Strengthened Shield
spartanshields:shield_basic_lumium, Radiant Lumium Shield
spartanshields:shield_botania_manasteel, Manasteel Plated Shield
spartanshields:shield_botania_terrasteel, Terrasteel Strengthened Shield
spartanshields:shield_botania_elementium, Elementium Plated Shield
spartanshields:shield_basic_constantan, Constantan Plated Shield
spartanshields:shield_tower_constantan, Constantan Tower Shield
spartanshields:shield_abyssalcraft_darkstone, Darkstone Braced Shield
spartanshields:shield_abyssalcraft_abyssalnite, Abyssalnite Plated Shield
spartanshields:shield_abyssalcraft_coralium, Coralium Plated Shield
spartanshields:shield_abyssalcraft_dreadium, Dreadium Reinforced Shield
spartanshields:shield_abyssalcraft_ethaxium, Ethaxium Strengthened Shield
spartanshields:shield_basic_soulforged_steel, Soulforged Steel Plated Shield
spartanshields:shield_tc_thaumium, Thaumium Plated Shield
spartanshields:shield_tc_void, Void Plated Shield
spartanshields:shield_riot_enderio, Dark Steel Riot Shield
spartanshields:shield_riot_rftools, Infused Riot Shield
spartanshields:shield_flux_ra, Flux-Infused Shield
spartanweaponry:material:0, Handle
spartanweaponry:material:1, Pole
spartanweaponry:material:2, Explosive Charge
spartanweaponry:dagger_wood, item.spartanweaponry:dagger_wood.name
spartanweaponry:dagger_stone, item.spartanweaponry:dagger_stone.name
spartanweaponry:dagger_iron, item.spartanweaponry:dagger_iron.name
spartanweaponry:dagger_gold, item.spartanweaponry:dagger_gold.name
spartanweaponry:dagger_diamond, item.spartanweaponry:dagger_diamond.name
spartanweaponry:parrying_dagger_wood, item.spartanweaponry:parrying_dagger_wood.name
spartanweaponry:parrying_dagger_stone, item.spartanweaponry:parrying_dagger_stone.name
spartanweaponry:parrying_dagger_iron, item.spartanweaponry:parrying_dagger_iron.name
spartanweaponry:parrying_dagger_gold, item.spartanweaponry:parrying_dagger_gold.name
spartanweaponry:parrying_dagger_diamond, item.spartanweaponry:parrying_dagger_diamond.name
spartanweaponry:longsword_wood, item.spartanweaponry:longsword_wood.name
spartanweaponry:longsword_stone, item.spartanweaponry:longsword_stone.name
spartanweaponry:longsword_iron, item.spartanweaponry:longsword_iron.name
spartanweaponry:longsword_gold, item.spartanweaponry:longsword_gold.name
spartanweaponry:longsword_diamond, item.spartanweaponry:longsword_diamond.name
spartanweaponry:katana_wood, item.spartanweaponry:katana_wood.name
spartanweaponry:katana_stone, item.spartanweaponry:katana_stone.name
spartanweaponry:katana_iron, item.spartanweaponry:katana_iron.name
spartanweaponry:katana_gold, item.spartanweaponry:katana_gold.name
spartanweaponry:katana_diamond, item.spartanweaponry:katana_diamond.name
spartanweaponry:scythe_wood, item.spartanweaponry:scythe_wood.name
spartanweaponry:scythe_stone, item.spartanweaponry:scythe_stone.name
spartanweaponry:scythe_iron, item.spartanweaponry:scythe_iron.name
spartanweaponry:scythe_gold, item.spartanweaponry:scythe_gold.name
spartanweaponry:scythe_diamond, item.spartanweaponry:scythe_diamond.name
spartanweaponry:saber_wood, item.spartanweaponry:saber_wood.name
spartanweaponry:saber_stone, item.spartanweaponry:saber_stone.name
spartanweaponry:saber_iron, item.spartanweaponry:saber_iron.name
spartanweaponry:saber_gold, item.spartanweaponry:saber_gold.name
spartanweaponry:saber_diamond, item.spartanweaponry:saber_diamond.name
spartanweaponry:rapier_wood, item.spartanweaponry:rapier_wood.name
spartanweaponry:rapier_stone, item.spartanweaponry:rapier_stone.name
spartanweaponry:rapier_iron, item.spartanweaponry:rapier_iron.name
spartanweaponry:rapier_gold, item.spartanweaponry:rapier_gold.name
spartanweaponry:rapier_diamond, item.spartanweaponry:rapier_diamond.name
spartanweaponry:greatsword_wood, item.spartanweaponry:greatsword_wood.name
spartanweaponry:greatsword_stone, item.spartanweaponry:greatsword_stone.name
spartanweaponry:greatsword_iron, item.spartanweaponry:greatsword_iron.name
spartanweaponry:greatsword_gold, item.spartanweaponry:greatsword_gold.name
spartanweaponry:greatsword_diamond, item.spartanweaponry:greatsword_diamond.name
spartanweaponry:caestus, Caestus
spartanweaponry:caestus_studded, Studded Caestus
spartanweaponry:club_wood, Wooden Club
spartanweaponry:club_studded, Studded Club
spartanweaponry:hammer_wood, item.spartanweaponry:hammer_wood.name
spartanweaponry:hammer_stone, item.spartanweaponry:hammer_stone.name
spartanweaponry:hammer_iron, item.spartanweaponry:hammer_iron.name
spartanweaponry:hammer_gold, item.spartanweaponry:hammer_gold.name
spartanweaponry:hammer_diamond, item.spartanweaponry:hammer_diamond.name
spartanweaponry:warhammer_wood, item.spartanweaponry:warhammer_wood.name
spartanweaponry:warhammer_stone, item.spartanweaponry:warhammer_stone.name
spartanweaponry:warhammer_iron, item.spartanweaponry:warhammer_iron.name
spartanweaponry:warhammer_gold, item.spartanweaponry:warhammer_gold.name
spartanweaponry:warhammer_diamond, item.spartanweaponry:warhammer_diamond.name
spartanweaponry:spear_wood, item.spartanweaponry:spear_wood.name
spartanweaponry:spear_stone, item.spartanweaponry:spear_stone.name
spartanweaponry:spear_iron, item.spartanweaponry:spear_iron.name
spartanweaponry:spear_gold, item.spartanweaponry:spear_gold.name
spartanweaponry:spear_diamond, item.spartanweaponry:spear_diamond.name
spartanweaponry:halberd_wood, item.spartanweaponry:halberd_wood.name
spartanweaponry:halberd_stone, item.spartanweaponry:halberd_stone.name
spartanweaponry:halberd_iron, item.spartanweaponry:halberd_iron.name
spartanweaponry:halberd_gold, item.spartanweaponry:halberd_gold.name
spartanweaponry:halberd_diamond, item.spartanweaponry:halberd_diamond.name
spartanweaponry:pike_wood, item.spartanweaponry:pike_wood.name
spartanweaponry:pike_stone, item.spartanweaponry:pike_stone.name
spartanweaponry:pike_iron, item.spartanweaponry:pike_iron.name
spartanweaponry:pike_gold, item.spartanweaponry:pike_gold.name
spartanweaponry:pike_diamond, item.spartanweaponry:pike_diamond.name
spartanweaponry:lance_wood, item.spartanweaponry:lance_wood.name
spartanweaponry:lance_stone, item.spartanweaponry:lance_stone.name
spartanweaponry:lance_iron, item.spartanweaponry:lance_iron.name
spartanweaponry:lance_gold, item.spartanweaponry:lance_gold.name
spartanweaponry:lance_diamond, item.spartanweaponry:lance_diamond.name
spartanweaponry:longbow_wood, Wooden Longbow
spartanweaponry:longbow_leather, Leather-Strengthened Longbow
spartanweaponry:longbow_iron, Iron-Strengthened Longbow
spartanweaponry:longbow_diamond, Diamond-Strengthened Longbow
spartanweaponry:crossbow_wood, Wooden Crossbow
spartanweaponry:crossbow_leather, Leather-Strengthened Crossbow
spartanweaponry:crossbow_iron, Iron-Strengthened Crossbow
spartanweaponry:crossbow_diamond, Diamond-Strengthened Crossbow
spartanweaponry:throwing_knife_wood, item.spartanweaponry:throwing_knife_wood.name
spartanweaponry:throwing_knife_stone, item.spartanweaponry:throwing_knife_stone.name
spartanweaponry:throwing_knife_iron, item.spartanweaponry:throwing_knife_iron.name
spartanweaponry:throwing_knife_gold, item.spartanweaponry:throwing_knife_gold.name
spartanweaponry:throwing_knife_diamond, item.spartanweaponry:throwing_knife_diamond.name
spartanweaponry:throwing_axe_wood, item.spartanweaponry:throwing_axe_wood.name
spartanweaponry:throwing_axe_stone, item.spartanweaponry:throwing_axe_stone.name
spartanweaponry:throwing_axe_iron, item.spartanweaponry:throwing_axe_iron.name
spartanweaponry:throwing_axe_gold, item.spartanweaponry:throwing_axe_gold.name
spartanweaponry:throwing_axe_diamond, item.spartanweaponry:throwing_axe_diamond.name
spartanweaponry:javelin_wood, item.spartanweaponry:javelin_wood.name
spartanweaponry:javelin_stone, item.spartanweaponry:javelin_stone.name
spartanweaponry:javelin_iron, item.spartanweaponry:javelin_iron.name
spartanweaponry:javelin_gold, item.spartanweaponry:javelin_gold.name
spartanweaponry:javelin_diamond, item.spartanweaponry:javelin_diamond.name
spartanweaponry:boomerang_wood, item.spartanweaponry:boomerang_wood.name
spartanweaponry:boomerang_stone, item.spartanweaponry:boomerang_stone.name
spartanweaponry:boomerang_iron, item.spartanweaponry:boomerang_iron.name
spartanweaponry:boomerang_gold, item.spartanweaponry:boomerang_gold.name
spartanweaponry:boomerang_diamond, item.spartanweaponry:boomerang_diamond.name
spartanweaponry:battleaxe_wood, item.spartanweaponry:battleaxe_wood.name
spartanweaponry:battleaxe_stone, item.spartanweaponry:battleaxe_stone.name
spartanweaponry:battleaxe_iron, item.spartanweaponry:battleaxe_iron.name
spartanweaponry:battleaxe_gold, item.spartanweaponry:battleaxe_gold.name
spartanweaponry:battleaxe_diamond, item.spartanweaponry:battleaxe_diamond.name
spartanweaponry:mace_wood, item.spartanweaponry:mace_wood.name
spartanweaponry:mace_stone, item.spartanweaponry:mace_stone.name
spartanweaponry:mace_iron, item.spartanweaponry:mace_iron.name
spartanweaponry:mace_gold, item.spartanweaponry:mace_gold.name
spartanweaponry:mace_diamond, item.spartanweaponry:mace_diamond.name
spartanweaponry:glaive_wood, item.spartanweaponry:glaive_wood.name
spartanweaponry:glaive_stone, item.spartanweaponry:glaive_stone.name
spartanweaponry:glaive_iron, item.spartanweaponry:glaive_iron.name
spartanweaponry:glaive_gold, item.spartanweaponry:glaive_gold.name
spartanweaponry:glaive_diamond, item.spartanweaponry:glaive_diamond.name
spartanweaponry:staff, item.spartanweaponry:staff.name
spartanweaponry:staff_stone, item.spartanweaponry:staff_stone.name
spartanweaponry:staff_iron, item.spartanweaponry:staff_iron.name
spartanweaponry:staff_gold, item.spartanweaponry:staff_gold.name
spartanweaponry:staff_diamond, item.spartanweaponry:staff_diamond.name
spartanweaponry:dynamite, Dynamite
spartanweaponry:quiver_arrow, Light Arrow Quiver
spartanweaponry:quiver_arrow_moderate, Moderate Arrow Quiver
spartanweaponry:quiver_arrow_heavy, Heavy Arrow Quiver
spartanweaponry:arrow_wood, Wooden Arrow
spartanweaponry:arrow_iron, Iron Arrow
spartanweaponry:arrow_diamond, Diamond Arrow
spartanweaponry:arrow_explosive, Explosive Arrow
spartanweaponry:arrow_wood_tipped, item.spartanweaponry:arrow_wood_tipped.name
spartanweaponry:arrow_iron_tipped, item.spartanweaponry:arrow_iron_tipped.name
spartanweaponry:arrow_diamond_tipped, item.spartanweaponry:arrow_diamond_tipped.name
spartanweaponry:quiver_bolt, Light Bolt Quiver
spartanweaponry:quiver_bolt_moderate, Moderate Bolt Quiver
spartanweaponry:quiver_bolt_heavy, Heavy Bolt Quiver
spartanweaponry:bolt, Bolt
spartanweaponry:bolt_diamond, Diamond Bolt
spartanweaponry:bolt_spectral, Spectral Bolt
spartanweaponry:bolt_tipped, item.spartanweaponry:bolt_tipped.name
spartanweaponry:bolt_diamond_tipped, item.spartanweaponry:bolt_diamond_tipped.name
spartanweaponry:dagger_copper, item.spartanweaponry:dagger_copper.name
spartanweaponry:longsword_copper, item.spartanweaponry:longsword_copper.name
spartanweaponry:katana_copper, item.spartanweaponry:katana_copper.name
spartanweaponry:scythe_copper, item.spartanweaponry:scythe_copper.name
spartanweaponry:saber_copper, item.spartanweaponry:saber_copper.name
spartanweaponry:rapier_copper, item.spartanweaponry:rapier_copper.name
spartanweaponry:greatsword_copper, item.spartanweaponry:greatsword_copper.name
spartanweaponry:hammer_copper, item.spartanweaponry:hammer_copper.name
spartanweaponry:warhammer_copper, item.spartanweaponry:warhammer_copper.name
spartanweaponry:spear_copper, item.spartanweaponry:spear_copper.name
spartanweaponry:halberd_copper, item.spartanweaponry:halberd_copper.name
spartanweaponry:pike_copper, item.spartanweaponry:pike_copper.name
spartanweaponry:lance_copper, item.spartanweaponry:lance_copper.name
spartanweaponry:longbow_copper, item.spartanweaponry:longbow_copper.name
spartanweaponry:crossbow_copper, item.spartanweaponry:spartanweaponry:crossbow_copper.name
spartanweaponry:throwing_knife_copper, item.spartanweaponry:throwing_knife_copper.name
spartanweaponry:throwing_axe_copper, item.spartanweaponry:throwing_axe_copper.name
spartanweaponry:javelin_copper, item.spartanweaponry:javelin_copper.name
spartanweaponry:boomerang_copper, item.spartanweaponry:boomerang_copper.name
spartanweaponry:battleaxe_copper, item.spartanweaponry:battleaxe_copper.name
spartanweaponry:mace_copper, item.spartanweaponry:mace_copper.name
spartanweaponry:glaive_copper, item.spartanweaponry:glaive_copper.name
spartanweaponry:staff_copper, item.spartanweaponry:staff_copper.name
spartanweaponry:parrying_dagger_copper, item.spartanweaponry:parrying_dagger_copper.name
spartanweaponry:dagger_tin, item.spartanweaponry:dagger_tin.name
spartanweaponry:longsword_tin, item.spartanweaponry:longsword_tin.name
spartanweaponry:katana_tin, item.spartanweaponry:katana_tin.name
spartanweaponry:scythe_tin, item.spartanweaponry:scythe_tin.name
spartanweaponry:saber_tin, item.spartanweaponry:saber_tin.name
spartanweaponry:rapier_tin, item.spartanweaponry:rapier_tin.name
spartanweaponry:greatsword_tin, item.spartanweaponry:greatsword_tin.name
spartanweaponry:hammer_tin, item.spartanweaponry:hammer_tin.name
spartanweaponry:warhammer_tin, item.spartanweaponry:warhammer_tin.name
spartanweaponry:spear_tin, item.spartanweaponry:spear_tin.name
spartanweaponry:halberd_tin, item.spartanweaponry:halberd_tin.name
spartanweaponry:pike_tin, item.spartanweaponry:pike_tin.name
spartanweaponry:lance_tin, item.spartanweaponry:lance_tin.name
spartanweaponry:longbow_tin, item.spartanweaponry:longbow_tin.name
spartanweaponry:crossbow_tin, item.spartanweaponry:spartanweaponry:crossbow_tin.name
spartanweaponry:throwing_knife_tin, item.spartanweaponry:throwing_knife_tin.name
spartanweaponry:throwing_axe_tin, item.spartanweaponry:throwing_axe_tin.name
spartanweaponry:javelin_tin, item.spartanweaponry:javelin_tin.name
spartanweaponry:boomerang_tin, item.spartanweaponry:boomerang_tin.name
spartanweaponry:battleaxe_tin, item.spartanweaponry:battleaxe_tin.name
spartanweaponry:mace_tin, item.spartanweaponry:mace_tin.name
spartanweaponry:glaive_tin, item.spartanweaponry:glaive_tin.name
spartanweaponry:staff_tin, item.spartanweaponry:staff_tin.name
spartanweaponry:parrying_dagger_tin, item.spartanweaponry:parrying_dagger_tin.name
spartanweaponry:dagger_bronze, item.spartanweaponry:dagger_bronze.name
spartanweaponry:longsword_bronze, item.spartanweaponry:longsword_bronze.name
spartanweaponry:katana_bronze, item.spartanweaponry:katana_bronze.name
spartanweaponry:scythe_bronze, item.spartanweaponry:scythe_bronze.name
spartanweaponry:saber_bronze, item.spartanweaponry:saber_bronze.name
spartanweaponry:rapier_bronze, item.spartanweaponry:rapier_bronze.name
spartanweaponry:greatsword_bronze, item.spartanweaponry:greatsword_bronze.name
spartanweaponry:hammer_bronze, item.spartanweaponry:hammer_bronze.name
spartanweaponry:warhammer_bronze, item.spartanweaponry:warhammer_bronze.name
spartanweaponry:spear_bronze, item.spartanweaponry:spear_bronze.name
spartanweaponry:halberd_bronze, item.spartanweaponry:halberd_bronze.name
spartanweaponry:pike_bronze, item.spartanweaponry:pike_bronze.name
spartanweaponry:lance_bronze, item.spartanweaponry:lance_bronze.name
spartanweaponry:longbow_bronze, item.spartanweaponry:longbow_bronze.name
spartanweaponry:crossbow_bronze, item.spartanweaponry:spartanweaponry:crossbow_bronze.name
spartanweaponry:throwing_knife_bronze, item.spartanweaponry:throwing_knife_bronze.name
spartanweaponry:throwing_axe_bronze, item.spartanweaponry:throwing_axe_bronze.name
spartanweaponry:javelin_bronze, item.spartanweaponry:javelin_bronze.name
spartanweaponry:boomerang_bronze, item.spartanweaponry:boomerang_bronze.name
spartanweaponry:battleaxe_bronze, item.spartanweaponry:battleaxe_bronze.name
spartanweaponry:mace_bronze, item.spartanweaponry:mace_bronze.name
spartanweaponry:glaive_bronze, item.spartanweaponry:glaive_bronze.name
spartanweaponry:staff_bronze, item.spartanweaponry:staff_bronze.name
spartanweaponry:parrying_dagger_bronze, item.spartanweaponry:parrying_dagger_bronze.name
spartanweaponry:dagger_steel, item.spartanweaponry:dagger_steel.name
spartanweaponry:longsword_steel, item.spartanweaponry:longsword_steel.name
spartanweaponry:katana_steel, item.spartanweaponry:katana_steel.name
spartanweaponry:scythe_steel, item.spartanweaponry:scythe_steel.name
spartanweaponry:saber_steel, item.spartanweaponry:saber_steel.name
spartanweaponry:rapier_steel, item.spartanweaponry:rapier_steel.name
spartanweaponry:greatsword_steel, item.spartanweaponry:greatsword_steel.name
spartanweaponry:hammer_steel, item.spartanweaponry:hammer_steel.name
spartanweaponry:warhammer_steel, item.spartanweaponry:warhammer_steel.name
spartanweaponry:spear_steel, item.spartanweaponry:spear_steel.name
spartanweaponry:halberd_steel, item.spartanweaponry:halberd_steel.name
spartanweaponry:pike_steel, item.spartanweaponry:pike_steel.name
spartanweaponry:lance_steel, item.spartanweaponry:lance_steel.name
spartanweaponry:longbow_steel, item.spartanweaponry:longbow_steel.name
spartanweaponry:crossbow_steel, item.spartanweaponry:spartanweaponry:crossbow_steel.name
spartanweaponry:throwing_knife_steel, item.spartanweaponry:throwing_knife_steel.name
spartanweaponry:throwing_axe_steel, item.spartanweaponry:throwing_axe_steel.name
spartanweaponry:javelin_steel, item.spartanweaponry:javelin_steel.name
spartanweaponry:boomerang_steel, item.spartanweaponry:boomerang_steel.name
spartanweaponry:battleaxe_steel, item.spartanweaponry:battleaxe_steel.name
spartanweaponry:mace_steel, item.spartanweaponry:mace_steel.name
spartanweaponry:glaive_steel, item.spartanweaponry:glaive_steel.name
spartanweaponry:staff_steel, item.spartanweaponry:staff_steel.name
spartanweaponry:parrying_dagger_steel, item.spartanweaponry:parrying_dagger_steel.name
spartanweaponry:dagger_silver, item.spartanweaponry:dagger_silver.name
spartanweaponry:longsword_silver, item.spartanweaponry:longsword_silver.name
spartanweaponry:katana_silver, item.spartanweaponry:katana_silver.name
spartanweaponry:scythe_silver, item.spartanweaponry:scythe_silver.name
spartanweaponry:saber_silver, item.spartanweaponry:saber_silver.name
spartanweaponry:rapier_silver, item.spartanweaponry:rapier_silver.name
spartanweaponry:greatsword_silver, item.spartanweaponry:greatsword_silver.name
spartanweaponry:hammer_silver, item.spartanweaponry:hammer_silver.name
spartanweaponry:warhammer_silver, item.spartanweaponry:warhammer_silver.name
spartanweaponry:spear_silver, item.spartanweaponry:spear_silver.name
spartanweaponry:halberd_silver, item.spartanweaponry:halberd_silver.name
spartanweaponry:pike_silver, item.spartanweaponry:pike_silver.name
spartanweaponry:lance_silver, item.spartanweaponry:lance_silver.name
spartanweaponry:longbow_silver, item.spartanweaponry:longbow_silver.name
spartanweaponry:crossbow_silver, item.spartanweaponry:spartanweaponry:crossbow_silver.name
spartanweaponry:throwing_knife_silver, item.spartanweaponry:throwing_knife_silver.name
spartanweaponry:throwing_axe_silver, item.spartanweaponry:throwing_axe_silver.name
spartanweaponry:javelin_silver, item.spartanweaponry:javelin_silver.name
spartanweaponry:boomerang_silver, item.spartanweaponry:boomerang_silver.name
spartanweaponry:battleaxe_silver, item.spartanweaponry:battleaxe_silver.name
spartanweaponry:mace_silver, item.spartanweaponry:mace_silver.name
spartanweaponry:glaive_silver, item.spartanweaponry:glaive_silver.name
spartanweaponry:staff_silver, item.spartanweaponry:staff_silver.name
spartanweaponry:parrying_dagger_silver, item.spartanweaponry:parrying_dagger_silver.name
spartanweaponry:dagger_invar, item.spartanweaponry:dagger_invar.name
spartanweaponry:longsword_invar, item.spartanweaponry:longsword_invar.name
spartanweaponry:katana_invar, item.spartanweaponry:katana_invar.name
spartanweaponry:scythe_invar, item.spartanweaponry:scythe_invar.name
spartanweaponry:saber_invar, item.spartanweaponry:saber_invar.name
spartanweaponry:rapier_invar, item.spartanweaponry:rapier_invar.name
spartanweaponry:greatsword_invar, item.spartanweaponry:greatsword_invar.name
spartanweaponry:hammer_invar, item.spartanweaponry:hammer_invar.name
spartanweaponry:warhammer_invar, item.spartanweaponry:warhammer_invar.name
spartanweaponry:spear_invar, item.spartanweaponry:spear_invar.name
spartanweaponry:halberd_invar, item.spartanweaponry:halberd_invar.name
spartanweaponry:pike_invar, item.spartanweaponry:pike_invar.name
spartanweaponry:lance_invar, item.spartanweaponry:lance_invar.name
spartanweaponry:longbow_invar, item.spartanweaponry:longbow_invar.name
spartanweaponry:crossbow_invar, item.spartanweaponry:spartanweaponry:crossbow_invar.name
spartanweaponry:throwing_knife_invar, item.spartanweaponry:throwing_knife_invar.name
spartanweaponry:throwing_axe_invar, item.spartanweaponry:throwing_axe_invar.name
spartanweaponry:javelin_invar, item.spartanweaponry:javelin_invar.name
spartanweaponry:boomerang_invar, item.spartanweaponry:boomerang_invar.name
spartanweaponry:battleaxe_invar, item.spartanweaponry:battleaxe_invar.name
spartanweaponry:mace_invar, item.spartanweaponry:mace_invar.name
spartanweaponry:glaive_invar, item.spartanweaponry:glaive_invar.name
spartanweaponry:staff_invar, item.spartanweaponry:staff_invar.name
spartanweaponry:parrying_dagger_invar, item.spartanweaponry:parrying_dagger_invar.name
spartanweaponry:dagger_platinum, item.spartanweaponry:dagger_platinum.name
spartanweaponry:longsword_platinum, item.spartanweaponry:longsword_platinum.name
spartanweaponry:katana_platinum, item.spartanweaponry:katana_platinum.name
spartanweaponry:scythe_platinum, item.spartanweaponry:scythe_platinum.name
spartanweaponry:saber_platinum, item.spartanweaponry:saber_platinum.name
spartanweaponry:rapier_platinum, item.spartanweaponry:rapier_platinum.name
spartanweaponry:greatsword_platinum, item.spartanweaponry:greatsword_platinum.name
spartanweaponry:hammer_platinum, item.spartanweaponry:hammer_platinum.name
spartanweaponry:warhammer_platinum, item.spartanweaponry:warhammer_platinum.name
spartanweaponry:spear_platinum, item.spartanweaponry:spear_platinum.name
spartanweaponry:halberd_platinum, item.spartanweaponry:halberd_platinum.name
spartanweaponry:pike_platinum, item.spartanweaponry:pike_platinum.name
spartanweaponry:lance_platinum, item.spartanweaponry:lance_platinum.name
spartanweaponry:longbow_platinum, item.spartanweaponry:longbow_platinum.name
spartanweaponry:crossbow_platinum, item.spartanweaponry:spartanweaponry:crossbow_platinum.name
spartanweaponry:throwing_knife_platinum, item.spartanweaponry:throwing_knife_platinum.name
spartanweaponry:throwing_axe_platinum, item.spartanweaponry:throwing_axe_platinum.name
spartanweaponry:javelin_platinum, item.spartanweaponry:javelin_platinum.name
spartanweaponry:boomerang_platinum, item.spartanweaponry:boomerang_platinum.name
spartanweaponry:battleaxe_platinum, item.spartanweaponry:battleaxe_platinum.name
spartanweaponry:mace_platinum, item.spartanweaponry:mace_platinum.name
spartanweaponry:glaive_platinum, item.spartanweaponry:glaive_platinum.name
spartanweaponry:staff_platinum, item.spartanweaponry:staff_platinum.name
spartanweaponry:parrying_dagger_platinum, item.spartanweaponry:parrying_dagger_platinum.name
spartanweaponry:dagger_electrum, item.spartanweaponry:dagger_electrum.name
spartanweaponry:longsword_electrum, item.spartanweaponry:longsword_electrum.name
spartanweaponry:katana_electrum, item.spartanweaponry:katana_electrum.name
spartanweaponry:scythe_electrum, item.spartanweaponry:scythe_electrum.name
spartanweaponry:saber_electrum, item.spartanweaponry:saber_electrum.name
spartanweaponry:rapier_electrum, item.spartanweaponry:rapier_electrum.name
spartanweaponry:greatsword_electrum, item.spartanweaponry:greatsword_electrum.name
spartanweaponry:hammer_electrum, item.spartanweaponry:hammer_electrum.name
spartanweaponry:warhammer_electrum, item.spartanweaponry:warhammer_electrum.name
spartanweaponry:spear_electrum, item.spartanweaponry:spear_electrum.name
spartanweaponry:halberd_electrum, item.spartanweaponry:halberd_electrum.name
spartanweaponry:pike_electrum, item.spartanweaponry:pike_electrum.name
spartanweaponry:lance_electrum, item.spartanweaponry:lance_electrum.name
spartanweaponry:longbow_electrum, item.spartanweaponry:longbow_electrum.name
spartanweaponry:crossbow_electrum, item.spartanweaponry:spartanweaponry:crossbow_electrum.name
spartanweaponry:throwing_knife_electrum, item.spartanweaponry:throwing_knife_electrum.name
spartanweaponry:throwing_axe_electrum, item.spartanweaponry:throwing_axe_electrum.name
spartanweaponry:javelin_electrum, item.spartanweaponry:javelin_electrum.name
spartanweaponry:boomerang_electrum, item.spartanweaponry:boomerang_electrum.name
spartanweaponry:battleaxe_electrum, item.spartanweaponry:battleaxe_electrum.name
spartanweaponry:mace_electrum, item.spartanweaponry:mace_electrum.name
spartanweaponry:glaive_electrum, item.spartanweaponry:glaive_electrum.name
spartanweaponry:staff_electrum, item.spartanweaponry:staff_electrum.name
spartanweaponry:parrying_dagger_electrum, item.spartanweaponry:parrying_dagger_electrum.name
spartanweaponry:dagger_nickel, item.spartanweaponry:dagger_nickel.name
spartanweaponry:longsword_nickel, item.spartanweaponry:longsword_nickel.name
spartanweaponry:katana_nickel, item.spartanweaponry:katana_nickel.name
spartanweaponry:scythe_nickel, item.spartanweaponry:scythe_nickel.name
spartanweaponry:saber_nickel, item.spartanweaponry:saber_nickel.name
spartanweaponry:rapier_nickel, item.spartanweaponry:rapier_nickel.name
spartanweaponry:greatsword_nickel, item.spartanweaponry:greatsword_nickel.name
spartanweaponry:hammer_nickel, item.spartanweaponry:hammer_nickel.name
spartanweaponry:warhammer_nickel, item.spartanweaponry:warhammer_nickel.name
spartanweaponry:spear_nickel, item.spartanweaponry:spear_nickel.name
spartanweaponry:halberd_nickel, item.spartanweaponry:halberd_nickel.name
spartanweaponry:pike_nickel, item.spartanweaponry:pike_nickel.name
spartanweaponry:lance_nickel, item.spartanweaponry:lance_nickel.name
spartanweaponry:longbow_nickel, item.spartanweaponry:longbow_nickel.name
spartanweaponry:crossbow_nickel, item.spartanweaponry:spartanweaponry:crossbow_nickel.name
spartanweaponry:throwing_knife_nickel, item.spartanweaponry:throwing_knife_nickel.name
spartanweaponry:throwing_axe_nickel, item.spartanweaponry:throwing_axe_nickel.name
spartanweaponry:javelin_nickel, item.spartanweaponry:javelin_nickel.name
spartanweaponry:boomerang_nickel, item.spartanweaponry:boomerang_nickel.name
spartanweaponry:battleaxe_nickel, item.spartanweaponry:battleaxe_nickel.name
spartanweaponry:mace_nickel, item.spartanweaponry:mace_nickel.name
spartanweaponry:glaive_nickel, item.spartanweaponry:glaive_nickel.name
spartanweaponry:staff_nickel, item.spartanweaponry:staff_nickel.name
spartanweaponry:parrying_dagger_nickel, item.spartanweaponry:parrying_dagger_nickel.name
spartanweaponry:dagger_lead, item.spartanweaponry:dagger_lead.name
spartanweaponry:longsword_lead, item.spartanweaponry:longsword_lead.name
spartanweaponry:katana_lead, item.spartanweaponry:katana_lead.name
spartanweaponry:scythe_lead, item.spartanweaponry:scythe_lead.name
spartanweaponry:saber_lead, item.spartanweaponry:saber_lead.name
spartanweaponry:rapier_lead, item.spartanweaponry:rapier_lead.name
spartanweaponry:greatsword_lead, item.spartanweaponry:greatsword_lead.name
spartanweaponry:hammer_lead, item.spartanweaponry:hammer_lead.name
spartanweaponry:warhammer_lead, item.spartanweaponry:warhammer_lead.name
spartanweaponry:spear_lead, item.spartanweaponry:spear_lead.name
spartanweaponry:halberd_lead, item.spartanweaponry:halberd_lead.name
spartanweaponry:pike_lead, item.spartanweaponry:pike_lead.name
spartanweaponry:lance_lead, item.spartanweaponry:lance_lead.name
spartanweaponry:longbow_lead, item.spartanweaponry:longbow_lead.name
spartanweaponry:crossbow_lead, item.spartanweaponry:spartanweaponry:crossbow_lead.name
spartanweaponry:throwing_knife_lead, item.spartanweaponry:throwing_knife_lead.name
spartanweaponry:throwing_axe_lead, item.spartanweaponry:throwing_axe_lead.name
spartanweaponry:javelin_lead, item.spartanweaponry:javelin_lead.name
spartanweaponry:boomerang_lead, item.spartanweaponry:boomerang_lead.name
spartanweaponry:battleaxe_lead, item.spartanweaponry:battleaxe_lead.name
spartanweaponry:mace_lead, item.spartanweaponry:mace_lead.name
spartanweaponry:glaive_lead, item.spartanweaponry:glaive_lead.name
spartanweaponry:staff_lead, item.spartanweaponry:staff_lead.name
spartanweaponry:parrying_dagger_lead, item.spartanweaponry:parrying_dagger_lead.name
spartantwilight:katana_ironwood, item.spartantwilight:katana_ironwood.name
spartantwilight:greatsword_ironwood, item.spartantwilight:greatsword_ironwood.name
spartantwilight:longsword_ironwood, item.spartantwilight:longsword_ironwood.name
spartantwilight:saber_ironwood, item.spartantwilight:saber_ironwood.name
spartantwilight:rapier_ironwood, item.spartantwilight:rapier_ironwood.name
spartantwilight:dagger_ironwood, item.spartantwilight:dagger_ironwood.name
spartantwilight:spear_ironwood, item.spartantwilight:spear_ironwood.name
spartantwilight:pike_ironwood, item.spartantwilight:pike_ironwood.name
spartantwilight:lance_ironwood, item.spartantwilight:lance_ironwood.name
spartantwilight:halberd_ironwood, item.spartantwilight:halberd_ironwood.name
spartantwilight:warhammer_ironwood, item.spartantwilight:warhammer_ironwood.name
spartantwilight:hammer_ironwood, item.spartantwilight:hammer_ironwood.name
spartantwilight:throwing_axe_ironwood, item.spartantwilight:throwing_axe_ironwood.name
spartantwilight:throwing_knife_ironwood, item.spartantwilight:throwing_knife_ironwood.name
spartantwilight:longbow_ironwood, item.spartantwilight:longbow_ironwood.name
spartantwilight:crossbow_ironwood, item.spartantwilight:spartanweaponry:crossbow_ironwood.name
spartantwilight:javelin_ironwood, item.spartantwilight:javelin_ironwood.name
spartantwilight:battleaxe_ironwood, item.spartantwilight:battleaxe_ironwood.name
spartantwilight:boomerang_ironwood, item.spartantwilight:boomerang_ironwood.name
spartantwilight:mace_ironwood, item.spartantwilight:mace_ironwood.name
spartantwilight:staff_ironwood, item.spartantwilight:staff_ironwood.name
spartantwilight:glaive_ironwood, item.spartantwilight:glaive_ironwood.name
spartantwilight:parrying_dagger_ironwood, item.spartantwilight:parrying_dagger_ironwood.name
spartantwilight:katana_fiery, item.spartantwilight:katana_fiery.name
spartantwilight:greatsword_fiery, item.spartantwilight:greatsword_fiery.name
spartantwilight:longsword_fiery, item.spartantwilight:longsword_fiery.name
spartantwilight:saber_fiery, item.spartantwilight:saber_fiery.name
spartantwilight:rapier_fiery, item.spartantwilight:rapier_fiery.name
spartantwilight:dagger_fiery, item.spartantwilight:dagger_fiery.name
spartantwilight:spear_fiery, item.spartantwilight:spear_fiery.name
spartantwilight:pike_fiery, item.spartantwilight:pike_fiery.name
spartantwilight:lance_fiery, item.spartantwilight:lance_fiery.name
spartantwilight:halberd_fiery, item.spartantwilight:halberd_fiery.name
spartantwilight:warhammer_fiery, item.spartantwilight:warhammer_fiery.name
spartantwilight:hammer_fiery, item.spartantwilight:hammer_fiery.name
spartantwilight:throwing_axe_fiery, item.spartantwilight:throwing_axe_fiery.name
spartantwilight:throwing_knife_fiery, item.spartantwilight:throwing_knife_fiery.name
spartantwilight:longbow_fiery, item.spartantwilight:longbow_fiery.name
spartantwilight:crossbow_fiery, item.spartantwilight:spartanweaponry:crossbow_fiery.name
spartantwilight:javelin_fiery, item.spartantwilight:javelin_fiery.name
spartantwilight:battleaxe_fiery, item.spartantwilight:battleaxe_fiery.name
spartantwilight:boomerang_fiery, item.spartantwilight:boomerang_fiery.name
spartantwilight:mace_fiery, item.spartantwilight:mace_fiery.name
spartantwilight:staff_fiery, item.spartantwilight:staff_fiery.name
spartantwilight:glaive_fiery, item.spartantwilight:glaive_fiery.name
spartantwilight:parrying_dagger_fiery, item.spartantwilight:parrying_dagger_fiery.name
spartantwilight:katana_knightly, item.spartantwilight:katana_knightly.name
spartantwilight:greatsword_knightly, item.spartantwilight:greatsword_knightly.name
spartantwilight:longsword_knightly, item.spartantwilight:longsword_knightly.name
spartantwilight:saber_knightly, item.spartantwilight:saber_knightly.name
spartantwilight:rapier_knightly, item.spartantwilight:rapier_knightly.name
spartantwilight:dagger_knightly, item.spartantwilight:dagger_knightly.name
spartantwilight:spear_knightly, item.spartantwilight:spear_knightly.name
spartantwilight:pike_knightly, item.spartantwilight:pike_knightly.name
spartantwilight:lance_knightly, item.spartantwilight:lance_knightly.name
spartantwilight:halberd_knightly, item.spartantwilight:halberd_knightly.name
spartantwilight:warhammer_knightly, item.spartantwilight:warhammer_knightly.name
spartantwilight:hammer_knightly, item.spartantwilight:hammer_knightly.name
spartantwilight:throwing_axe_knightly, item.spartantwilight:throwing_axe_knightly.name
spartantwilight:throwing_knife_knightly, item.spartantwilight:throwing_knife_knightly.name
spartantwilight:longbow_knightly, item.spartantwilight:longbow_knightly.name
spartantwilight:crossbow_knightly, item.spartantwilight:spartanweaponry:crossbow_knightly.name
spartantwilight:javelin_knightly, item.spartantwilight:javelin_knightly.name
spartantwilight:battleaxe_knightly, item.spartantwilight:battleaxe_knightly.name
spartantwilight:boomerang_knightly, item.spartantwilight:boomerang_knightly.name
spartantwilight:mace_knightly, item.spartantwilight:mace_knightly.name
spartantwilight:staff_knightly, item.spartantwilight:staff_knightly.name
spartantwilight:glaive_knightly, item.spartantwilight:glaive_knightly.name
spartantwilight:parrying_dagger_knightly, item.spartantwilight:parrying_dagger_knightly.name
spartantwilight:katana_steeleaf, item.spartantwilight:katana_steeleaf.name
spartantwilight:greatsword_steeleaf, item.spartantwilight:greatsword_steeleaf.name
spartantwilight:longsword_steeleaf, item.spartantwilight:longsword_steeleaf.name
spartantwilight:saber_steeleaf, item.spartantwilight:saber_steeleaf.name
spartantwilight:rapier_steeleaf, item.spartantwilight:rapier_steeleaf.name
spartantwilight:dagger_steeleaf, item.spartantwilight:dagger_steeleaf.name
spartantwilight:spear_steeleaf, item.spartantwilight:spear_steeleaf.name
spartantwilight:pike_steeleaf, item.spartantwilight:pike_steeleaf.name
spartantwilight:lance_steeleaf, item.spartantwilight:lance_steeleaf.name
spartantwilight:halberd_steeleaf, item.spartantwilight:halberd_steeleaf.name
spartantwilight:warhammer_steeleaf, item.spartantwilight:warhammer_steeleaf.name
spartantwilight:hammer_steeleaf, item.spartantwilight:hammer_steeleaf.name
spartantwilight:throwing_axe_steeleaf, item.spartantwilight:throwing_axe_steeleaf.name
spartantwilight:throwing_knife_steeleaf, item.spartantwilight:throwing_knife_steeleaf.name
spartantwilight:longbow_steeleaf, item.spartantwilight:longbow_steeleaf.name
spartantwilight:crossbow_steeleaf, item.spartantwilight:spartanweaponry:crossbow_steeleaf.name
spartantwilight:javelin_steeleaf, item.spartantwilight:javelin_steeleaf.name
spartantwilight:battleaxe_steeleaf, item.spartantwilight:battleaxe_steeleaf.name
spartantwilight:boomerang_steeleaf, item.spartantwilight:boomerang_steeleaf.name
spartantwilight:mace_steeleaf, item.spartantwilight:mace_steeleaf.name
spartantwilight:staff_steeleaf, item.spartantwilight:staff_steeleaf.name
spartantwilight:glaive_steeleaf, item.spartantwilight:glaive_steeleaf.name
spartantwilight:parrying_dagger_steeleaf, item.spartantwilight:parrying_dagger_steeleaf.name
spartantwilight:blaze_pole, Blaze Pole
scb2:spirit_plant, Spiritual Plant
storagedrawers:basicdrawers:0, Basic Drawer
storagedrawers:basicdrawers:0, Basic Drawer
storagedrawers:basicdrawers:0, Basic Drawer
storagedrawers:basicdrawers:0, Basic Drawer
storagedrawers:basicdrawers:0, Basic Drawer
storagedrawers:basicdrawers:0, Basic Drawer
storagedrawers:basicdrawers:1, Basic Drawers 1x2
storagedrawers:basicdrawers:1, Basic Drawers 1x2
storagedrawers:basicdrawers:1, Basic Drawers 1x2
storagedrawers:basicdrawers:1, Basic Drawers 1x2
storagedrawers:basicdrawers:1, Basic Drawers 1x2
storagedrawers:basicdrawers:1, Basic Drawers 1x2
storagedrawers:basicdrawers:2, Basic Drawers 2x2
storagedrawers:basicdrawers:2, Basic Drawers 2x2
storagedrawers:basicdrawers:2, Basic Drawers 2x2
storagedrawers:basicdrawers:2, Basic Drawers 2x2
storagedrawers:basicdrawers:2, Basic Drawers 2x2
storagedrawers:basicdrawers:2, Basic Drawers 2x2
storagedrawers:basicdrawers:3, Half Drawers 1x2
storagedrawers:basicdrawers:3, Half Drawers 1x2
storagedrawers:basicdrawers:3, Half Drawers 1x2
storagedrawers:basicdrawers:3, Half Drawers 1x2
storagedrawers:basicdrawers:3, Half Drawers 1x2
storagedrawers:basicdrawers:3, Half Drawers 1x2
storagedrawers:basicdrawers:4, Half Drawers 2x2
storagedrawers:basicdrawers:4, Half Drawers 2x2
storagedrawers:basicdrawers:4, Half Drawers 2x2
storagedrawers:basicdrawers:4, Half Drawers 2x2
storagedrawers:basicdrawers:4, Half Drawers 2x2
storagedrawers:basicdrawers:4, Half Drawers 2x2
storagedrawers:keybutton:0, Drawer Key Button
storagedrawers:keybutton:1, Concealment Key Button
storagedrawers:keybutton:2, Personal Key Button
storagedrawers:keybutton:3, Quantify Key Button
storagedrawers:compdrawers, Compacting Drawer
storagedrawers:controller, Drawer Controller
storagedrawers:controllerslave, Controller Slave
storagedrawers:trim:0, Oak Trim
storagedrawers:trim:1, Spruce Trim
storagedrawers:trim:2, Birch Trim
storagedrawers:trim:3, Jungle Trim
storagedrawers:trim:4, Acacia Trim
storagedrawers:trim:5, Dark Oak Trim
storagedrawers:customdrawers:0, Framed Drawer
storagedrawers:customdrawers:1, Framed Drawers 1x2
storagedrawers:customdrawers:2, Framed Drawers 2x2
storagedrawers:customdrawers:3, Framed Half Drawers 1x2
storagedrawers:customdrawers:4, Framed Half Drawers 2x2
storagedrawers:customtrim, Framed Trim
storagedrawers:framingtable, Framing Table
storagedrawers:upgrade_template, Upgrade Template
storagedrawers:upgrade_storage:0, Storage Upgrade (I)
storagedrawers:upgrade_storage:1, Storage Upgrade (II)
storagedrawers:upgrade_storage:2, Storage Upgrade (III)
storagedrawers:upgrade_storage:3, Storage Upgrade (IV)
storagedrawers:upgrade_storage:4, Storage Upgrade (V)
storagedrawers:upgrade_one_stack, Storage Downgrade
storagedrawers:upgrade_status:0, Status Upgrade (I)
storagedrawers:upgrade_status:1, Status Upgrade (II)
storagedrawers:upgrade_void, Void Upgrade
storagedrawers:upgrade_conversion, Conversion Upgrade
storagedrawers:upgrade_creative:0, Creative Storage Upgrade
storagedrawers:upgrade_creative:1, Creative Vending Upgrade
storagedrawers:upgrade_redstone:0, Redstone Upgrade
storagedrawers:upgrade_redstone:1, Redstone Max Upgrade
storagedrawers:upgrade_redstone:2, Redstone Min Upgrade
storagedrawers:drawer_key, Drawer Key
storagedrawers:shroud_key, Concealment Key
storagedrawers:personal_key, Personal Key
storagedrawers:quantify_key, Quantify Key
storagedrawers:tape, Packing Tape
mo:potasium, Potassium
mo:sulfur, Sulfur
mo:potassium_stone_block, Potassium Stone
mo:sulfur_ore_block, Sulfur Ore
mo:sulfur_ore_nether_block, Sulfur Nether Ore
torchmaster:mega_torch:0, Mega Torch
torchmaster:mega_torch:1, Unlit Mega Torch
torchmaster:terrain_lighter, Terrain Lighter
torchmaster:dread_lamp, Dread Lamp
torchmaster:feral_flare_lantern, Feral Flare Lantern
torchmaster:frozen_pearl, Frozen Pearl
twilightdelight:maze_stove, Maze Stove
twilightdelight:fiery_cooking_pot, Fiery Cooking Pot
twilightdelight:lily_chicken_block, Lily Chicken
twilightdelight:fiery_snakes_block, Fiery Snakes
twilightdelight:meef_wellington_block, Meef Wellington Block
twilightdelight:torchberry_pie, Torchberry Pie
twilightdelight:aurora_pie, Aurora Pie
twilightdelight:aurora_cake, Aurora Cake
twilightdelight:torchberry_cake, Torchberry Cake
twilightdelight:phytochemical_cake, Phytochemical Cake
twilightdelight:glacier_cake, Glacier Cake
twilightdelight:aurora_ice_cream_block, Aurora Ice Cream Block
twilightdelight:torchberry_ice_cream_block, Torchberry Ice Cream Block
twilightdelight:phytochemical_ice_cream_block, Phytochemical Ice Cream Block
twilightdelight:glacier_ice_cream_block, Glacier Ice Cream Block
twilightdelight:torchberries_crate, Torchberries Crate
twilightdelight:mushgloom_colony, Mushgloom Colony
twilightdelight:ironwood_sapling, Ironwood Sapling
twilightdelight:ironwood_log, Ironwood Log
twilightdelight:ironwood_leaves, Ironwood Leaves
twilightdelight:twilight_oak_cabinet, Twilight Oak Cabinet
twilightdelight:canopy_cabinet, Canopy Cabinet
twilightdelight:dark_cabinet, Dark Cabinet
twilightdelight:mangrove_cabinet, Mangrove Cabinet
twilightdelight:mining_cabinet, Mining Cabinet
twilightdelight:sorting_cabinet, Sorting Cabinet
twilightdelight:time_cabinet, Time Cabinet
twilightdelight:transformation_cabinet, Transformation Cabinet
twilightdelight:hydra_piece, Hydra Piece
twilightdelight:raw_venison_rib, Raw Venison Rib
twilightdelight:cooked_venison_rib, Cooked Venison Rib
twilightdelight:raw_meef_slice, Raw Meef Slice
twilightdelight:cooked_meef_slice, Cooked Meef Slice
twilightdelight:raw_tomahawk_smeak, Raw Tomahawk Smeak
twilightdelight:cooked_tomahawk_smeak, Cooked Tomahawk Smeak
twilightdelight:raw_insect, Raw Insect
twilightdelight:cooked_insect, Cooked Insect
twilightdelight:torchberry_cookie, Torchberry Cookie
twilightdelight:naga_chip, Naga Chip
twilightdelight:chocolate_wafer, Chocolate Wafer
twilightdelight:experiment_113, Experiment 113
twilightdelight:chocolate_113, Chocolate 113
twilightdelight:milky_113, Milky 113
twilightdelight:glow_113, Glow 113
twilightdelight:honey_113, Honey 113
twilightdelight:experiment_110, Experiment 110
twilightdelight:meef_wrap, Meef Wrap
twilightdelight:ghast_burger, Ghast Burger
twilightdelight:hydra_burger, Hydra Burger
twilightdelight:berry_stick, Berry Stick
twilightdelight:torchberry_pie_slice, Torchberry Pie Slice
twilightdelight:aurora_pie_slice, Aurora Pie Slice
twilightdelight:glowstew, Glowstew
twilightdelight:mushgloom_sauce, Mushgloom Sauce
twilightdelight:glow_venison_rib_with_pasta, Glow Venison Rib with Pasta
twilightdelight:mushgloom_meef_pasta, Mushgloom Meef Pasta
twilightdelight:liveroot_pork_fried_rice, Liveroot Pork Fried Rice
twilightdelight:liveroot_venison_noodle_soup, Liveroot Venison Noodle Soup
twilightdelight:torchberry_venison_sandwich, Torchberry Venison Sandwich
twilightdelight:fried_insect, Fried Insect
twilightdelight:thousand_plant_stew, Thousand Plant Stew
twilightdelight:grilled_ghast, Grilled Ghast
twilightdelight:grilled_tomahawk_smeak, Grilled Tomahawk Smeak
twilightdelight:borer_tear_soup, Borer Tear Soup
twilightdelight:ghast_brain_salad, Ghast Brain Salad
twilightdelight:lily_chicken, Plate of Lily Chicken
twilightdelight:fiery_snakes, Plate of Fiery Snakes
twilightdelight:plate_of_meef_wellington, Plate of Meef Wellington
twilightdelight:aurora_cake_slice, Aurora Cake Slice
twilightdelight:torchberry_cake_slice, Torchberry Cake Slice
twilightdelight:phytochemical_cake_slice, Phytochemical Cake Slice
twilightdelight:glacier_cake_slice, Glacier Cake Slice
twilightdelight:aurora_ice_cream, Aurora Ice Cream
twilightdelight:torchberry_ice_cream, Torchberry Ice Cream
twilightdelight:phytochemical_ice_cream, Phytochemical Ice Cream
twilightdelight:glacier_ice_cream, Glacier Ice Cream
twilightdelight:aurora_milkshake, Aurora Milkshake
twilightdelight:torchberry_milkshake, Torchberry Milkshake
twilightdelight:phytochemical_milkshake, Phytochemical Milkshake
twilightdelight:glacier_milkshake, Glacier Milkshake
twilightdelight:thorn_rose_tea, Thorn Rose Tea
twilightdelight:torchberry_juice, Torchberry Juice
twilightdelight:phytochemical_juice, Phytochemical Juice
twilightdelight:glacier_ice_tea, Glacier Ice Tea
twilightdelight:twilight_spring, Twilight Spring™
twilightdelight:tear_drink, Tear Drink
twilightdelight:fiery_knife, Fiery Knife
twilightdelight:ironwood_knife, Ironwood Knife
twilightdelight:steeleaf_knife, Steeleaf Knife
twilightdelight:knightmetal_knife, Knightly Knife
twilightdelight:teardrop_sword, Teardrop Sword
twilightdelight:fiery_machete, Fiery Machete
twilightdelight:ironwood_machete, Ironwood Machete
twilightdelight:steeleaf_machete, Steeleaf Machete
twilightdelight:knightmetal_machete, Knightly Machete
waystones:waystone, Waystone
waystones:return_scroll, Return Scroll
waystones:bound_scroll, Bound Scroll
waystones:warp_scroll, Warp Scroll
waystones:warp_stone, Warp Stone
xpbook:xp_book, OLD - RIGHTCLICK TO CONVERT
xpbook:xp_tome, XP Tome
abyssalcraft:stone:0, Darkstone
abyssalcraft:stone:1, §9Abyssal Stone
abyssalcraft:stone:2, Dreadstone
abyssalcraft:stone:3, Abyssalnite Stone
abyssalcraft:stone:4, Coralium Stone
abyssalcraft:stone:5, §bEthaxium
abyssalcraft:stone:6, Omothol Stone
abyssalcraft:stone:7, Monolith Stone
abyssalcraft:cobblestone:0, Darkstone Cobblestone
abyssalcraft:cobblestone:1, §9Abyssal Cobblestone
abyssalcraft:cobblestone:2, Dreadstone Cobblestone
abyssalcraft:cobblestone:3, Abyssalnite Cobblestone
abyssalcraft:cobblestone:4, Coralium Cobblestone
abyssalcraft:darkstone_brick:0, Darkstone Bricks
abyssalcraft:darkstone_brick:1, Chiseled Darkstone Bricks
abyssalcraft:darkstone_brick:2, Cracked Darkstone Bricks
abyssalcraft:dsglow, Glowing Darkstone Bricks
abyssalcraft:darkbrickslab1:0, Darkstone Brick Slab
abyssalcraft:darkbrickslab2:0, Darkstone Brick Slab
abyssalcraft:darkcobbleslab1:0, Darkstone Cobblestone Slab
abyssalcraft:darkcobbleslab2:0, Darkstone Cobblestone Slab
abyssalcraft:dbstairs, Darkstone Brick Stairs
abyssalcraft:dcstairs, Darkstone Cobblestone Stairs
abyssalcraft:dltleaves, Darklands Oak Leaves
abyssalcraft:dltlog, Darklands Oak Wood
abyssalcraft:dltlog2, Darklands Oak Wood
abyssalcraft:dltsapling, Darklands Oak Sapling
abyssalcraft:abybrick:0, §9Abyssal Stone Bricks
abyssalcraft:abybrick:1, §9Chiseled Abyssal Stone Bricks
abyssalcraft:abybrick:2, §9Cracked Abyssal Stone Bricks
abyssalcraft:abyslab1:0, §9Abyssal Stone Brick Slab
abyssalcraft:abyslab2:0, §9Abyssal Stone Brick Slab
abyssalcraft:abystairs, Abyssal Stone Brick Stairs
abyssalcraft:coraliumore, Coralium Ore
abyssalcraft:abyore, Abyssalnite Ore
abyssalcraft:abyfence, Abyssal Stone Brick Fence
abyssalcraft:dscwall, Darkstone Cobblestone Wall
abyssalcraft:odb, Oblivion Deathbomb
abyssalcraft:ingotblock:0, §3Block of Abyssalnite
abyssalcraft:ingotblock:1, §bBlock of Refined Coralium
abyssalcraft:ingotblock:2, §4Block of Dreadium
abyssalcraft:ingotblock:3, §bBlock of Ethaxium
abyssalcraft:coraliumstone, Coralium Infused Stone
abyssalcraft:odbcore, ODB Core
abyssalcraft:crate, Wooden Crate
abyssalcraft:abyportal, Abyssal Gateway
abyssalcraft:darkstoneslab1:0, Darkstone Slab
abyssalcraft:darkstoneslab2:0, Darkstone Slab
abyssalcraft:coraliumfire, Coralium Fire
abyssalcraft:dsbutton, Darkstone Button
abyssalcraft:dspplate, Darkstone Pressure Plate
abyssalcraft:dltplank, Darklands Oak Wood Planks
abyssalcraft:dltbutton, Darklands Oak Wood Button
abyssalcraft:dltpplate, Darklands Oak Wood Pressure Plate
abyssalcraft:dltstairs, Darklands Oak Wood Stairs
abyssalcraft:dltslab1:0, Darklands Oak Wood Slab
abyssalcraft:dltslab2:0, Darklands Oak Wood Slab
abyssalcraft:cwater, Liquid Coralium
abyssalcraft:psdl, Dreadlands Infused Powerstone
abyssalcraft:abycorore, Abyssal Coralium Ore
abyssalcraft:altar, Altar
abyssalcraft:abybutton, Abyssal Stone Button
abyssalcraft:abypplate, Abyssal Stone Pressure Plate
abyssalcraft:dsbfence, Darkstone Brick Fence
abyssalcraft:dltfence, Darklands Oak Wood Fence
abyssalcraft:abydreadore, Dreadlands Abyssalnite Ore
abyssalcraft:dreadore, Dreaded Abyssalnite Ore
abyssalcraft:dreadbrick:0, Dreadstone Bricks
abyssalcraft:dreadbrick:1, Chiseled Dreadstone Bricks
abyssalcraft:dreadbrick:2, Cracked Dreadstone Bricks
abyssalcraft:abydreadbrick:0, Abyssalnite Stone Bricks
abyssalcraft:abydreadbrick:1, Chiseled Abyssalnite Stone Bricks
abyssalcraft:abydreadbrick:2, Cracked Abyssalnite Stone Bricks
abyssalcraft:dreadgrass, Dreadlands Grass
abyssalcraft:dreadlog, Dreadlands Wood Log
abyssalcraft:dreadleaves, Dreadlands Wood Leaves
abyssalcraft:dreadsapling, Dreadlands Wood Sapling
abyssalcraft:dreadplanks, Dreadlands Wood Planks
abyssalcraft:dreadportal, Dreadlands Gateway
abyssalcraft:dreadfire, Dreaded Fire
abyssalcraft:dghead, Depths Ghoul head
abyssalcraft:phead, Pete's head
abyssalcraft:whead, Mr. Wilson's head
abyssalcraft:ohead, Dr. Orange's head
abyssalcraft:dreadbrickstairs, Dreadstone Brick Stairs
abyssalcraft:dreadbrickfence, Dreadstone Brick Fence
abyssalcraft:dreadbrickslab1:0, Dreadstone Brick Slab
abyssalcraft:dreadbrickslab2:0, Dreadstone Brick Slab
abyssalcraft:abydreadbrickstairs, Abyssalnite Stone Brick Stairs
abyssalcraft:abydreadbrickfence, Abyssalnite Stone Brick Fence
abyssalcraft:abydreadbrickslab1:0, Abyssalnite Stone Brick Slab
abyssalcraft:abydreadbrickslab2:0, Abyssalnite Stone Brick Slab
abyssalcraft:antiwater, Liquid Antimatter
abyssalcraft:cstonebrick:0, Coralium Bricks
abyssalcraft:cstonebrick:1, Chiseled Coralium Bricks
abyssalcraft:cstonebrick:2, Cracked Coralium Bricks
abyssalcraft:cstonebrickfence, Coralium Brick Fence
abyssalcraft:cstonebrickslab1:0, Coralium Brick Slab
abyssalcraft:cstonebrickslab2:0, Coralium Brick Slab
abyssalcraft:cstonebrickstairs, Coralium Brick Stairs
abyssalcraft:cstonebutton, Coralium Stone Button
abyssalcraft:cstonepplate, Coralium Stone Pressure Plate
abyssalcraft:dreadaltartop, Altar of Cha'garoth (top)
abyssalcraft:dreadaltarbottom, Altar of Cha'garoth (bottom)
abyssalcraft:crystallizer, Crystallizer
abyssalcraft:crystallizer_on, tile.crystallizer_on.name
abyssalcraft:transmutator, Transmutator
abyssalcraft:transmutator_on, tile.transmutator_on.name
abyssalcraft:dreadguardspawner, Dreadguard Spawner Block
abyssalcraft:chagarothspawner, Cha'garoth Spawner Block
abyssalcraft:drtfence, Dreadlands Wood Fence
abyssalcraft:nitreore, Nitre Ore
abyssalcraft:abyiroore, Abyssal Iron Ore
abyssalcraft:abygolore, Abyssal Gold Ore
abyssalcraft:abydiaore, Abyssal Diamond Ore
abyssalcraft:abynitore, Abyssal Nitre Ore
abyssalcraft:abytinore, Abyssal Tin Ore
abyssalcraft:abycopore, Abyssal Copper Ore
abyssalcraft:abypcorore, Pearlescent Coralium Ore
abyssalcraft:abylcorore, Liquified Coralium Ore
abyssalcraft:solidlava, Solid lava
abyssalcraft:ethaxiumbrick:0, §bEthaxium Bricks
abyssalcraft:ethaxiumbrick:1, §bChiseled Ethaxium Bricks
abyssalcraft:ethaxiumbrick:2, §bCracked Ethaxium Bricks
abyssalcraft:ethaxiumpillar, Ethaxium Pillar
abyssalcraft:ethaxiumbrickstairs, Ethaxium Brick Stairs
abyssalcraft:ethaxiumbrickslab1:0, §bEthaxium Brick Slab
abyssalcraft:ethaxiumbrickslab2:0, §bEthaxium Brick Slab
abyssalcraft:ethaxiumfence, Ethaxium Brick Fence
abyssalcraft:omotholportal, Omothol Gateway
abyssalcraft:omotholfire, Omothol Fire
abyssalcraft:engraver, Engraver
abyssalcraft:engraver_on, A House
abyssalcraft:materializer, Materializer
abyssalcraft:darkethaxiumbrick:0, §4Dark Ethaxium Bricks
abyssalcraft:darkethaxiumbrick:1, §4Chiseled Dark Ethaxium Bricks
abyssalcraft:darkethaxiumbrick:2, §4Cracked Dark Ethaxium Bricks
abyssalcraft:darkethaxiumpillar, Dark Ethaxium Pillar
abyssalcraft:darkethaxiumbrickstairs, Dark Ethaxium Brick Stairs
abyssalcraft:darkethaxiumbrickslab1:0, §bDark Ethaxium Brick Slab
abyssalcraft:darkethaxiumbrickslab2:0, §bDark Ethaxium Brick Slab
abyssalcraft:darkethaxiumbrickfence, Dark Ethaxium Brick Fence
abyssalcraft:ritualaltar:0, Ritual Altar
abyssalcraft:ritualaltar:1, Ritual Altar
abyssalcraft:ritualaltar:2, Ritual Altar
abyssalcraft:ritualaltar:3, Ritual Altar
abyssalcraft:ritualaltar:4, Ritual Altar
abyssalcraft:ritualaltar:5, Ritual Altar
abyssalcraft:ritualaltar:6, Ritual Altar
abyssalcraft:ritualaltar:7, Ritual Altar
abyssalcraft:ritualpedestal:0, Ritual Pedestal
abyssalcraft:ritualpedestal:1, Ritual Pedestal
abyssalcraft:ritualpedestal:2, Ritual Pedestal
abyssalcraft:ritualpedestal:3, Ritual Pedestal
abyssalcraft:ritualpedestal:4, Ritual Pedestal
abyssalcraft:ritualpedestal:5, Ritual Pedestal
abyssalcraft:ritualpedestal:6, Ritual Pedestal
abyssalcraft:ritualpedestal:7, Ritual Pedestal
abyssalcraft:shoggothblock:0, Shoggoth Ooze
abyssalcraft:statue:0, Cthulhu Statue
abyssalcraft:statue:1, Hastur Statue
abyssalcraft:statue:2, J'zahar Statue
abyssalcraft:statue:3, Azathoth Statue
abyssalcraft:statue:4, Nyarlathotep Statue
abyssalcraft:statue:5, Yog-Sothoth Statue
abyssalcraft:statue:6, Shub-Niggurath Statue
abyssalcraft:shoggothbiomass, Shoggoth Biomass
abyssalcraft:energypedestal, Energy Pedestal
abyssalcraft:monolithpillar, Monolith Stone Pillar
abyssalcraft:sacrificialaltar, Sacrificial Altar
abyssalcraft:tieredenergypedestal:0, Overworld Energy Pedestal
abyssalcraft:tieredenergypedestal:0, Overworld Energy Pedestal
abyssalcraft:tieredenergypedestal:1, Abyssal Wasteland Energy Pedestal
abyssalcraft:tieredenergypedestal:1, Abyssal Wasteland Energy Pedestal
abyssalcraft:tieredenergypedestal:2, Dreadlands Energy Pedestal
abyssalcraft:tieredenergypedestal:2, Dreadlands Energy Pedestal
abyssalcraft:tieredenergypedestal:3, Omothol Energy Pedestal
abyssalcraft:tieredenergypedestal:3, Omothol Energy Pedestal
abyssalcraft:tieredsacrificialaltar:0, Overworld Sacrificial Altar
abyssalcraft:tieredsacrificialaltar:0, Overworld Sacrificial Altar
abyssalcraft:tieredsacrificialaltar:1, Abyssal Wasteland Sacrificial Altar
abyssalcraft:tieredsacrificialaltar:1, Abyssal Wasteland Sacrificial Altar
abyssalcraft:tieredsacrificialaltar:2, Dreadlands Sacrificial Altar
abyssalcraft:tieredsacrificialaltar:2, Dreadlands Sacrificial Altar
abyssalcraft:tieredsacrificialaltar:3, Omothol Sacrificial Altar
abyssalcraft:tieredsacrificialaltar:3, Omothol Sacrificial Altar
abyssalcraft:jzaharspawner, J'zahar Spawner Block
abyssalcraft:gatekeeperminionspawner, Minion of The Gatekeeper Spawner Block
abyssalcraft:fire, Fire
abyssalcraft:decorativestatue:0, Decorative Cthulhu Statue
abyssalcraft:decorativestatue:1, Decorative Hastur Statue
abyssalcraft:decorativestatue:2, Decorative J'zahar Statue
abyssalcraft:decorativestatue:3, Decorative Azathoth Statue
abyssalcraft:decorativestatue:4, Decorative Nyarlathotep Statue
abyssalcraft:decorativestatue:5, Decorative Yog-Sothoth Statue
abyssalcraft:decorativestatue:6, Decorative Shub-Niggurath Statue
abyssalcraft:crystalcluster:0, Crystallized Iron Cluster
abyssalcraft:crystalcluster:1, Crystallized Gold Cluster
abyssalcraft:crystalcluster:2, Crystallized Sulfur Cluster
abyssalcraft:crystalcluster:3, Crystallized Carbon Cluster
abyssalcraft:crystalcluster:4, Crystallized Oxygen Cluster
abyssalcraft:crystalcluster:5, Crystallized Hydrogen Cluster
abyssalcraft:crystalcluster:6, Crystallized Nitrogen Cluster
abyssalcraft:crystalcluster:7, Crystallized Phosphorus Cluster
abyssalcraft:crystalcluster:8, Crystallized Potassium Cluster
abyssalcraft:crystalcluster:9, Crystallized Nitrate Cluster
abyssalcraft:crystalcluster:10, Crystallized Methane Cluster
abyssalcraft:crystalcluster:11, Crystallized Redstone Cluster
abyssalcraft:crystalcluster:12, Crystallized Abyssalnite Cluster
abyssalcraft:crystalcluster:13, Crystallized Coralium Cluster
abyssalcraft:crystalcluster:14, Crystallized Dreadium Cluster
abyssalcraft:crystalcluster:15, Crystallized Blaze Cluster
abyssalcraft:crystalcluster2:0, Crystallized Tin Cluster
abyssalcraft:crystalcluster2:1, Crystallized Copper Cluster
abyssalcraft:crystalcluster2:2, Crystallized Silicon Cluster
abyssalcraft:crystalcluster2:3, Crystallized Magnesium Cluster
abyssalcraft:crystalcluster2:4, Crystallized Aluminium Cluster
abyssalcraft:crystalcluster2:5, Crystallized Silica Cluster
abyssalcraft:crystalcluster2:6, Crystallized Alumina Cluster
abyssalcraft:crystalcluster2:7, Crystallized Magnesia Cluster
abyssalcraft:crystalcluster2:8, Crystallized Zinc Cluster
abyssalcraft:crystalcluster2:9, Crystallized Calcium Cluster
abyssalcraft:crystalcluster2:10, Crystallized Beryllium Cluster
abyssalcraft:crystalcluster2:11, Crystallized Beryl Cluster
abyssalcraft:energycollector, Energy Collector
abyssalcraft:energyrelay, Energy Relay
abyssalcraft:energycontainer, Energy Container
abyssalcraft:tieredenergycollector:0, Overworld Energy Collector
abyssalcraft:tieredenergycollector:0, Overworld Energy Collector
abyssalcraft:tieredenergycollector:1, Abyssal Wasteland Energy Collector
abyssalcraft:tieredenergycollector:1, Abyssal Wasteland Energy Collector
abyssalcraft:tieredenergycollector:2, Dreadlands Energy Collector
abyssalcraft:tieredenergycollector:2, Dreadlands Energy Collector
abyssalcraft:tieredenergycollector:3, Omothol Energy Collector
abyssalcraft:tieredenergycollector:3, Omothol Energy Collector
abyssalcraft:tieredenergyrelay:0, Overworld Energy Relay
abyssalcraft:tieredenergyrelay:0, Overworld Energy Relay
abyssalcraft:tieredenergyrelay:1, Abyssal Wasteland Energy Relay
abyssalcraft:tieredenergyrelay:1, Abyssal Wasteland Energy Relay
abyssalcraft:tieredenergyrelay:2, Dreadlands Energy Relay
abyssalcraft:tieredenergyrelay:2, Dreadlands Energy Relay
abyssalcraft:tieredenergyrelay:3, Omothol Energy Relay
abyssalcraft:tieredenergyrelay:3, Omothol Energy Relay
abyssalcraft:tieredenergycontainer:0, Overworld Energy Container
abyssalcraft:tieredenergycontainer:0, Overworld Energy Container
abyssalcraft:tieredenergycontainer:1, Abyssal Wasteland Energy Container
abyssalcraft:tieredenergycontainer:1, Abyssal Wasteland Energy Container
abyssalcraft:tieredenergycontainer:2, Dreadlands Energy Container
abyssalcraft:tieredenergycontainer:2, Dreadlands Energy Container
abyssalcraft:tieredenergycontainer:3, Omothol Energy Container
abyssalcraft:tieredenergycontainer:3, Omothol Energy Container
abyssalcraft:abyssalsand, Abyssal Sand
abyssalcraft:fusedabyssalsand, Fused Abyssal Sand
abyssalcraft:abyssalsandglass, Abyssal Sand Glass
abyssalcraft:dreadlandsdirt, Dreadlands Dirt
abyssalcraft:abyssalcobblestonestairs, Abyssal Cobblestone Stairs
abyssalcraft:abyssalcobblestoneslab1:0, Abyssal Cobblestone Slab
abyssalcraft:abyssalcobblestoneslab2:0, Abyssal Cobblestone Slab
abyssalcraft:abyssalcobblestonewall, Abyssal Cobblestone Wall
abyssalcraft:dreadstonecobblestonestairs, Dreadstone Cobblestone Stairs
abyssalcraft:dreadstonecobblestoneslab1:0, Dreadstone Cobblestone Slab
abyssalcraft:dreadstonecobblestoneslab2:0, Dreadstone Cobblestone Slab
abyssalcraft:dreadstonecobblestonewall, Dreadstone Cobblestone Wall
abyssalcraft:abyssalnitecobblestonestairs, Abyssalnite Cobblestone Stairs
abyssalcraft:abyssalnitecobblestoneslab1:0, Abyssalnite Cobblestone Slab
abyssalcraft:abyssalnitecobblestoneslab2:0, Abyssalnite Cobblestone Slab
abyssalcraft:abyssalnitecobblestonewall, Abyssalnite Cobblestone Wall
abyssalcraft:coraliumcobblestonestairs, Coralium Cobblestone Stairs
abyssalcraft:coraliumcobblestoneslab1:0, Coralium Cobblestone Slab
abyssalcraft:coraliumcobblestoneslab2:0, Coralium Cobblestone Slab
abyssalcraft:coraliumcobblestonewall, Coralium Cobblestone Wall
abyssalcraft:luminousthistle, Luminous Thistle
abyssalcraft:wastelandsthorn, Wasteland's Thorn
abyssalcraft:rendingpedestal, Rending Pedestal
abyssalcraft:statetransformer, State Transformer
abyssalcraft:energydepositioner, Energy Depositioner
abyssalcraft:calcifiedstone, Calcified Stone
abyssalcraft:multiblock, Multiblock
abyssalcraft:spirit_altar, Spirit Altar
abyssalcraft:devsword, The Dev Blade
abyssalcraft:shoggoth_projectile, item.shoggoth_projectile.name
abyssalcraft:oc, Oblivion Catalyst
abyssalcraft:gatewaykey, Gateway Key
abyssalcraft:staff, Staff of The Gatekeeper
abyssalcraft:powerstonetracker, Powerstone Tracker
abyssalcraft:eoa, Eye of The Abyss
abyssalcraft:gatewaykeydl, Asorah's Dreaded Gateway Key
abyssalcraft:dreadshard, Dreaded Shard of Abyssalnite
abyssalcraft:dreadchunk, Dreaded Chunk of Abyssalnite
abyssalcraft:abychunk, Chunk of Abyssalnite
abyssalcraft:abyingot, Abyssalnite Ingot
abyssalcraft:coralium, Coralium Gem
abyssalcraft:ccluster2, item.ccluster2.name
abyssalcraft:ccluster3, item.ccluster3.name
abyssalcraft:ccluster4, item.ccluster4.name
abyssalcraft:ccluster5, item.ccluster5.name
abyssalcraft:ccluster6, item.ccluster6.name
abyssalcraft:ccluster7, item.ccluster7.name
abyssalcraft:ccluster8, item.ccluster8.name
abyssalcraft:ccluster9, item.ccluster9.name
abyssalcraft:cpearl, Coralium Pearl
abyssalcraft:cchunk, Chunk of Coralium
abyssalcraft:cingot, Refined Coralium Ingot
abyssalcraft:platec, Coralium Plate
abyssalcraft:transmutationgem, Transmutation Gem
abyssalcraft:corflesh, Coralium-plagued Flesh
abyssalcraft:corbone, Coralium-plagued Flesh on a Bone
abyssalcraft:dpick, Darkstone Pickaxe
abyssalcraft:daxe, Darkstone Axe
abyssalcraft:dshovel, Darkstone Shovel
abyssalcraft:dsword, Darkstone Sword
abyssalcraft:dhoe, Darkstone Hoe
abyssalcraft:apick, Abyssalnite Pickaxe
abyssalcraft:aaxe, Abyssalnite Axe
abyssalcraft:ashovel, Abyssalnite Shovel
abyssalcraft:asword, Abyssalnite Sword
abyssalcraft:ahoe, Abyssalnite Hoe
abyssalcraft:corpick, Refined Coralium Pickaxe
abyssalcraft:coraxe, Refined Coralium Axe
abyssalcraft:corshovel, Refined Coralium Shovel
abyssalcraft:corsword, Refined Coralium Sword
abyssalcraft:corhoe, Refined Coralium Hoe
abyssalcraft:ahelmet, Abyssalnite Helmet
abyssalcraft:aplate, Abyssalnite Chestplate
abyssalcraft:alegs, Abyssalnite Leggings
abyssalcraft:aboots, Abyssalnite Boots
abyssalcraft:dhelmet, Dreaded Abyssalnite Helmet
abyssalcraft:dplate, Dreaded Abyssalnite Chestplate
abyssalcraft:dlegs, Dreaded Abyssalnite Leggings
abyssalcraft:dboots, Dreaded Abyssalnite Boots
abyssalcraft:corhelmet, Refined Coralium Helmet
abyssalcraft:corplate, Refined Coralium Chestplate
abyssalcraft:corlegs, Refined Coralium Leggings
abyssalcraft:corboots, Refined Coralium Boots
abyssalcraft:corhelmetp, Plated Coralium Helmet
abyssalcraft:corplatep, Plated Coralium Chestplate
abyssalcraft:corlegsp, Plated Coralium Leggings
abyssalcraft:corbootsp, Plated Coralium Boots
abyssalcraft:depthshelmet, Visage of The Depths
abyssalcraft:depthsplate, Chestplate of The Depths
abyssalcraft:depthslegs, Legguards of The Depths
abyssalcraft:depthsboots, Boots of The Depths
abyssalcraft:cobbleu, Cobblestone Upgrade Kit
abyssalcraft:ironu, Iron Upgrade Kit
abyssalcraft:goldu, Gold Upgrade Kit
abyssalcraft:diamondu, Diamond Upgrade Kit
abyssalcraft:abyssalniteu, Abyssalnite Upgrade Kit
abyssalcraft:coraliumu, Coralium Upgrade Kit
abyssalcraft:dreadiumu, Dreadium Upgrade Kit
abyssalcraft:ethaxiumu, Ethaxium Upgrade Kit
abyssalcraft:mre, MRE
abyssalcraft:ironp, Iron Plate
abyssalcraft:chickenp, Chicken on A Plate
abyssalcraft:porkp, Porkchop on A Plate
abyssalcraft:beefp, Beef on A Plate
abyssalcraft:fishp, Fish on A Plate
abyssalcraft:dirtyplate, Dirty Plate
abyssalcraft:friedegg, Fried Egg
abyssalcraft:eggp, Fried Egg on A Plate
abyssalcraft:cloth, Washcloth
abyssalcraft:shadowfragment, Shadow Fragment
abyssalcraft:shadowshard, Shadow Gem Shard
abyssalcraft:shadowgem, Shadow Gem
abyssalcraft:oblivionshard, Shard of Oblivion
abyssalcraft:corbow, Coralium Longbow
abyssalcraft:cbrick, Coralium Brick
abyssalcraft:cudgel, Cudgel
abyssalcraft:dreadiumingot, Dreadium Ingot
abyssalcraft:dreadfragment, Dread Fragment
abyssalcraft:dreadiumhelmet, Dreadium Helmet
abyssalcraft:dreadiumplate, Dreadium Chestplate
abyssalcraft:dreadiumlegs, Dreadium Leggings
abyssalcraft:dreadiumboots, Dreadium Boots
abyssalcraft:dreadiumpickaxe, Dreadium Pickaxe
abyssalcraft:dreadiumaxe, Dreadium Axe
abyssalcraft:dreadiumshovel, Dreadium Shovel
abyssalcraft:dreadiumsword, Dreadium Sword
abyssalcraft:dreadiumhoe, Dreadium Hoe
abyssalcraft:carboncluster, Carbon Cluster
abyssalcraft:densecarboncluster, Dense Carbon Cluster
abyssalcraft:methane, Methane
abyssalcraft:nitre, Nitre
abyssalcraft:sulfur, Sulfur
abyssalcraft:crystal:0, Crystallized Iron
abyssalcraft:crystal:1, Crystallized Gold
abyssalcraft:crystal:2, Crystallized Sulfur
abyssalcraft:crystal:3, Crystallized Carbon
abyssalcraft:crystal:4, Crystallized Oxygen
abyssalcraft:crystal:5, Crystallized Hydrogen
abyssalcraft:crystal:6, Crystallized Nitrogen
abyssalcraft:crystal:7, Crystallized Phosphorus
abyssalcraft:crystal:8, Crystallized Potassium
abyssalcraft:crystal:9, Crystallized Nitrate
abyssalcraft:crystal:10, Crystallized Methane
abyssalcraft:crystal:11, Crystallized Redstone
abyssalcraft:crystal:12, Crystallized Abyssalnite
abyssalcraft:crystal:13, Crystallized Coralium
abyssalcraft:crystal:14, Crystallized Dreadium
abyssalcraft:crystal:15, Crystallized Blaze
abyssalcraft:crystal:16, Crystallized Tin
abyssalcraft:crystal:17, Crystallized Copper
abyssalcraft:crystal:18, Crystallized Silicon
abyssalcraft:crystal:19, Crystallized Magnesium
abyssalcraft:crystal:20, Crystallized Aluminium
abyssalcraft:crystal:21, Crystallized Silica
abyssalcraft:crystal:22, Crystallized Alumina
abyssalcraft:crystal:23, Crystallized Magnesia
abyssalcraft:crystal:24, Crystallized Zinc
abyssalcraft:crystal:25, Crystallized Calcium
abyssalcraft:crystal:26, Crystallized Beryllium
abyssalcraft:crystal:27, Crystallized Beryl
abyssalcraft:crystalshard:0, Crystallized Iron Shard
abyssalcraft:crystalshard:1, Crystallized Gold Shard
abyssalcraft:crystalshard:2, Crystallized Sulfur Shard
abyssalcraft:crystalshard:3, Crystallized Carbon Shard
abyssalcraft:crystalshard:4, Crystallized Oxygen Shard
abyssalcraft:crystalshard:5, Crystallized Hydrogen Shard
abyssalcraft:crystalshard:6, Crystallized Nitrogen Shard
abyssalcraft:crystalshard:7, Crystallized Phosphorus Shard
abyssalcraft:crystalshard:8, Crystallized Potassium Shard
abyssalcraft:crystalshard:9, Crystallized Nitrate Shard
abyssalcraft:crystalshard:10, Crystallized Methane Shard
abyssalcraft:crystalshard:11, Crystallized Redstone Shard
abyssalcraft:crystalshard:12, Crystallized Abyssalnite Shard
abyssalcraft:crystalshard:13, Crystallized Coralium Shard
abyssalcraft:crystalshard:14, Crystallized Dreadium Shard
abyssalcraft:crystalshard:15, Crystallized Blaze Shard
abyssalcraft:crystalshard:16, Crystallized Tin Shard
abyssalcraft:crystalshard:17, Crystallized Copper Shard
abyssalcraft:crystalshard:18, Crystallized Silicon Shard
abyssalcraft:crystalshard:19, Crystallized Magnesium Shard
abyssalcraft:crystalshard:20, Crystallized Aluminium Shard
abyssalcraft:crystalshard:21, Crystallized Silica Shard
abyssalcraft:crystalshard:22, Crystallized Alumina Shard
abyssalcraft:crystalshard:23, Crystallized Magnesia Shard
abyssalcraft:crystalshard:24, Crystallized Zinc Shard
abyssalcraft:crystalshard:25, Crystallized Calcium Shard
abyssalcraft:crystalshard:26, Crystallized Beryllium Shard
abyssalcraft:crystalshard:27, Crystallized Beryl Shard
abyssalcraft:dreadcloth, Dread Cloth
abyssalcraft:dreadplate, Dreadium Plate
abyssalcraft:dreadblade, Dreadium Katana Blade
abyssalcraft:dreadhilt, Dreadium Katana Hilt
abyssalcraft:dreadkatana, Dreadium Katana
abyssalcraft:dreadkey, Dread-plagued Gateway Key
abyssalcraft:gatewaykeyjzh, Cha'garoth's R'lyehian Gateway Key
abyssalcraft:dreadiumsamuraihelmet, Dreadium Samurai Helmet
abyssalcraft:dreadiumsamuraiplate, Dreadium Samurai Chestplate
abyssalcraft:dreadiumsamurailegs, Dreadium Samurai Leggings
abyssalcraft:dreadiumsamuraiboots, Dreadium Samurai Boots
abyssalcraft:tiningot, Tin Ingot
abyssalcraft:copperingot, Copper Ingot
abyssalcraft:antibeef, Anti-Beef
abyssalcraft:antichicken, Anti-Chicken
abyssalcraft:antipork, Anti-Pork
abyssalcraft:antiflesh, Rotten Anti-Flesh
abyssalcraft:antibone, Anti-Bone
abyssalcraft:antispidereye, Anti-Spider Eye
abyssalcraft:soulreaper, Sacthoth's Soul Reaper Blade
abyssalcraft:ethbrick, Ethaxium Brick
abyssalcraft:ethaxiumingot, Ethaxium Ingot
abyssalcraft:lifecrystal, Life Crystal
abyssalcraft:ethaxiumhelmet, Ethaxium Helmet
abyssalcraft:ethaxiumplate, Ethaxium Chestplate
abyssalcraft:ethaxiumlegs, Ethaxium Leggings
abyssalcraft:ethaxiumboots, Ethaxium Boots
abyssalcraft:ethaxiumpickaxe, Ethaxium Pickaxe
abyssalcraft:ethaxiumaxe, Ethaxium Axe
abyssalcraft:ethaxiumshovel, Ethaxium Shovel
abyssalcraft:ethaxiumsword, Ethaxium Sword
abyssalcraft:ethaxiumhoe, Ethaxium Hoe
abyssalcraft:coin, Coin
abyssalcraft:cthulhucoin, Cthulhu Engraved Coin
abyssalcraft:eldercoin, Elder Engraved Coin
abyssalcraft:jzaharcoin, J'zahar Engraved Coin
abyssalcraft:engraving_blank, Blank Coin Engraving
abyssalcraft:engraving_cthulhu, Cthulhu Coin Engraving
abyssalcraft:engraving_elder, Elder Coin Engraving
abyssalcraft:engraving_jzahar, J'zahar Coin Engraving
abyssalcraft:eldritchscale, Eldritch Scale
abyssalcraft:omotholflesh, Omothol Ghoul Flesh
abyssalcraft:anticorflesh, Anti-plagued Flesh
abyssalcraft:anticorbone, Anti-plagued Flesh on A Bone
abyssalcraft:necronomicon, Necronomicon
abyssalcraft:necronomicon_cor, Abyssal Wasteland Necronomicon
abyssalcraft:necronomicon_dre, Dreadlands Necronomicon
abyssalcraft:necronomicon_omt, Omothol Necronomicon
abyssalcraft:abyssalnomicon, Abyssalnomicon
abyssalcraft:crystalbag_small, Small Crystal Bag
abyssalcraft:crystalbag_medium, Medium Crystal Bag
abyssalcraft:crystalbag_large, Large Crystal Bag
abyssalcraft:crystalbag_huge, Huge Crystal Bag
abyssalcraft:shoggothflesh:0, Shoggoth Flesh
abyssalcraft:shoggothflesh:1, Abyssal Shoggoth Flesh
abyssalcraft:shoggothflesh:2, Dreaded Shoggoth Flesh
abyssalcraft:shoggothflesh:3, Omothol Shoggoth Flesh
abyssalcraft:shoggothflesh:4, Shadow Shoggoth Flesh
abyssalcraft:ingotnugget:0, Abyssalnite Nugget
abyssalcraft:ingotnugget:1, Refined Coralium Nugget
abyssalcraft:ingotnugget:2, Dreadium Nugget
abyssalcraft:ingotnugget:3, Ethaxium Nugget
abyssalcraft:drainstaff:0, Staff of Rending
abyssalcraft:drainstaff:1, Abyssal Wasteland Staff of Rending
abyssalcraft:drainstaff:2, Dreadlands Staff of Rending
abyssalcraft:drainstaff:3, Omothol Staff of Rending
abyssalcraft:essence:0, Abyssal Wasteland Essence
abyssalcraft:essence:1, Dreadlands Essence
abyssalcraft:essence:2, Omothol Essence
abyssalcraft:skin:0, Skin of The Abyssal Wasteland
abyssalcraft:skin:1, Skin of The Dreadlands
abyssalcraft:skin:2, Skin of Omothol
abyssalcraft:charm:0, Ritual Charm
abyssalcraft:charm:1, Ritual Charm
abyssalcraft:charm:2, Ritual Charm
abyssalcraft:charm:3, Ritual Charm
abyssalcraft:cthulhucharm:0, Cthulhu Charm
abyssalcraft:cthulhucharm:1, Cthulhu Charm
abyssalcraft:cthulhucharm:2, Cthulhu Charm
abyssalcraft:cthulhucharm:3, Cthulhu Charm
abyssalcraft:hasturcharm:0, Hastur Charm
abyssalcraft:hasturcharm:1, Hastur Charm
abyssalcraft:hasturcharm:2, Hastur Charm
abyssalcraft:hasturcharm:3, Hastur Charm
abyssalcraft:jzaharcharm:0, J'zahar Charm
abyssalcraft:jzaharcharm:1, J'zahar Charm
abyssalcraft:jzaharcharm:2, J'zahar Charm
abyssalcraft:jzaharcharm:3, J'zahar Charm
abyssalcraft:azathothcharm:0, Azathoth Charm
abyssalcraft:azathothcharm:1, Azathoth Charm
abyssalcraft:azathothcharm:2, Azathoth Charm
abyssalcraft:azathothcharm:3, Azathoth Charm
abyssalcraft:nyarlathotepcharm:0, Nyarlathotep Charm
abyssalcraft:nyarlathotepcharm:1, Nyarlathotep Charm
abyssalcraft:nyarlathotepcharm:2, Nyarlathotep Charm
abyssalcraft:nyarlathotepcharm:3, Nyarlathotep Charm
abyssalcraft:yogsothothcharm:0, Yog-Sothoth Charm
abyssalcraft:yogsothothcharm:1, Yog-Sothoth Charm
abyssalcraft:yogsothothcharm:2, Yog-Sothoth Charm
abyssalcraft:yogsothothcharm:3, Yog-Sothoth Charm
abyssalcraft:shubniggurathcharm:0, Shub-Niggurath Charm
abyssalcraft:shubniggurathcharm:1, Shub-Niggurath Charm
abyssalcraft:shubniggurathcharm:2, Shub-Niggurath Charm
abyssalcraft:shubniggurathcharm:3, Shub-Niggurath Charm
abyssalcraft:hasturcoin, Hastur Engraved Coin
abyssalcraft:azathothcoin, Azathoth Engraved Coin
abyssalcraft:nyarlathotepcoin, Nyarlathotep Engraved Coin
abyssalcraft:yogsothothcoin, Yog-Sothoth Engraved Coin
abyssalcraft:shubniggurathcoin, Shub-Niggurath Engraved Coin
abyssalcraft:engraving_hastur, Hastur Coin Engraving
abyssalcraft:engraving_azathoth, Azathoth Coin Engraving
abyssalcraft:engraving_nyarlathotep, Nyarlathotep Coin Engraving
abyssalcraft:engraving_yogsothoth, Yog-Sothoth Coin Engraving
abyssalcraft:engraving_shubniggurath, Shub-Niggurath Coin Engraving
abyssalcraft:gatekeeperessence, Essence of The Gatekeeper
abyssalcraft:interdimensionalcage, Interdimensional Cage
abyssalcraft:crystalfragment:0, Crystallized Iron Fragment
abyssalcraft:crystalfragment:1, Crystallized Gold Fragment
abyssalcraft:crystalfragment:2, Crystallized Sulfur Fragment
abyssalcraft:crystalfragment:3, Crystallized Carbon Fragment
abyssalcraft:crystalfragment:4, Crystallized Oxygen Fragment
abyssalcraft:crystalfragment:5, Crystallized Hydrogen Fragment
abyssalcraft:crystalfragment:6, Crystallized Nitrogen Fragment
abyssalcraft:crystalfragment:7, Crystallized Phosphorus Fragment
abyssalcraft:crystalfragment:8, Crystallized Potassium Fragment
abyssalcraft:crystalfragment:9, Crystallized Nitrate Fragment
abyssalcraft:crystalfragment:10, Crystallized Methane Fragment
abyssalcraft:crystalfragment:11, Crystallized Redstone Fragment
abyssalcraft:crystalfragment:12, Crystallized Abyssalnite Fragment
abyssalcraft:crystalfragment:13, Crystallized Coralium Fragment
abyssalcraft:crystalfragment:14, Crystallized Dreadium Fragment
abyssalcraft:crystalfragment:15, Crystallized Blaze Fragment
abyssalcraft:crystalfragment:16, Crystallized Tin Fragment
abyssalcraft:crystalfragment:17, Crystallized Copper Fragment
abyssalcraft:crystalfragment:18, Crystallized Silicon Fragment
abyssalcraft:crystalfragment:19, Crystallized Magnesium Fragment
abyssalcraft:crystalfragment:20, Crystallized Aluminium Fragment
abyssalcraft:crystalfragment:21, Crystallized Silica Fragment
abyssalcraft:crystalfragment:22, Crystallized Alumina Fragment
abyssalcraft:crystalfragment:23, Crystallized Magnesia Fragment
abyssalcraft:crystalfragment:24, Crystallized Zinc Fragment
abyssalcraft:crystalfragment:25, Crystallized Calcium Fragment
abyssalcraft:crystalfragment:26, Crystallized Beryllium Fragment
abyssalcraft:crystalfragment:27, Crystallized Beryl Fragment
abyssalcraft:stonetablet, Stone Tablet
abyssalcraft:scroll:0, Basic Scroll
abyssalcraft:scroll:1, Lesser Scroll
abyssalcraft:scroll:2, Moderate Scroll
abyssalcraft:scroll:3, Greater Scroll
abyssalcraft:unique_scroll:0, Antimatter Scroll
abyssalcraft:unique_scroll:1, Oblivion Scroll
abyssalcraft:antidote:0, Coralium Plague Antidote
abyssalcraft:antidote:1, Dread Plague Antidote
abyssalcraft:door_dlt, Darklands Oak Wood Door
abyssalcraft:door_drt, Dreadlands Wood Door
abyssalcraft:charcoal, Cha'rcoal
abyssalcraft:configurator, Spirit Tablet
abyssalcraft:configurator_shard:0, Spirit Tablet Shard #1
abyssalcraft:configurator_shard:1, Spirit Tablet Shard #2
abyssalcraft:configurator_shard:2, Spirit Tablet Shard #3
abyssalcraft:configurator_shard:3, Spirit Tablet Shard #4
aether_legacy:aether_grass, Aether Grass
aether_legacy:enchanted_aether_grass, Enchanted Aether Grass
aether_legacy:aether_dirt, Aether Dirt
aether_legacy:holystone, Holystone
aether_legacy:mossy_holystone, Mossy Holystone
aether_legacy:holystone_brick, Holystone Brick
aether_legacy:aercloud:0, Cold Aercloud
aether_legacy:aercloud:1, Blue Aercloud
aether_legacy:aercloud:2, Golden Aercloud
aether_legacy:aercloud:3, Pink Aercloud
aether_legacy:quicksoil, Quicksoil
aether_legacy:icestone, Icestone
aether_legacy:ambrosium_ore, Ambrosium Ore
aether_legacy:zanite_ore, Zanite Ore
aether_legacy:gravitite_ore, Gravitite Ore
aether_legacy:aether_leaves:0, Skyroot Leaves
aether_legacy:aether_leaves:1, Golden Oak Leaves
aether_legacy:aether_log:0, Skyroot Log
aether_legacy:aether_log:1, Golden Oak Log
aether_legacy:skyroot_plank, Skyroot Plank
aether_legacy:quicksoil_glass, Quicksoil Glass
aether_legacy:aerogel, Aerogel
aether_legacy:enchanted_gravitite, Enchanted Gravitite
aether_legacy:zanite_block, Zanite Block
aether_legacy:berry_bush, Berry Bush
aether_legacy:berry_bush_stem, Berry Bush Stem
aether_legacy:enchanter, Altar
aether_legacy:freezer, Freezer
aether_legacy:incubator, Incubator
aether_legacy:dungeon_block:0, Carved Stone
aether_legacy:dungeon_block:1, Sentry Stone
aether_legacy:dungeon_block:2, Angelic Stone
aether_legacy:dungeon_block:3, Light Angelic Stone
aether_legacy:dungeon_block:4, Hellfire Stone
aether_legacy:dungeon_block:5, Light Hellfire Stone
aether_legacy:locked_dungeon_block:0, Carved Stone
aether_legacy:locked_dungeon_block:1, Sentry Stone
aether_legacy:locked_dungeon_block:2, Angelic Stone
aether_legacy:locked_dungeon_block:3, Light Angelic Stone
aether_legacy:locked_dungeon_block:4, Hellfire Stone
aether_legacy:locked_dungeon_block:5, Light Hellfire Stone
aether_legacy:dungeon_trap:0, Carved Stone
aether_legacy:dungeon_trap:1, Sentry Stone
aether_legacy:dungeon_trap:2, Angelic Stone
aether_legacy:dungeon_trap:3, Light Angelic Stone
aether_legacy:dungeon_trap:4, Hellfire Stone
aether_legacy:dungeon_trap:5, Light Hellfire Stone
aether_legacy:aether_portal, Aether Portal
aether_legacy:ambrosium_torch, Ambrosium Torch
aether_legacy:chest_mimic, Chest Mimic
aether_legacy:treasure_chest, Treasure Chest
aether_legacy:purple_flower, Purple Flower
aether_legacy:white_flower, White Flower
aether_legacy:skyroot_sapling, Skyroot Sapling
aether_legacy:golden_oak_sapling, Golden Oak Sapling
aether_legacy:crystal_leaves:0, Crystal Leaves
aether_legacy:crystal_leaves:1, Crystal Fruit Leaves
aether_legacy:holiday_leaves:0, Holiday Leaves
aether_legacy:holiday_leaves:1, Decorated Holiday Leaves
aether_legacy:present, Present
aether_legacy:pillar, Pillar
aether_legacy:pillar_top, Pillar Top
aether_legacy:skyroot_fence, Skyroot Fence
aether_legacy:skyroot_fence_gate, Skyroot Fence Gate
aether_legacy:carved_wall, Carved Wall
aether_legacy:angelic_wall, Angelic Wall
aether_legacy:hellfire_wall, Hellfire Wall
aether_legacy:holystone_wall, Holystone Wall
aether_legacy:holystone_brick_wall, Holystone Brick Wall
aether_legacy:mossy_holystone_wall, Mossy Holystone Wall
aether_legacy:aerogel_wall, Aerogel Wall
aether_legacy:carved_stairs, Carved Stairs
aether_legacy:angelic_stairs, Angelic Stairs
aether_legacy:hellfire_stairs, Hellfire Stairs
aether_legacy:skyroot_stairs, Skyroot Stairs
aether_legacy:mossy_holystone_stairs, Mossy Holystone Stairs
aether_legacy:holystone_stairs, Holystone Stairs
aether_legacy:holystone_brick_stairs, Holystone Brick Stairs
aether_legacy:aerogel_stairs, Aerogel Stairs
aether_legacy:skyroot_double_slab, Skyroot Double Slab
aether_legacy:carved_double_slab, Carved Double Slab
aether_legacy:angelic_double_slab, Angelic Double Slab
aether_legacy:hellfire_double_slab, Hellfire Double Slab
aether_legacy:holystone_double_slab, Holystone Double Slab
aether_legacy:mossy_holystone_double_slab, Mossy Holystone Double Slab
aether_legacy:holystone_brick_double_slab, Holystone Brick Double Slab
aether_legacy:aerogel_double_slab, Aerogel Double Slab
aether_legacy:skyroot_slab:0, Skyroot Slab
aether_legacy:carved_slab:0, Carved Slab
aether_legacy:angelic_slab:0, Angelic Slab
aether_legacy:hellfire_slab:0, Hellfire Slab
aether_legacy:holystone_slab:0, Holystone Slab
aether_legacy:mossy_holystone_slab:0, Mossy Holystone Slab
aether_legacy:holystone_brick_slab:0, Holystone Brick Slab
aether_legacy:aerogel_slab:0, Aerogel Slab
aether_legacy:sun_altar, Sun Altar
aether_legacy:skyroot_bookshelf, Skyroot Bookshelf
aether_legacy:zanite_gemstone, Zanite Gemstone
aether_legacy:ambrosium_shard, Ambrosium Shard
aether_legacy:golden_amber, Golden Amber
aether_legacy:aechor_petal, Aechor Petal
aether_legacy:swetty_ball, Swet Ball
aether_legacy:skyroot_pickaxe, Skyroot Pickaxe
aether_legacy:skyroot_axe, Skyroot Axe
aether_legacy:skyroot_shovel, Skyroot Shovel
aether_legacy:holystone_pickaxe, Holystone Pickaxe
aether_legacy:holystone_axe, Holystone Axe
aether_legacy:holystone_shovel, Holystone Shovel
aether_legacy:zanite_pickaxe, Zanite Pickaxe
aether_legacy:zanite_axe, Zanite Axe
aether_legacy:zanite_shovel, Zanite Shovel
aether_legacy:gravitite_pickaxe, Gravitite Pickaxe
aether_legacy:gravitite_axe, Gravitite Axe
aether_legacy:gravitite_shovel, Gravitite Shovel
aether_legacy:valkyrie_pickaxe, Valkyrie Pickaxe
aether_legacy:valkyrie_axe, Valkyrie Axe
aether_legacy:valkyrie_shovel, Valkyrie Shovel
aether_legacy:zanite_helmet, Zanite Helmet
aether_legacy:zanite_chestplate, Zanite Chestplate
aether_legacy:zanite_leggings, Zanite Leggings
aether_legacy:zanite_boots, Zanite Boots
aether_legacy:gravitite_helmet, Gravitite Helmet
aether_legacy:gravitite_chestplate, Gravitite Chestplate
aether_legacy:gravitite_leggings, Gravitite Leggings
aether_legacy:gravitite_boots, Gravitite Boots
aether_legacy:neptune_helmet, Neptune Helmet
aether_legacy:neptune_chestplate, Neptune Chestplate
aether_legacy:neptune_leggings, Neptune Leggings
aether_legacy:neptune_boots, Neptune Boots
aether_legacy:phoenix_helmet, Phoenix Helmet
aether_legacy:phoenix_chestplate, Phoenix Chestplate
aether_legacy:phoenix_leggings, Phoenix Leggings
aether_legacy:phoenix_boots, Phoenix Boots
aether_legacy:obsidian_helmet, Obsidian Helmet
aether_legacy:obsidian_chestplate, Obsidian Chestplate
aether_legacy:obsidian_leggings, Obsidian Leggings
aether_legacy:obsidian_boots, Obsidian Boots
aether_legacy:valkyrie_helmet, Valkyrie Helmet
aether_legacy:valkyrie_chestplate, Valkyrie Chestplate
aether_legacy:valkyrie_leggings, Valkyrie Leggings
aether_legacy:valkyrie_boots, Valkyrie Boots
aether_legacy:blue_berry, Blue Berry
aether_legacy:enchanted_blueberry, Enchanted Berry
aether_legacy:white_apple, White Apple
aether_legacy:gummy_swet:0, Blue Gummy Swet
aether_legacy:gummy_swet:1, Golden Gummy Swet
aether_legacy:healing_stone, Healing Stone
aether_legacy:candy_cane, Candy Cane
aether_legacy:ginger_bread_man, Ginger Bread Man
aether_legacy:skyroot_stick, Skyroot Stick
aether_legacy:victory_medal, Victory Medal
aether_legacy:dungeon_key:0, Bronze Key
aether_legacy:dungeon_key:1, Silver Key
aether_legacy:dungeon_key:2, Golden Key
aether_legacy:skyroot_bucket:0, Skyroot Bucket
aether_legacy:skyroot_bucket:1, Skyroot Water Bucket
aether_legacy:skyroot_bucket:2, Skyroot Poison Bucket
aether_legacy:skyroot_bucket:3, Skyroot Remedy Bucket
aether_legacy:skyroot_bucket:4, Skyroot Milk Bucket
aether_legacy:cold_parachute, Cold Parachute
aether_legacy:golden_parachute, Golden Parachute
aether_legacy:moa_egg, item.moa_egg.name
aether_legacy:dart_shooter:0, Golden Dart Shooter
aether_legacy:dart_shooter:1, Poison Dart Shooter
aether_legacy:dart_shooter:2, Enchanted Dart Shooter
aether_legacy:phoenix_bow, Phoenix Bow
aether_legacy:dart:0, Golden Dart
aether_legacy:dart:1, Poison Dart
aether_legacy:dart:2, Enchanted Dart
aether_legacy:skyroot_sword, Skyroot Sword
aether_legacy:holystone_sword, Holystone Sword
aether_legacy:zanite_sword, Zanite Sword
aether_legacy:gravitite_sword, Gravitite Sword
aether_legacy:flaming_sword, Flaming Sword
aether_legacy:lightning_sword, Lightning Sword
aether_legacy:holy_sword, Holy Sword
aether_legacy:vampire_blade, Vampire Blade
aether_legacy:pig_slayer, Pig Slayer
aether_legacy:candy_cane_sword, Candy Cane Sword
aether_legacy:notch_hammer, Hammer of Notch
aether_legacy:leather_gloves, Leather Gloves
aether_legacy:iron_gloves, Iron Gloves
aether_legacy:golden_gloves, Golden Gloves
aether_legacy:chain_gloves, Chain Gloves
aether_legacy:diamond_gloves, Diamond Gloves
aether_legacy:zanite_gloves, Zanite Gloves
aether_legacy:gravitite_gloves, Gravitite Gloves
aether_legacy:neptune_gloves, Neptune Gloves
aether_legacy:phoenix_gloves, Phoenix Gloves
aether_legacy:obsidian_gloves, Obsidian Gloves
aether_legacy:valkyrie_gloves, Valkyrie Gloves
aether_legacy:iron_ring, Iron Ring
aether_legacy:golden_ring, Golden Ring
aether_legacy:zanite_ring, Zanite Ring
aether_legacy:ice_ring, Ice Ring
aether_legacy:iron_pendant, Iron Pendant
aether_legacy:golden_pendant, Golden Pendant
aether_legacy:zanite_pendant, Zanite Pendant
aether_legacy:ice_pendant, Ice Pendant
aether_legacy:red_cape, Red Cape
aether_legacy:blue_cape, Blue Cape
aether_legacy:yellow_cape, Yellow Cape
aether_legacy:white_cape, White Cape
aether_legacy:swet_cape, Swet Cape
aether_legacy:invisibility_cape, Invisibility Cloak
aether_legacy:agility_cape, Agility Cape
aether_legacy:valkyrie_cape, Valkyrie Cape
aether_legacy:golden_feather, Golden Feather
aether_legacy:regeneration_stone, Regeneration Stone
aether_legacy:iron_bubble, Iron Bubble
aether_legacy:life_shard, Life Shard
aether_legacy:cloud_staff, Cloud Staff
aether_legacy:nature_staff, Nature Staff
aether_legacy:lightning_knife, Lightning Knife
aether_legacy:valkyrie_lance, Valkyrie Lance
aether_legacy:sentry_boots, Sentry Boots
aether_legacy:aether_tune, Blue Music Disc
aether_legacy:ascending_dawn, Valkyrie Music Disc
aether_legacy:welcoming_skies, Welcoming Skies
aether_legacy:legacy, Legacy
aether_legacy:repulsion_shield, Shield of Repulsion
aether_legacy:lore_book, Book of Lore
aether_legacy:developer_stick, Developer Stick
aether_legacy:skyroot_bed_item, Skyroot Bed
aether_legacy:aether_portal_frame, Aether Portal Frame
astralsorcery:itemcraftingcomponent:0, Aquamarine
astralsorcery:itemcraftingcomponent:1, Starmetal Ingot
astralsorcery:itemcraftingcomponent:2, Stardust
astralsorcery:itemcraftingcomponent:3, Glass Lens
astralsorcery:itemcraftingcomponent:4, Resonating Gem
astralsorcery:itemcraftingcomponent:5, Parchment
astralsorcery:itemconstellationpaper:0, Constellation Paper
astralsorcery:itemconstellationpaper:0, Constellation Paper
astralsorcery:itemconstellationpaper:0, Constellation Paper
astralsorcery:itemconstellationpaper:0, Constellation Paper
astralsorcery:itemconstellationpaper:0, Constellation Paper
astralsorcery:itemconstellationpaper:0, Constellation Paper
astralsorcery:itemconstellationpaper:0, Constellation Paper
astralsorcery:itemconstellationpaper:0, Constellation Paper
astralsorcery:itemconstellationpaper:0, Constellation Paper
astralsorcery:itemconstellationpaper:0, Constellation Paper
astralsorcery:itemconstellationpaper:0, Constellation Paper
astralsorcery:itemconstellationpaper:0, Constellation Paper
astralsorcery:itemconstellationpaper:0, Constellation Paper
astralsorcery:itemconstellationpaper:0, Constellation Paper
astralsorcery:itemconstellationpaper:0, Constellation Paper
astralsorcery:itemconstellationpaper:0, Constellation Paper
astralsorcery:itemconstellationpaper:0, Constellation Paper
astralsorcery:iteminfusedglass, Infused Glass
astralsorcery:itemrockcrystalsimple:0, Rock Crystal
astralsorcery:itemtunedrockcrystal:0, Attuned Rock Crystal
astralsorcery:itemtunedrockcrystal:0, Attuned Rock Crystal
astralsorcery:itemtunedrockcrystal:0, Attuned Rock Crystal
astralsorcery:itemtunedrockcrystal:0, Attuned Rock Crystal
astralsorcery:itemtunedrockcrystal:0, Attuned Rock Crystal
astralsorcery:itemtunedrockcrystal:0, Attuned Rock Crystal
astralsorcery:itemtunedrockcrystal:0, Attuned Rock Crystal
astralsorcery:itemtunedrockcrystal:0, Attuned Rock Crystal
astralsorcery:itemtunedrockcrystal:0, Attuned Rock Crystal
astralsorcery:itemtunedrockcrystal:0, Attuned Rock Crystal
astralsorcery:itemtunedrockcrystal:0, Attuned Rock Crystal
astralsorcery:itemtunedrockcrystal:0, Attuned Rock Crystal
astralsorcery:itemcelestialcrystal:0, Celestial Crystal
astralsorcery:itemtunedcelestialcrystal:0, Attuned Celestial Crystal
astralsorcery:itemtunedcelestialcrystal:0, Attuned Celestial Crystal
astralsorcery:itemtunedcelestialcrystal:0, Attuned Celestial Crystal
astralsorcery:itemtunedcelestialcrystal:0, Attuned Celestial Crystal
astralsorcery:itemtunedcelestialcrystal:0, Attuned Celestial Crystal
astralsorcery:itemtunedcelestialcrystal:0, Attuned Celestial Crystal
astralsorcery:itemtunedcelestialcrystal:0, Attuned Celestial Crystal
astralsorcery:itemtunedcelestialcrystal:0, Attuned Celestial Crystal
astralsorcery:itemtunedcelestialcrystal:0, Attuned Celestial Crystal
astralsorcery:itemtunedcelestialcrystal:0, Attuned Celestial Crystal
astralsorcery:itemtunedcelestialcrystal:0, Attuned Celestial Crystal
astralsorcery:itemtunedcelestialcrystal:0, Attuned Celestial Crystal
astralsorcery:itemjournal, Astral Tome
astralsorcery:itemhandtelescope, Looking Glass
astralsorcery:itemlinkingtool, Linking Tool
astralsorcery:itemwand, Resonating Wand
astralsorcery:itemsextant, Sextant
astralsorcery:itemilluminationwand, Illumination Wand
astralsorcery:itemcoloredlens:0, Colored Lens
astralsorcery:itemcoloredlens:1, Colored Lens
astralsorcery:itemcoloredlens:2, Colored Lens
astralsorcery:itemcoloredlens:3, Colored Lens
astralsorcery:itemcoloredlens:4, Colored Lens
astralsorcery:itemcoloredlens:5, Colored Lens
astralsorcery:itemcoloredlens:6, Colored Lens
astralsorcery:itemskyresonator, Fosic Resonator
astralsorcery:itemshiftingstar, Shifting Star
astralsorcery:itemarchitectwand, Formation Wand
astralsorcery:itemexchangewand, Conversion Wand
astralsorcery:itemgrapplewand, Impulsion Wand
astralsorcery:itemusabledust:0, Illumination Powder
astralsorcery:itemusabledust:1, Nocturnal Powder
astralsorcery:itemknowledgeshare, Scroll of Written Expertise
astralsorcery:itemperkseal, Sealing Sigil
astralsorcery:itemknowledgefragment, Lucent Scroll
astralsorcery:itemfragmentcapsule, Shining Casing
astralsorcery:itemperkgem:0, Ourium Gem
astralsorcery:itemperkgem:1, Ilium Gem
astralsorcery:itemperkgem:2, Fengarum Gem
astralsorcery:itemcrystalpickaxe, Crystal Pickaxe
astralsorcery:itemcrystalshovel, Crystal Shovel
astralsorcery:itemcrystalaxe, Crystal Axe
astralsorcery:itemcrystalsword, Crystal Sword
astralsorcery:itemchargedcrystalaxe, Infused Crystal Axe
astralsorcery:itemchargedcrystalsword, Infused Crystal Sword
astralsorcery:itemchargedcrystalpickaxe, Infused Crystal Pickaxe
astralsorcery:itemchargedcrystalshovel, Infused Crystal Shovel
astralsorcery:itemcape, Mantle of Stars
astralsorcery:itemenchantmentamulet, Resplendent Prism
astralsorcery:blockmarblestairs, Marble Stairs
astralsorcery:blockflarelight, Volatile Flare
astralsorcery:blockvanishing, tile.blockvanishing.name
astralsorcery:blockchalice, Containment Chalice
astralsorcery:blockbore, Evershifting Fountain
astralsorcery:blockattunementaltar, Attunement Altar
astralsorcery:blockattunementrelay, Spectral Relay
astralsorcery:blockwell, Lightwell
astralsorcery:blockworldilluminator, Cave Illuminator
astralsorcery:blockfaketree, 
astralsorcery:blockstarlightinfuser, Starlight Infuser
astralsorcery:blockrituallink, Ritual Anchor
astralsorcery:blockportalnode, 
astralsorcery:blocktreebeacon, Tree Beacon
astralsorcery:blocktranslucentblock, Translucent Block
astralsorcery:blockmapdrawingtable, Stellar Refraction Table
astralsorcery:blockcelestialgateway, Celestial Gateway
astralsorcery:blockobservatory, Observatory
astralsorcery:blocklens, Lens
astralsorcery:blockprism, PrismLens
astralsorcery:blockmarbleslab:0, Marble Slab
astralsorcery:blockcustomore:0, Rock Crystal Ore
astralsorcery:blockcustomore:1, Starmetal Ore
astralsorcery:blockcustomsandore:0, Aquamarine Shale
astralsorcery:blockcustomflower:0, Faint Amaranth
astralsorcery:blockmarble:0, Marble
astralsorcery:blockmarble:1, Marble Bricks
astralsorcery:blockmarble:2, Marble Pillar
astralsorcery:blockmarble:3, Marble Arch
astralsorcery:blockmarble:4, Chiseled Marble
astralsorcery:blockmarble:5, Engraved Marble
astralsorcery:blockmarble:6, Runed Marble
astralsorcery:blockblackmarble:0, Sooty Marble
astralsorcery:blockblackmarble:1, Sooty Marble Bricks
astralsorcery:blockblackmarble:2, Sooty Marble Pillar
astralsorcery:blockblackmarble:3, Sooty Marble Arch
astralsorcery:blockblackmarble:4, Chiseled Sooty Marble
astralsorcery:blockblackmarble:5, Engraved Sooty Marble
astralsorcery:blockblackmarble:6, Runed Sooty Marble
astralsorcery:blockinfusedwood:0, Infused Wood
astralsorcery:blockinfusedwood:1, Infused Wood Planks
astralsorcery:blockinfusedwood:2, Infused Wood Column
astralsorcery:blockinfusedwood:3, Infused Wood Arch
astralsorcery:blockinfusedwood:4, Engraved Infused Wood
astralsorcery:blockinfusedwood:5, Enriched Infused Wood
astralsorcery:blockinfusedwood:6, Vibrant Infused Wood
astralsorcery:blockborehead:0, Neromantic Prime
astralsorcery:blockborehead:1, Fysallidic Prime
astralsorcery:blockmachine:0, Telescope
astralsorcery:blockmachine:1, Grindstone
astralsorcery:blockcelestialcrystals:0, Celestial Crystal Cluster
astralsorcery:blockcelestialcrystals:1, Celestial Crystal Cluster
astralsorcery:blockcelestialcrystals:2, Celestial Crystal Cluster
astralsorcery:blockcelestialcrystals:3, Celestial Crystal Cluster
astralsorcery:blockcelestialcrystals:4, Celestial Crystal Cluster
astralsorcery:blockgemcrystals:0, Gem Crystal Cluster
astralsorcery:blockgemcrystals:1, Gem Crystal Cluster
astralsorcery:blockgemcrystals:2, Gem Crystal Cluster
astralsorcery:blockgemcrystals:3, Gem Crystal Cluster
astralsorcery:blockgemcrystals:4, Gem Crystal Cluster
astralsorcery:blockstructural:0, Telescope
astralsorcery:blockritualpedestal, Ritual Pedestal
astralsorcery:blockaltar:0, Luminous Crafting Table
astralsorcery:blockaltar:1, Starlight Crafting Altar
astralsorcery:blockaltar:2, Celestial Altar
astralsorcery:blockaltar:3, Iridescent Altar
astralsorcery:blockcollectorcrystal:0, Floating Crystal
astralsorcery:blockcollectorcrystal:0, Floating Crystal
astralsorcery:blockcollectorcrystal:0, Floating Crystal
astralsorcery:blockcollectorcrystal:0, Floating Crystal
astralsorcery:blockcollectorcrystal:0, Floating Crystal
astralsorcery:blockcollectorcrystal:0, Floating Crystal
astralsorcery:blockcollectorcrystal:0, Floating Crystal
astralsorcery:blockcollectorcrystal:0, Floating Crystal
astralsorcery:blockcollectorcrystal:0, Floating Crystal
astralsorcery:blockcollectorcrystal:0, Floating Crystal
astralsorcery:blockcollectorcrystal:0, Floating Crystal
astralsorcery:blockcollectorcrystal:0, Floating Crystal
astralsorcery:blockcelestialcollectorcrystal:0, Floating Crystal
astralsorcery:blockcelestialcollectorcrystal:0, Floating Crystal
astralsorcery:blockcelestialcollectorcrystal:0, Floating Crystal
astralsorcery:blockcelestialcollectorcrystal:0, Floating Crystal
astralsorcery:blockcelestialcollectorcrystal:0, Floating Crystal
astralsorcery:blockcelestialcollectorcrystal:0, Floating Crystal
astralsorcery:blockcelestialcollectorcrystal:0, Floating Crystal
astralsorcery:blockcelestialcollectorcrystal:0, Floating Crystal
astralsorcery:blockcelestialcollectorcrystal:0, Floating Crystal
astralsorcery:blockcelestialcollectorcrystal:0, Floating Crystal
astralsorcery:blockcelestialcollectorcrystal:0, Floating Crystal
astralsorcery:blockcelestialcollectorcrystal:0, Floating Crystal
betterbuilderswands:wandstone, Stone Wand
betterbuilderswands:wandiron, Iron Wand
betterbuilderswands:wanddiamond, Diamond Wand
betterbuilderswands:wandunbreakable, Unbreakable Wand
blue_skies:turquoise_tallgrass, Turquoise Grass
blue_skies:turquoise_grass, Turquoise Grass Block
blue_skies:turquoise_dirt, Turquoise Dirt
blue_skies:coarse_turquoise_dirt, Coarse Turquoise Dirt
blue_skies:turquoise_farmland, Turquoise Farmland
blue_skies:turquoise_stone, Turquoise Stone
blue_skies:turquoise_cobblestone, Turquoise Cobblestone
blue_skies:mossy_turquoise_cobblestone, Mossy Turquoise Cobblestone
blue_skies:bluebright_vine, Bluebright Vine
blue_skies:starlit_vine, Starlit Vine
blue_skies:frostbright_vine, Frostbright Vine
blue_skies:bluebright_leaves, Bluebright Leaves
blue_skies:bluebright_log, Bluebright Wood
blue_skies:bluebright_planks, Bluebright Wood Planks
blue_skies:turquoise_stonebrick, Turquoise Stone Bricks
blue_skies:mossy_turquoise_stonebrick, Mossy Turquoise Stone Bricks
blue_skies:cracked_turquoise_stonebrick, Cracked Turquoise Stone Bricks
blue_skies:hot_pink_flower, Camellia Flower
blue_skies:snowbloom, Snowbloom
blue_skies:bluebright_sapling, Bluebright Sapling
blue_skies:starlit_sapling, Starlit Sapling
blue_skies:frostbright_sapling, Frostbright Sapling
blue_skies:raspberry_bush, Raspberry Bush
blue_skies:chilled_lily_pad, Chilled Lily Pad
blue_skies:snowcap_mushroom, Snowcap Mushroom
blue_skies:starlit_leaves, Starlit Leaves
blue_skies:starlit_log, Starlit Wood
blue_skies:starlit_planks, Starlit Wood Planks
blue_skies:frostbright_leaves, Frostbright Leaves
blue_skies:frostbright_log, Frostbright Wood
blue_skies:frostbright_planks, Frostbright Wood Planks
blue_skies:bluebright_crafting_table, Bluebright Crafting Table
blue_skies:starlit_crafting_table, Starlit Crafting Table
blue_skies:frostbright_crafting_table, Frostbright Crafting Table
blue_skies:bluebright_chest, Bluebright Chest
blue_skies:starlit_chest, Starlit Chest
blue_skies:frostbright_chest, Frostbright Chest
blue_skies:midnight_sand, Midnight Sand
blue_skies:midnight_sandstone, Midnight Sandstone
blue_skies:chiseled_midnight_sandstone, Chiseled Midnight Sandstone
blue_skies:smooth_midnight_sandstone, Smooth Midnight Sandstone
blue_skies:everbright_diopside_ore, Diopside Ore
blue_skies:everbright_pyrope_ore, Pyrope Ore
blue_skies:everbright_turquoise_ore, Turquoise Ore
blue_skies:everbright_charoite_ore, Charoite Ore
blue_skies:everbright_moonstone_ore, Moonstone Ore
blue_skies:everbright_emerald_ore, Emerald Ore
blue_skies:falsite_ore, Falsite Ore
blue_skies:ventium_ore, Ventium Ore
blue_skies:lunar_tallgrass, Lunar Grass
blue_skies:lunar_grass, Lunar Grass Block
blue_skies:lunar_dirt, Lunar Dirt
blue_skies:coarse_lunar_dirt, Coarse Lunar Dirt
blue_skies:lunar_farmland, Lunar Farmland
blue_skies:lunar_stone, Lunar Stone
blue_skies:lunar_cobblestone, Lunar Cobblestone
blue_skies:mossy_lunar_cobblestone, Mossy Lunar Cobblestone
blue_skies:lunar_leaves, Lunar Leaves
blue_skies:lunar_log, Lunar Wood
blue_skies:lunar_planks, Lunar Wood Planks
blue_skies:lunar_stonebrick, Lunar Stone Bricks
blue_skies:mossy_lunar_stonebrick, Mossy Lunar Stone Bricks
blue_skies:cracked_lunar_stonebrick, Cracked Lunar Stone Bricks
blue_skies:moonlit_flower, Moonlit Flower
blue_skies:crystal_flower, Crystal Flower
blue_skies:blaze_bud, Blaze Bud
blue_skies:lunar_sapling, Lunar Sapling
blue_skies:dusk_sapling, Dusk Sapling
blue_skies:maple_sapling, Maple Sapling
blue_skies:baneful_mushroom, Baneful Mushroom
blue_skies:lunar_crafting_table, Lunar Crafting Table
blue_skies:dusk_crafting_table, Dusk Crafting Table
blue_skies:maple_crafting_table, Maple Crafting Table
blue_skies:dusk_vine, Dusk Vine
blue_skies:dusk_leaves, Dusk Leaves
blue_skies:dusk_log, Dusk Wood
blue_skies:dusk_planks, Dusk Wood Planks
blue_skies:maple_vine, Maple Vine
blue_skies:maple_leaves, Maple Leaves
blue_skies:maple_log, Maple Wood
blue_skies:maple_planks, Maple Wood Planks
blue_skies:lunar_chest, Lunar Chest
blue_skies:dusk_chest, Dusk Chest
blue_skies:maple_chest, Maple Chest
blue_skies:crystal_sand, Crystal Sand
blue_skies:moonstone_spike_block, Raw Moonstone Block
blue_skies:hidden_spike, Hidden Spike Block
blue_skies:crystal_sandstone, Crystal Sandstone
blue_skies:chiseled_crystal_sandstone, Chiseled Crystal Sandstone
blue_skies:smooth_crystal_sandstone, Smooth Crystal Sandstone
blue_skies:decaying_spike, Decaying Spike
blue_skies:everdawn_diopside_ore, Diopside Ore
blue_skies:everdawn_pyrope_ore, Pyrope Ore
blue_skies:everdawn_turquoise_ore, Turquoise Ore
blue_skies:everdawn_charoite_ore, Charoite Ore
blue_skies:everdawn_moonstone_ore, Moonstone Ore
blue_skies:everdawn_emerald_ore, Emerald Ore
blue_skies:horizonite_ore, Horizonite Ore
blue_skies:cherry_tallgrass, Cherry Grass
blue_skies:everbright_cherry_grass, Cherry Grass Block
blue_skies:everdawn_cherry_grass, Cherry Grass Block
blue_skies:cherry_leaves, Cherry Leaves
blue_skies:cherry_log, Cherry Wood
blue_skies:cherry_planks, Cherry Wood Planks
blue_skies:cherry_sapling, Cherry Sapling
blue_skies:cherry_crafting_table, Cherry Crafting Table
blue_skies:cherry_chest, Cherry Chest
blue_skies:cherry_pie, Cherry Pie
blue_skies:nectarine_sapling, Nectarine Sapling
blue_skies:nectarine_leaves, Nectarine Leaves
blue_skies:igneous_root, Igneous Root
blue_skies:charoite_block, Charoite Block
blue_skies:diopside_block, Diopside Block
blue_skies:pyrope_block, Pyrope Block
blue_skies:turquoise_block, Turquoise Block
blue_skies:horizonite_block, Horizonite Block
blue_skies:moonstone_block, Moonstone Block
blue_skies:moonstone, Moonstone
blue_skies:moonstone_lantern, Moonstone Lantern
blue_skies:star_flare, Star Flare
blue_skies:blue_fire, Blue Fire
blue_skies:black_fire, Dark Fire
blue_skies:upsidedown_blue_fire, Gravity Defying Blue Fire
blue_skies:upsidedown_black_fire, Gravity Defying Dark Fire
blue_skies:crystal_glass, Crystal Glass
blue_skies:crystal_glass_pane, Crystal Glass Pane
blue_skies:midnight_glass, Midnight Glass
blue_skies:midnight_glass_pane, Midnight Glass Pane
blue_skies:everbright_portal, Everbright Portal Block
blue_skies:everdawn_portal, Everdawn Portal Block
blue_skies:bluebright_door, Bluebright Door
blue_skies:starlit_door, Starlit Door
blue_skies:frostbright_door, Frostbright Door
blue_skies:lunar_door, Lunar Door
blue_skies:dusk_door, Dusk Door
blue_skies:maple_door, Maple Door
blue_skies:cherry_door, Cherry Door
blue_skies:bluebright_bookshelf, Bluebright Bookshelf
blue_skies:starlit_bookshelf, Starlit Bookshelf
blue_skies:frostbright_bookshelf, Frostbright Bookshelf
blue_skies:lunar_bookshelf, Lunar Bookshelf
blue_skies:dusk_bookshelf, Dusk Bookshelf
blue_skies:maple_bookshelf, Maple Bookshelf
blue_skies:cherry_bookshelf, Cherry Bookshelf
blue_skies:bluebright_ladder, Bluebright Ladder
blue_skies:starlit_ladder, Starlit Ladder
blue_skies:frostbright_ladder, Frostbright Ladder
blue_skies:lunar_ladder, Lunar Ladder
blue_skies:dusk_ladder, Dusk Ladder
blue_skies:maple_ladder, Maple Ladder
blue_skies:cherry_ladder, Cherry Ladder
blue_skies:bluebright_fence, Bluebright Fence
blue_skies:starlit_fence, Starlit Fence
blue_skies:frostbright_fence, Frostbright Fence
blue_skies:lunar_fence, Lunar Fence
blue_skies:dusk_fence, Dusk Fence
blue_skies:maple_fence, Maple Fence
blue_skies:cherry_fence, Cherry Fence
blue_skies:bluebright_fence_gate, Bluebright Fence Gate
blue_skies:starlit_fence_gate, Starlit Fence Gate
blue_skies:frostbright_fence_gate, Frostbright Fence Gate
blue_skies:lunar_fence_gate, Lunar Fence Gate
blue_skies:dusk_fence_gate, Dusk Fence Gate
blue_skies:maple_fence_gate, Maple Fence Gate
blue_skies:cherry_fence_gate, Cherry Fence Gate
blue_skies:bluebright_trapdoor, Bluebright Trapdoor
blue_skies:starlit_trapdoor, Starlit Trapdoor
blue_skies:frostbright_trapdoor, Frostbright Trapdoor
blue_skies:lunar_trapdoor, Lunar Trapdoor
blue_skies:dusk_trapdoor, Dusk Trapdoor
blue_skies:maple_trapdoor, Maple Trapdoor
blue_skies:cherry_trapdoor, Cherry Trapdoor
blue_skies:moonstone_pressure_plate, Moonstone Pressure Plate
blue_skies:turquoise_stone_pressure_plate, Turquoise Stone Pressure Plate
blue_skies:lunar_stone_pressure_plate, Lunar Stone Pressure Plate
blue_skies:bluebright_pressure_plate, Bluebright Pressure Plate
blue_skies:starlit_pressure_plate, Starlit Pressure Plate
blue_skies:frostbright_pressure_plate, Frostbright Pressure Plate
blue_skies:lunar_pressure_plate, Lunar Pressure Plate
blue_skies:dusk_pressure_plate, Dusk Pressure Plate
blue_skies:maple_pressure_plate, Maple Pressure Plate
blue_skies:cherry_pressure_plate, Cherry Pressure Plate
blue_skies:turquoise_stone_button, Turquoise Stone Button
blue_skies:lunar_stone_button, Lunar Stone Button
blue_skies:bluebright_button, Bluebright Button
blue_skies:starlit_button, Starlit Button
blue_skies:frostbright_button, Frostbright Button
blue_skies:lunar_button, Lunar Button
blue_skies:dusk_button, Dusk Button
blue_skies:maple_button, Maple Button
blue_skies:cherry_button, Cherry Button
blue_skies:turquoise_lever, Turquoise Lever
blue_skies:lunar_lever, Lunar Lever
blue_skies:keystone:0, §5Poison Keystone
blue_skies:keystone:1, §7Blinding Keystone
blue_skies:keystone:2, §2Nature Keystone
blue_skies:keystone:3, §cLife Keystone
blue_skies:keystone:4, §9Aquatic Keystone
blue_skies:dungeon_block:0, §5Poison Stone
blue_skies:dungeon_block:1, §5Glowing Poison Stone
blue_skies:dungeon_block:2, §7Blinding Stone
blue_skies:dungeon_block:3, §7Glowing Blinding Stone
blue_skies:dungeon_block:4, §2Nature Stone
blue_skies:dungeon_block:5, §2Glowing Nature Stone
blue_skies:dungeon_block:6, §cLife Stone
blue_skies:dungeon_block:7, §cGlowing Life Stone
blue_skies:dungeon_block:8, §9Aquatic Stone
blue_skies:dungeon_block:9, §9Glowing Aquatic Stone
blue_skies:protection_broadstone, Protection Broadstone
blue_skies:poison_slab, §5Poison Slab
blue_skies:glowing_poison_slab, §5Glowing Poison Slab
blue_skies:silver_slab, §7Blinding Slab
blue_skies:glowing_silver_slab, §7Glowing Blinding Slab
blue_skies:nature_slab, §2Nature Slab
blue_skies:glowing_nature_slab, §2Glowing Nature Slab
blue_skies:life_slab, §cLife Slab
blue_skies:glowing_life_slab, §cGlowing Life Slab
blue_skies:aquatic_slab, §9Aquatic Slab
blue_skies:glowing_aquatic_slab, §9Glowing Aquatic Slab
blue_skies:poison_stairs, §5Poison Stairs
blue_skies:glowing_poison_stairs, §5Glowing Poison Stairs
blue_skies:silver_stairs, §7Blinding Stairs
blue_skies:glowing_silver_stairs, §7Glowing Blinding Stairs
blue_skies:nature_stairs, §2Nature Stairs
blue_skies:glowing_nature_stairs, §2Glowing Nature Stairs
blue_skies:life_stairs, §cLife Stairs
blue_skies:glowing_life_stairs, §cGlowing Life Stairs
blue_skies:aquatic_stairs, §9Aquatic Stairs
blue_skies:glowing_aquatic_stairs, §9Glowing Aquatic Stairs
blue_skies:bluebright_slab, Bluebright Wood Slab
blue_skies:starlit_slab, Starlit Wood Slab
blue_skies:frostbright_slab, Frostbright Wood Slab
blue_skies:lunar_slab, Lunar Wood Slab
blue_skies:dusk_slab, Dusk Wood Slab
blue_skies:maple_slab, Maple Wood Slab
blue_skies:cherry_slab, Cherry Wood Slab
blue_skies:turquoise_cobblestone_slab, Turquoise Cobblestone Slab
blue_skies:mossy_turquoise_cobblestone_slab, Mossy Turquoise Cobblestone Slab
blue_skies:turquoise_stonebrick_slab, Turquoise Stone Brick Slab
blue_skies:mossy_turquoise_stonebrick_slab, Mossy Turquoise Stone Brick Slab
blue_skies:cracked_turquoise_stonebrick_slab, Cracked Turquoise Stone Brick Slab
blue_skies:lunar_cobblestone_slab, Lunar Cobblestone Slab
blue_skies:mossy_lunar_cobblestone_slab, Mossy Lunar Cobblestone Slab
blue_skies:lunar_stonebrick_slab, Lunar Stone Brick Slab
blue_skies:mossy_lunar_stonebrick_slab, Mossy Lunar Stone Brick Slab
blue_skies:cracked_lunar_stonebrick_slab, Cracked Lunar Stone Brick Slab
blue_skies:midnight_sandstone_slab, Midnight Sandstone Slab
blue_skies:crystal_sandstone_slab, Crystal Sandstone Slab
blue_skies:turquoise_cobblestone_wall, Turquoise Cobblestone Wall
blue_skies:mossy_turquoise_cobblestone_wall, Mossy Turquoise Cobblestone Wall
blue_skies:turquoise_stonebrick_wall, Turquoise Stone Brick Wall
blue_skies:mossy_turquoise_stonebrick_wall, Mossy Turquoise Stone Brick Wall
blue_skies:cracked_turquoise_stonebrick_wall, Cracked Turquoise Stone Brick Wall
blue_skies:lunar_cobblestone_wall, Lunar Cobblestone Wall
blue_skies:mossy_lunar_cobblestone_wall, Mossy Lunar Cobblestone Wall
blue_skies:lunar_stonebrick_wall, Lunar Stone Brick Wall
blue_skies:mossy_lunar_stonebrick_wall, Mossy Lunar Stone Brick Wall
blue_skies:cracked_lunar_stonebrick_wall, Cracked Lunar Stone Brick Wall
blue_skies:poison_wall, §5Poison Wall
blue_skies:glowing_poison_wall, §5Glowing Poison Wall
blue_skies:silver_wall, §7Blinding Wall
blue_skies:glowing_silver_wall, §7Glowing Blinding Wall
blue_skies:nature_wall, §2Nature Wall
blue_skies:glowing_nature_wall, §2Glowing Nature Wall
blue_skies:life_wall, §cLife Wall
blue_skies:glowing_life_wall, §cGlowing Life Wall
blue_skies:aquatic_wall, §9Aquatic Wall
blue_skies:glowing_aquatic_wall, §9Glowing Aquatic Wall
blue_skies:bluebright_stairs, Bluebright Wood Stairs
blue_skies:starlit_stairs, Starlit Wood Stairs
blue_skies:frostbright_stairs, Frostbright Wood Stairs
blue_skies:lunar_stairs, Lunar Wood Stairs
blue_skies:dusk_stairs, Dusk Wood Stairs
blue_skies:maple_stairs, Maple Wood Stairs
blue_skies:cherry_stairs, Cherry Wood Stairs
blue_skies:turquoise_stonebrick_stairs, Turquoise Stone Brick Stairs
blue_skies:mossy_turquoise_stonebrick_stairs, Mossy Turquoise Stone Brick Stairs
blue_skies:cracked_turquoise_stonebrick_stairs, Cracked Turquoise Stone Brick Stairs
blue_skies:turquoise_cobblestone_stairs, Turquoise Cobblestone Stairs
blue_skies:mossy_turquoise_cobblestone_stairs, Mossy Turquoise Cobblestone Stairs
blue_skies:lunar_stonebrick_stairs, Lunar Stone Brick Stairs
blue_skies:mossy_lunar_stonebrick_stairs, Mossy Lunar Stone Brick Stairs
blue_skies:cracked_lunar_stonebrick_stairs, Cracked Lunar Stone Brick Stairs
blue_skies:lunar_cobblestone_stairs, Lunar Cobblestone Stairs
blue_skies:mossy_lunar_cobblestone_stairs, Mossy Lunar Cobblestone Stairs
blue_skies:midnight_sandstone_stairs, Midnight Sandstone Stairs
blue_skies:crystal_sandstone_stairs, Crystal Sandstone Stairs
blue_skies:cherry, Cherry
blue_skies:cabbage, Cabbage
blue_skies:green_bean, Green Bean
blue_skies:peanut, Peanut
blue_skies:cryo_root, Cryo Root
blue_skies:tomato, Tomato
blue_skies:corn, Corn
blue_skies:nectarine, Nectarine
blue_skies:raspberry, Raspberry
blue_skies:pink_raspberry, Pink Raspberry
blue_skies:black_raspberry, Black Raspberry
blue_skies:raw_azulfo_beef, Raw Carabeef
blue_skies:azulfo_steak, Smoked Carabeef
blue_skies:raw_venison, Raw Venison
blue_skies:venison_steak, Venison Steak
blue_skies:zeal_lighter, Zeal Lighter
blue_skies:dungeon_key, Dungeon Key
blue_skies:bluebright_stick, Bluebright Stick
blue_skies:lunar_stick, Lunar Stick
blue_skies:cherry_stick, Cherry Stick
blue_skies:diopside_gem, Diopside Gemstone
blue_skies:pyrope_gem, Pyrope Gemstone
blue_skies:turquoise_gem, Turquoise Gemstone
blue_skies:charoite, Charoite
blue_skies:moonstone_shard, Moonstone Shard
blue_skies:azulfo_horn, Azulfo Horn
blue_skies:fox_fur, Fox Fur
blue_skies:falsite_ingot, Falsite Ingot
blue_skies:ventium_ingot, Ventium Ingot
blue_skies:horizonite_ingot, Horizonite Ingot
blue_skies:arcs:0, §7Dusk Arc
blue_skies:arcs:1, §5Poisonous Arc
blue_skies:arcs:2, §cHellfire Arc
blue_skies:arcs:3, §2Wildlife Arc
blue_skies:arcs:4, §9Aquatic Arc
blue_skies:arcs:5, §eRunic Arc
blue_skies:arcs:6, §3Ethereal Arc
blue_skies:blue_lore, Blue Lore
blue_skies:lost_page, Lost Page
blue_skies:ventium_shears, Ventium Shears
blue_skies:ventium_bucket:0, Ventium Bucket
blue_skies:ventium_bucket:1, Ventium Water Bucket
blue_skies:ventium_bucket:2, Ventium Lava Bucket
blue_skies:ventium_bucket:3, Ventium Milk Bucket
blue_skies:infused_arc_sword, Infused Arc Sword
blue_skies:different_sword, Different Sword
blue_skies:cherry_wood_axe, Cherry Wood Axe
blue_skies:cherry_wood_pickaxe, Cherry Wood Pickaxe
blue_skies:cherry_wood_shovel, Cherry Wood Shovel
blue_skies:cherry_wood_sword, Cherry Wood Sword
blue_skies:cherry_wood_hoe, Cherry Wood Hoe
blue_skies:lunar_wood_axe, Lunar Wood Axe
blue_skies:lunar_wood_pickaxe, Lunar Wood Pickaxe
blue_skies:lunar_wood_shovel, Lunar Wood Shovel
blue_skies:lunar_wood_sword, Lunar Wood Sword
blue_skies:lunar_wood_hoe, Lunar Wood Hoe
blue_skies:bluebright_wood_axe, Bluebright Wood Axe
blue_skies:bluebright_wood_pickaxe, Bluebright Wood Pickaxe
blue_skies:bluebright_wood_shovel, Bluebright Wood Shovel
blue_skies:bluebright_wood_sword, Bluebright Wood Sword
blue_skies:bluebright_wood_hoe, Bluebright Wood Hoe
blue_skies:lunar_stone_axe, Lunar Stone Axe
blue_skies:lunar_stone_pickaxe, Lunar Stone Pickaxe
blue_skies:lunar_stone_shovel, Lunar Stone Shovel
blue_skies:lunar_stone_sword, Lunar Stone Sword
blue_skies:lunar_stone_hoe, Lunar Stone Hoe
blue_skies:turquoise_stone_axe, Turquoise Stone Axe
blue_skies:turquoise_stone_pickaxe, Turquoise Stone Pickaxe
blue_skies:turquoise_stone_shovel, Turquoise Stone Shovel
blue_skies:turquoise_stone_sword, Turquoise Stone Sword
blue_skies:turquoise_stone_hoe, Turquoise Stone Hoe
blue_skies:everbright_turquoise_axe, Turquoise Axe
blue_skies:everbright_turquoise_pickaxe, Turquoise Pickaxe
blue_skies:everbright_turquoise_shovel, Turquoise Shovel
blue_skies:everbright_turquoise_sword, Turquoise Sword
blue_skies:everbright_turquoise_hoe, Turquoise Hoe
blue_skies:everbright_pyrope_axe, Pyrope Axe
blue_skies:everbright_pyrope_pickaxe, Pyrope Pickaxe
blue_skies:everbright_pyrope_shovel, Pyrope Shovel
blue_skies:everbright_pyrope_sword, Pyrope Sword
blue_skies:everbright_pyrope_hoe, Pyrope Hoe
blue_skies:everbright_charoite_axe, Charoite Axe
blue_skies:everbright_charoite_pickaxe, Charoite Pickaxe
blue_skies:everbright_charoite_shovel, Charoite Shovel
blue_skies:everbright_charoite_sword, Charoite Sword
blue_skies:everbright_charoite_hoe, Charoite Hoe
blue_skies:everbright_diopside_axe, Diopside Axe
blue_skies:everbright_diopside_pickaxe, Diopside Pickaxe
blue_skies:everbright_diopside_shovel, Diopside Shovel
blue_skies:everbright_diopside_sword, Diopside Sword
blue_skies:everbright_diopside_hoe, Diopside Hoe
blue_skies:everdawn_turquoise_axe, Turquoise Axe
blue_skies:everdawn_turquoise_pickaxe, Turquoise Pickaxe
blue_skies:everdawn_turquoise_shovel, Turquoise Shovel
blue_skies:everdawn_turquoise_sword, Turquoise Sword
blue_skies:everdawn_turquoise_hoe, Turquoise Hoe
blue_skies:everdawn_pyrope_axe, Pyrope Axe
blue_skies:everdawn_pyrope_pickaxe, Pyrope Pickaxe
blue_skies:everdawn_pyrope_shovel, Pyrope Shovel
blue_skies:everdawn_pyrope_sword, Pyrope Sword
blue_skies:everdawn_pyrope_hoe, Pyrope Hoe
blue_skies:everdawn_charoite_axe, Charoite Axe
blue_skies:everdawn_charoite_pickaxe, Charoite Pickaxe
blue_skies:everdawn_charoite_shovel, Charoite Shovel
blue_skies:everdawn_charoite_sword, Charoite Sword
blue_skies:everdawn_charoite_hoe, Charoite Hoe
blue_skies:everdawn_diopside_axe, Diopside Axe
blue_skies:everdawn_diopside_pickaxe, Diopside Pickaxe
blue_skies:everdawn_diopside_shovel, Diopside Shovel
blue_skies:everdawn_diopside_sword, Diopside Sword
blue_skies:everdawn_diopside_hoe, Diopside Hoe
blue_skies:horizonite_axe, Horizonite Axe
blue_skies:horizonite_pickaxe, Horizonite Pickaxe
blue_skies:horizonite_shovel, Horizonite Shovel
blue_skies:horizonite_sword, Horizonite Sword
blue_skies:horizonite_hoe, Horizonite Hoe
blue_skies:mudkipz_sword, Mudkipz Sword
blue_skies:pyrope_helmet, Pyrope Helmet
blue_skies:pyrope_chestplate, Pyrope Chestplate
blue_skies:pyrope_leggings, Pyrope Leggings
blue_skies:pyrope_boots, Pyrope Boots
blue_skies:turquoise_helmet, Turquoise Helmet
blue_skies:turquoise_chestplate, Turquoise Chestplate
blue_skies:turquoise_leggings, Turquoise Leggings
blue_skies:turquoise_boots, Turquoise Boots
blue_skies:diopside_helmet, Diopside Helmet
blue_skies:diopside_chestplate, Diopside Chestplate
blue_skies:diopside_leggings, Diopside Leggings
blue_skies:diopside_boots, Diopside Boots
blue_skies:charoite_helmet, Charoite Helmet
blue_skies:charoite_chestplate, Charoite Chestplate
blue_skies:charoite_leggings, Charoite Leggings
blue_skies:charoite_boots, Charoite Boots
blue_skies:horizonite_helmet, Horizonite Helmet
blue_skies:horizonite_chestplate, Horizonite Chestplate
blue_skies:horizonite_leggings, Horizonite Leggings
blue_skies:horizonite_boots, Horizonite Boots
blue_skies:shadow_helmet, Shadow Helmet
blue_skies:shadow_chestplate, Shadow Chestplate
blue_skies:shadow_leggings, Shadow Leggings
blue_skies:shadow_boots, Shadow Boots
blue_skies:welcome_to_the_sky, Sky Music Disc
blue_skies:calm_waters, Sky Music Disc
blue_skies:voyage, Sky Music Disc
blue_skies:devine, Sky Music Disc
blue_skies:soul, Sky Music Disc
blue_skies:neon, Sky Music Disc
blue_skies:cabbage_seeds, Cabbage Seeds
blue_skies:green_bean_seeds, Green Bean Seeds
blue_skies:tomato_seeds, Tomato Seeds
blue_skies:corn_seeds, Corn Seeds
blue_skies:multi_portal_item, item.multi_portal_item.name
blue_skies:mob_attacker, Mob Attacker
bountiful:bounty, Bounty
bountiful:bountyboarditem, Bounty Board
buildcraftcore:spring:0, Water Spring
buildcraftcore:spring:1, Oil Spring
buildcraftcore:decorated:0, tile.decorated.destroy.name
buildcraftcore:decorated:1, Blueprint (Decoration)
buildcraftcore:decorated:2, Template (Decoration)
buildcraftcore:decorated:3, tile.decorated.paper.name
buildcraftcore:decorated:4, tile.decorated.leather.name
buildcraftcore:decorated:5, Laser (Decoration)
buildcraftcore:marker_volume, Land Mark
buildcraftcore:marker_path, Path Mark
buildcraftcore:engine:0, Redstone Engine
buildcraftcore:engine:1, Stirling Engine
buildcraftcore:engine:2, Combustion Engine
buildcraftcore:engine:3, Creative Engine
buildcraftcore:wrench, Wrench
buildcraftcore:gear_wood, Wood Gear
buildcraftcore:gear_stone, Stone Gear
buildcraftcore:gear_iron, Iron Gear
buildcraftcore:gear_gold, Gold Gear
buildcraftcore:gear_diamond, Diamond Gear
buildcraftcore:paintbrush:64, Paintbrush
buildcraftcore:paintbrush:0, §z§0§fWhite§r Paintbrush
buildcraftcore:paintbrush:0, §z§1§6Orange§r Paintbrush
buildcraftcore:paintbrush:0, §z§2§dMagenta§r Paintbrush
buildcraftcore:paintbrush:0, §z§3§bLight Blue§r Paintbrush
buildcraftcore:paintbrush:0, §z§4§eYellow§r Paintbrush
buildcraftcore:paintbrush:0, §z§5§aLime§r Paintbrush
buildcraftcore:paintbrush:0, §z§6§dPink§r Paintbrush
buildcraftcore:paintbrush:0, §z§7§7Gray§r Paintbrush
buildcraftcore:paintbrush:0, §z§8§7Light Gray§r Paintbrush
buildcraftcore:paintbrush:0, §z§9§3Cyan§r Paintbrush
buildcraftcore:paintbrush:0, §z§a§dPurple§r Paintbrush
buildcraftcore:paintbrush:0, §9§9Blue§r Paintbrush
buildcraftcore:paintbrush:0, §z§c§6Brown§r Paintbrush
buildcraftcore:paintbrush:0, §z§d§aGreen§r Paintbrush
buildcraftcore:paintbrush:0, §z§e§cRed§r Paintbrush
buildcraftcore:paintbrush:0, §0§7Black§r Paintbrush
buildcraftcore:list, List
buildcraftcore:map_location:0, Map Location
buildcraftcore:marker_connector, Marker Connector
buildcraftcore:volume_box, item.volume_box.name
buildcraftcore:fragile_fluid_shard, Fragile %s Shard
buildcraftbuilders:snapshot:2, Blueprint
buildcraftbuilders:snapshot:0, Template
buildcraftbuilders:schematic_single:0, Single Block Schematic
buildcraftbuilders:filler_planner, Filler Planner
buildcraftbuilders:filler, Filler
buildcraftbuilders:builder, Builder
buildcraftbuilders:architect, Architect Table
buildcraftbuilders:library, Electronic Library
buildcraftbuilders:replacer, tile.replacerBlock.name
buildcraftbuilders:frame, Frame
buildcraftbuilders:quarry, Quarry
buildcrafttransport:pipe_structure:0, Cobblestone Structure Pipe
buildcrafttransport:pipe_wood_item:0, Wooden Transport Pipe
buildcrafttransport:pipe_cobble_item:0, Cobblestone Transport Pipe
buildcrafttransport:pipe_stone_item:0, Stone Transport Pipe
buildcrafttransport:pipe_quartz_item:0, Quartz Transport Pipe
buildcrafttransport:pipe_iron_item:0, Iron Transport Pipe
buildcrafttransport:pipe_gold_item:0, Golden Transport Pipe
buildcrafttransport:pipe_clay_item:0, Clay Transport Pipe
buildcrafttransport:pipe_sandstone_item:0, Sandstone Transport Pipe
buildcrafttransport:pipe_void_item:0, Void Transport Pipe
buildcrafttransport:pipe_obsidian_item:0, Obsidian Transport Pipe
buildcrafttransport:pipe_diamond_item:0, Diamond Transport Pipe
buildcrafttransport:pipe_diamond_wood_item:0, Wooden Diamond Transport Pipe
buildcrafttransport:pipe_lapis_item:0, Lazuli Transport Pipe
buildcrafttransport:pipe_daizuli_item:0, Daizuli Transport Pipe
buildcrafttransport:pipe_emzuli_item:0, Emzuli Transport Pipe
buildcrafttransport:pipe_stripes_item:0, Stripes Transport Pipe
buildcrafttransport:pipe_wood_fluid:0, Wooden Fluid Pipe
buildcrafttransport:pipe_cobble_fluid:0, Cobblestone Fluid Pipe
buildcrafttransport:pipe_stone_fluid:0, Stone Fluid Pipe
buildcrafttransport:pipe_quartz_fluid:0, Quartz Fluid Pipe
buildcrafttransport:pipe_gold_fluid:0, Golden Fluid Pipe
buildcrafttransport:pipe_iron_fluid:0, Iron Fluid Pipe
buildcrafttransport:pipe_clay_fluid:0, Clay Fluid Pipe
buildcrafttransport:pipe_sandstone_fluid:0, Sandstone Fluid Pipe
buildcrafttransport:pipe_void_fluid:0, Void Fluid Pipe
buildcrafttransport:pipe_diamond_fluid:0, Diamond Fluid Pipe
buildcrafttransport:pipe_diamond_wood_fluid:0, Wooden Diamond Fluid Pipe
buildcrafttransport:pipe_wood_power:0, Wooden Kinesis Pipe
buildcrafttransport:pipe_cobble_power:0, Cobblestone Kinesis Pipe
buildcrafttransport:pipe_stone_power:0, Stone Kinesis Pipe
buildcrafttransport:pipe_quartz_power:0, Quartz Kinesis Pipe
buildcrafttransport:pipe_iron_power:0, Iron Kinesis Pipe
buildcrafttransport:pipe_gold_power:0, Golden Kinesis Pipe
buildcrafttransport:pipe_sandstone_power:0, Sandstone Kinesis Pipe
buildcrafttransport:pipe_diamond_power:0, Diamond Kinesis Pipe
buildcrafttransport:pipe_diamond_wood_power:0, Wooden Diamond Kinesis Pipe
buildcrafttransport:pipe_wood_rf:0, Wooden Redstone Flux Pipe
buildcrafttransport:pipe_cobble_rf:0, Cobblestone Redstone Flux Pipe
buildcrafttransport:pipe_stone_rf:0, Stone Redstone Flux Pipe
buildcrafttransport:pipe_quartz_rf:0, Quartz Redstone Flux Pipe
buildcrafttransport:pipe_iron_rf:0, Iron Redstone Flux Pipe
buildcrafttransport:pipe_gold_rf:0, Golden Redstone Flux Pipe
buildcrafttransport:pipe_sandstone_rf:0, item.PipeRedstoneFluxSandstone.name
buildcrafttransport:pipe_diamond_rf:0, Diamond Redstone Flux Pipe
buildcrafttransport:pipe_diamond_wood_rf:0, Wooden Diamond Redstone Flux Pipe
buildcrafttransport:filtered_buffer, Filtered Buffer
buildcrafttransport:waterproof, Pipe Sealant
buildcrafttransport:plug_blocker, Pipe Plug
buildcrafttransport:plug_power_adaptor, Power Adapter
buildcrafttransport:wire:0, §z§0§fWhite§r Pipe Wire
buildcrafttransport:wire:1, §z§1§6Orange§r Pipe Wire
buildcrafttransport:wire:2, §z§2§dMagenta§r Pipe Wire
buildcrafttransport:wire:3, §z§3§bLight Blue§r Pipe Wire
buildcrafttransport:wire:4, §z§4§eYellow§r Pipe Wire
buildcrafttransport:wire:5, §z§5§aLime§r Pipe Wire
buildcrafttransport:wire:6, §z§6§dPink§r Pipe Wire
buildcrafttransport:wire:7, §z§7§7Gray§r Pipe Wire
buildcrafttransport:wire:8, §z§8§7Light Gray§r Pipe Wire
buildcrafttransport:wire:9, §z§9§3Cyan§r Pipe Wire
buildcrafttransport:wire:10, §z§a§dPurple§r Pipe Wire
buildcrafttransport:wire:11, §9§9Blue§r Pipe Wire
buildcrafttransport:wire:12, §z§c§6Brown§r Pipe Wire
buildcrafttransport:wire:13, §z§d§aGreen§r Pipe Wire
buildcrafttransport:wire:14, §z§e§cRed§r Pipe Wire
buildcrafttransport:wire:15, §0§7Black§r Pipe Wire
buildcraftsilicon:laser, Laser
buildcraftsilicon:assembly_table, Assembly Table
buildcraftsilicon:advanced_crafting_table, Advanced Crafting Table
buildcraftsilicon:integration_table, Integration Table
buildcraftsilicon:redstone_chipset:0, Redstone Chipset
buildcraftsilicon:redstone_chipset:1, Iron Chipset
buildcraftsilicon:redstone_chipset:2, Golden Chipset
buildcraftsilicon:redstone_chipset:3, Quartz Chipset
buildcraftsilicon:redstone_chipset:4, Diamond Chipset
buildcraftsilicon:gate_copier, Gate Copier
buildcraftsilicon:plug_gate, item.gate.name
buildcraftsilicon:plug_lens:0, §0§7Black§r Lens
buildcraftsilicon:plug_lens:1, §z§e§cRed§r Lens
buildcraftsilicon:plug_lens:2, §z§d§aGreen§r Lens
buildcraftsilicon:plug_lens:3, §z§c§6Brown§r Lens
buildcraftsilicon:plug_lens:4, §9§9Blue§r Lens
buildcraftsilicon:plug_lens:5, §z§a§dPurple§r Lens
buildcraftsilicon:plug_lens:6, §z§9§3Cyan§r Lens
buildcraftsilicon:plug_lens:7, §z§8§7Light Gray§r Lens
buildcraftsilicon:plug_lens:8, §z§7§7Gray§r Lens
buildcraftsilicon:plug_lens:9, §z§6§dPink§r Lens
buildcraftsilicon:plug_lens:10, §z§5§aLime§r Lens
buildcraftsilicon:plug_lens:11, §z§4§eYellow§r Lens
buildcraftsilicon:plug_lens:12, §z§3§bLight Blue§r Lens
buildcraftsilicon:plug_lens:13, §z§2§dMagenta§r Lens
buildcraftsilicon:plug_lens:14, §z§1§6Orange§r Lens
buildcraftsilicon:plug_lens:15, §z§0§fWhite§r Lens
buildcraftsilicon:plug_lens:16, §0§7Black§r Filter
buildcraftsilicon:plug_lens:17, §z§e§cRed§r Filter
buildcraftsilicon:plug_lens:18, §z§d§aGreen§r Filter
buildcraftsilicon:plug_lens:19, §z§c§6Brown§r Filter
buildcraftsilicon:plug_lens:20, §9§9Blue§r Filter
buildcraftsilicon:plug_lens:21, §z§a§dPurple§r Filter
buildcraftsilicon:plug_lens:22, §z§9§3Cyan§r Filter
buildcraftsilicon:plug_lens:23, §z§8§7Light Gray§r Filter
buildcraftsilicon:plug_lens:24, §z§7§7Gray§r Filter
buildcraftsilicon:plug_lens:25, §z§6§dPink§r Filter
buildcraftsilicon:plug_lens:26, §z§5§aLime§r Filter
buildcraftsilicon:plug_lens:27, §z§4§eYellow§r Filter
buildcraftsilicon:plug_lens:28, §z§3§bLight Blue§r Filter
buildcraftsilicon:plug_lens:29, §z§2§dMagenta§r Filter
buildcraftsilicon:plug_lens:30, §z§1§6Orange§r Filter
buildcraftsilicon:plug_lens:31, §z§0§fWhite§r Filter
buildcraftsilicon:plug_lens:32, Clear Lens
buildcraftsilicon:plug_lens:33, Clear Filter
buildcraftsilicon:plug_pulsar, Pipe Pulsar
buildcraftsilicon:plug_light_sensor, Light Sensor
buildcraftsilicon:plug_timer, Timer
buildcraftenergy:glob_of_oil, item.globOil.name
buildcraftfactory:autoworkbench_item, Auto Workbench
buildcraftfactory:mining_well, Mining Well
buildcraftfactory:pump, Pump
buildcraftfactory:flood_gate, Flood Gate
buildcraftfactory:tank, Tank
buildcraftfactory:chute, Chute
buildcraftfactory:distiller, Distiller
buildcraftfactory:heat_exchange, Heat Exchanger
buildcraftfactory:water_gel_spawn, Water Gelifier
buildcraftfactory:gel, Gelled Water
buildcraftrobotics:zone_planner, Zone Planner
endercrop:ender_crop, Ender Crop
endercrop:tilled_end_stone, Tilled End Stone
endercrop:ender_seeds, Ender Seeds
ichunutil:compact_porkchop, Compact Raw Porkchop
grapplemod:grapplinghook, Grappling Hook
grapplemod:block_grapple_modifier, Grappling Hook Modifier
grapplemod:enderhook, Grappling Hook
grapplemod:magnethook, Grappling Hook
grapplemod:rockethook, Grappling Hook
grapplemod:motorhook, Grappling Hook
grapplemod:smarthook, Grappling Hook
grapplemod:doublemotorhook, Grappling Hook
grapplemod:rocketdoublemotorhook, Grappling Hook
grapplemod:launcheritem, Ender Staff
grapplemod:repeller, Magnetic Forcefield
grapplemod:longfallboots, Long Fall Boots
grapplemod:baseupgradeitem, Base Grappling Hook Upgrade
grapplemod:ropeupgradeitem, Rope Grappling Hook Upgrade
grapplemod:throwupgradeitem, Hook Thrower Grappling Hook Upgrade
grapplemod:motorupgradeitem, Motor Grappling Hook Upgrade
grapplemod:swingupgradeitem, Swing Grappling Hook Upgrade
grapplemod:staffupgradeitem, Ender Staff Grappling Hook Upgrade
grapplemod:forcefieldupgradeitem, Forcefield Grappling Hook Upgrade
grapplemod:magnetupgradeitem, Hook Magnet Grappling Hook Upgrade
grapplemod:doubleupgradeitem, Double Grappling Hook Upgrade
grapplemod:rocketupgradeitem, Rocket Grappling Hook Upgrade
grapplemod:limitsupgradeitem, Limits Grappling Hook Upgrade
hammers:wooden_hammer, Wooden Hammer
hammers:stone_hammer, Stone Hammer
hammers:golden_hammer, Golden Hammer
hammers:iron_hammer, Iron Hammer
hammers:diamond_hammer, Diamond Hammer
hammers:enhanced_stick, Enhanced Stick
hammers:enhanced_wooden_hammer, Enhanced Wooden Hammer
hammers:enhanced_stone_hammer, Enhanced Stone Hammer
hammers:enhanced_golden_hammer, Enhanced Golden Hammer
hammers:enhanced_iron_hammer, Enhanced Iron Hammer
hammers:enhanced_diamond_hammer, Enhanced Diamond Hammer
lost_aether:crystal_sapling, Crystal Sapling
lost_aether:songstone, Songstone
lost_aether:gale_stone, Gale Stone
lost_aether:light_gale_stone, Light Gale Stone
lost_aether:locked_gale_stone, Locked Gale Stone
lost_aether:locked_light_gale_stone, Locked Light Gale Stone
lost_aether:gale_double_slab, tile.gale_double_slab.name
lost_aether:gale_slab:0, Gale Slab
lost_aether:gale_stairs, Gale Stairs
lost_aether:gale_wall, Gale Wall
lost_aether:phoenix_pickaxe, Phoenix Pickaxe
lost_aether:phoenix_axe, Phoenix Axe
lost_aether:phoenix_shovel, Phoenix Shovel
lost_aether:phoenix_sword, Phoenix Sword
lost_aether:phoenix_cape, Phoenix Cape
lost_aether:sentry_shield, Sentry Shield
lost_aether:invisibility_gem, Invisibility Gem
lost_aether:power_gloves, Power Gloves
lost_aether:swetty_mask, Swetty Mask
lost_aether:agility_boots, Agility Boots
lost_aether:zanite_shield, Zanite Shield
lost_aether:gravitite_shield, Gravitite Shield
lost_aether:jeb_shield, Shield of Jeb
lost_aether:platinum_key, Platinum Key
testdummy:dummy, Test Dummy
patchouli:guide_book, Guide Book
wrd:thedungeon_portal, tile.thedungeon_portal.name
wrd:thedungeon, Dungeon Tool
wrd:dungeonspawnl1, Dungeon gen
wrd:stairsgen, stairsgen
wrd:topgen, topgen
wrd:doornormal, Door closed
wrd:doormain, DoorUnlock
wrd:doorunlocked, Door Unlocked
wrd:normaldoorunlocked, Door Unlocked
wrd:doormaineast, DoorUnlock
wrd:doormainsouth, DoorUnlock
wrd:doormainwest, DoorUnlock
wrd:middleofaroom, Middleind
wrd:rgrass, Roguelike grass
wrd:rdirt, Roguelike Dirt
wrd:rleaves, Roguelike Leaves
wrd:rstone, Roguelike stone
wrd:rgrassflowers, Roguelike grass
wrd:rgrassmoreflowers, Roguelike grass
wrd:rgrassmuddy, Roguelike grass
wrd:rgrasswatery, Roguelike grass
wrd:rstonecracked, Roguelike stone
wrd:rstonemossy, Roguelike stone
wrd:rstonecarved, Roguelike stone
wrd:rstonebricks, Roguelike stonebrick
wrd:chestorspawnergen, chestgen
wrd:rmossybricks, Roguelike stonebrick
wrd:rcrackedbricks, Roguelike stonebrick
wrd:portalblock, Portal Block
wrd:teleblock, Teleblock
wrd:chestspawnergenmedium, chestgen
wrd:chestmobspawnerhard, chestgen
wrd:layer6spawn, chestgen
wrd:overgrownbricks, Roguelike stonebrick
wrd:factoryblock, Factory Wall
wrd:factoryblockmetal, Factory Wall
wrd:factoryblockblood, Factory Wall
wrd:factoryblockscratched, Factory Wall
wrd:pipe, Factory Pipe
wrd:pipe2, Factory Pipe closed
wrd:sawbladeblockoff, Saw Blade Block
wrd:sawbladeblockon, Saw Blade Block
wrd:sawbladeblockhitbox, sawbladehitbox
wrd:factoryblockopenwall, Factory Wall
wrd:gears, Gears
wrd:layer7spawn, chestgen
wrd:randomlootchest, random lootchest gen
wrd:sawbladehalf, Saw Blade Block
wrd:sawbladehalf2, Saw Blade Block
wrd:wallsawbladeblockoff, Saw Blade Block
wrd:wallsawbladeblockon, Saw Blade Block
wrd:wallsawbladeblockhitbox, sawbladehitbox
wrd:wallsawbladehalf, Saw Blade Block
wrd:wallsawbladehallf2, Saw Blade Block
wrd:factoryblocklucky, Factory Wall
wrd:factoryblockunlucky, Factory Wall
wrd:factoryburned1, Factory Wall
wrd:factoryburned2, Factory Wall
wrd:factoryburnedwires, Factory Wall
wrd:burnedluckyblock, Factory Wall
wrd:burnedunluckyblock, Factory Wall
wrd:factoryfirespawner, Saw Blade Block
wrd:buggedgears, Gears
wrd:northdoor2, DoorUnlock
wrd:eastdoor2, DoorUnlock
wrd:southdoor2, DoorUnlock
wrd:westdoor2, DoorUnlock
wrd:doornormal2, Door closed
wrd:layer9spawn, chestgen
wrd:castlebricks, Castle Bricks
wrd:castleskull, Castle Skull
wrd:castletrap, Castle Trap
wrd:castletraphalf, Castle Bricks
wrd:castletrapfull, Castle Bricks
wrd:castletraphalf2, Castle Bricks
wrd:hitboxcastletrap, castletraphitbox
wrd:castleskullnonactive, Castle Skull trap
wrd:castleskullactive, Castle Skull active trap
wrd:lazernorth, lazer-Z
wrd:lazersouth, lazer+Z
wrd:lazerwest, lazer-X
wrd:lazereast, lazer+X
wrd:lazerup, lazer+Y
wrd:lazerdown, lazer-Y
wrd:castlefloor, Castle Bricks
wrd:castlepillar, Castle Bricks
wrd:layer10spawn, chestgen
wrd:rockwallclosed, Castle Bricks
wrd:rockwallopen, Castle Bricks
wrd:closedstatue, Boss Statue
wrd:closedsttatue2, Boss Statue
wrd:closedstatue3, Boss Statue
wrd:closedstatue4, Boss Statue
wrd:meupper, Castle Bricks
wrd:meupperactive, Castle Bricks
wrd:melower, Castle Bricks
wrd:neverendingdungeons, Portal Block
wrd:skullblock, Portal Block
wrd:sandskullblock, Portal Block
wrd:normalskullblock, Portal Block
wrd:iceskullblock, Portal Block
wrd:jungleskullblock, Portal Block
wrd:netherskullblock, Portal Block
wrd:portalactivator, Portal Block
wrd:skull, Dungeon Skull
wrd:iceskull, Ice Dungeon Skull
wrd:desertskull, Desert Dungeon Skull
wrd:jungleskull, Jungle Dungeon Skull
wrd:netherskull, Nether Dungeon Skull
wrd:portalspawn, portalspawn
wrd:teleskullblock, teleskulllock
wrd:dungeonspawn, Dungeon spawn
wrd:stairsspawn, Dungeonstairs
wrd:halwayspawn, hallwayspawn
wrd:x8room, 8x8 room
wrd:x16room, 16x16 room
wrd:roomspawnergen, roomspawnergen
wrd:roomspawnlayer1, roomspawnlayer1
wrd:overworldnormalspawnerlayer1, chestgen
wrd:roomspawnerlayer1to2, 1to2
wrd:roomspawnergenreal, 1to2
wrd:overworlddesertspawner, chestgen
wrd:hallwayspawn2, hallwayspawn
wrd:overworldicespawner, chestgen
wrd:overworldjunglespawner, chestgen
wrd:netherspawner, chestgen
wrd:roomspawnergen2, 1to2
wrd:roomspawnergenreal2, 1to2
wrd:roomspawnergen3, 1to2
wrd:roomspawnergenreal3, 1to2
wrd:roomspawnergenlayer2to3, 1to2
wrd:roomspawnergen4, 1to2
wrd:roomspawnergenreal4, 1to2
wrd:roomspawnergenlayer3to4, 1to2
wrd:roomspawnerlayer4, roomspawnlayer1
wrd:finalspawner, chestgen
wrd:bossspawner, chestgen
wrd:dungeonspawnnether, Nether Dungeon Spawn
wrd:finalbossroomspawner, chestgen
wrd:odungeonspawn2, Dungeonspawn2
wrd:odungeonspawn3, Dungeonspawn2
wrd:diamondapple, Diamond Apple
wrd:enchanteddust, Enchanted Dust
wrd:enchantedsword, Dungeon Enchanted sword
wrd:enchantedpickaxe, Dungeon Enchanted Pickaxe
wrd:axeofpower, Dungeon Enchanted Axe
wrd:shovelofpower, Dungeon Enchanted Shovel
wrd:hoeofpower, Dungeon Enchanted Hoe
wrd:roomspawnblock, roomspawnlayer1
wrd:roomspawnl4, roomspawnlayer1
wrd:dungeonmazespawn, DungeonMazeSpawn
wrd:decayinggen, Decaying Gen
wrd:crackedsandstone, Cracked Sandstone
wrd:mossysandstone, Mossy Sandstone
wrd:outsidegen, OutsideGen
wrd:marker, Marker
witherskelefix:fragment, Wither Skull Fragment
witherskelefix:blade, Immolation Blade
witherskelefix:blade2, Blazing Immolation Blade
mysticalworld:copper_ingot, Copper Ingot
mysticalworld:copper_nugget, Copper Nugget
mysticalworld:copper_dust, Copper Dust
mysticalworld:copper_dust_tiny, Tiny Pile of Copper Dust
mysticalworld:silver_ingot, Silver Ingot
mysticalworld:silver_nugget, Silver Nugget
mysticalworld:silver_dust, Silver Dust
mysticalworld:silver_dust_tiny, Tiny Pile of Silver Dust
mysticalworld:amethyst_gem, Amethyst
mysticalworld:copper_helmet, Copper Helmet
mysticalworld:copper_chestplate, Copper Chestplate
mysticalworld:copper_leggings, Copper Leggings
mysticalworld:copper_boots, Copper Boots
mysticalworld:silver_helmet, Silver Helmet
mysticalworld:silver_chestplate, Silver Chestplate
mysticalworld:silver_leggings, Silver Leggings
mysticalworld:silver_boots, Silver Boots
mysticalworld:antler_hat, Antler Helm
mysticalworld:beetle_mask, Beetle Mask
mysticalworld:carapace, Carapace
mysticalworld:pelt, Pelt
mysticalworld:iron_dust, Iron Dust
mysticalworld:iron_dust_tiny, Tiny Pile of Iron Dust
mysticalworld:gold_dust, Gold Dust
mysticalworld:gold_dust_tiny, Tiny Pile of Gold Dust
mysticalworld:antlers, Antlers
mysticalworld:venison, Venison
mysticalworld:raw_squid, Raw Squid
mysticalworld:cooked_venison, Cooked Venison
mysticalworld:cooked_squid, Calamari
mysticalworld:epic_squid, Epic Squid
mysticalworld:fish_and_chips, Fish & Chips
mysticalworld:cooked_beetroot, Cooked Beetroot
mysticalworld:cooked_carrot, Cooked Carrot
mysticalworld:beetroot_salad, Beetroot Salad
mysticalworld:cactus_dandelion_salad, Cactus Dandelion Salad
mysticalworld:aubergine_salad, Aubergine Salad
mysticalworld:stewed_eggplant, Stewed Eggplant
mysticalworld:ink_bottle, Bottle of Ink
mysticalworld:unripe_pearl, Unripe Pearl
mysticalworld:pearl, Lustrous Pearl
mysticalworld:pearleporter, Pearleporter
mysticalworld:assorted_seeds, Mixed Seeds
mysticalworld:cooked_seeds, Toasted Seeds
mysticalworld:amethyst_knife, Amethyst Knife
mysticalworld:copper_knife, Copper Knife
mysticalworld:silver_knife, Silver Knife
mysticalworld:aubergine_seed, Aubergine Seed
mysticalworld:aubergine, Aubergine
mysticalworld:cooked_aubergine, Cooked Aubergine
mysticalworld:stuffed_aubergine, Stuffed Aubergine
mysticalworld:silk_cocoon, Silk Cocoon
mysticalworld:silk_thread, Silk Thread
mysticalworld:spindle, Spindle
mysticalworld:silkworm_egg, Silkworm Egg
mysticalworld:gall_apple, Gall Apple
mysticalworld:wasp_attractant, Wasp Attractant
mysticalworld:tannins, Tannins
mysticalworld:copper_axe, Copper Axe
mysticalworld:copper_hoe, Copper Hoe
mysticalworld:copper_pickaxe, Copper Pickaxe
mysticalworld:copper_shovel, Copper Shovel
mysticalworld:copper_sword, Copper Sword
mysticalworld:silver_axe, Silver Axe
mysticalworld:silver_hoe, Silver Hoe
mysticalworld:silver_pickaxe, Silver Pickaxe
mysticalworld:silver_shovel, Silver Shovel
mysticalworld:silver_sword, Silver Sword
mysticalworld:amethyst_axe, Amethyst Axe
mysticalworld:amethyst_hoe, Amethyst Hoe
mysticalworld:amethyst_pickaxe, Amethyst Pickaxe
mysticalworld:amethyst_shovel, Amethyst Shovel
mysticalworld:amethyst_sword, Amethyst Sword
mysticalworld:thatch, Thatch
mysticalworld:thatch_slab, Thatch Slab
mysticalworld:thatch_stairs, Thatch Stairs
mysticalworld:thatch_wall, Thatch Wall
mysticalworld:charred_log, Charred Log
mysticalworld:charred_planks, Charred Planks
mysticalworld:charred_slab, Charred Slab
mysticalworld:charred_stairs, Charred Stairs
mysticalworld:charred_wall, Charred Wall
mysticalworld:charred_button, Charred Button
mysticalworld:charred_pressure_plate, Charred Pressure Plate
mysticalworld:charred_fence, Charred Fence
mysticalworld:charred_fence_gate, Charred Fence Gate
mysticalworld:mud_block, Mud Block
mysticalworld:mud_brick, Mud Brick
mysticalworld:wet_mud_block, Wet Mud Block
mysticalworld:wet_mud_brick, Wet Mud Brick
mysticalworld:mud_block_slab, Mud Block Slab
mysticalworld:mud_block_stairs, Mud Block Stairs
mysticalworld:mud_block_wall, Mud Block Wall
mysticalworld:mud_block_button, Mud Block Button
mysticalworld:mud_block_pressure_plate, Mud Block Pressure Plate
mysticalworld:mud_block_fence, Mud Block Fence
mysticalworld:mud_block_fence_gate, Mud Block Fence Gate
mysticalworld:mud_brick_slab, Mud Brick Slab
mysticalworld:mud_brick_stairs, Mud Brick Stairs
mysticalworld:mud_brick_wall, Mud Brick Wall
mysticalworld:mud_brick_button, Mud Brick Button
mysticalworld:mud_brick_pressure_plate, Mud Brick Pressure Plate
mysticalworld:mud_brick_fence, Mud Brick Fence
mysticalworld:mud_brick_fence_gate, Mud Brick Fence Gate
mysticalworld:pearl_block, Pearl Block
mysticalworld:pearl_slab, Pearl Slab
mysticalworld:pearl_stairs, Pearl Stairs
mysticalworld:pearl_wall, Pearl Wall
mysticalworld:pearl_button, Pearl Button
mysticalworld:pearl_pressure_plate, Pearl Pressure Plate
mysticalworld:pearl_fence, Pearl Fence
mysticalworld:pearl_fence_gate, Pearl Fence Gate
mysticalworld:copper_block, Block of Copper
mysticalworld:copper_ore, Copper Ore
mysticalworld:silver_block, Block of Silver
mysticalworld:silver_ore, Silver Ore
mysticalworld:amethyst_block, Block of Amethyst
mysticalworld:amethyst_ore, Amethyst Ore
mysticalworld:quartz_ore, Quartz Ore
mysticalworld:granite_quartz_ore, Quartz Ore